student_id,timestamp,attempt_number,subject,topic,difficulty,prior_attempts,overall_accuracy,subject_accuracy,topic_prior_attempts,topic_accuracy,recent_accuracy_5,recent_accuracy_10,topic_avg_response_time,topic_response_time_std,difficulty_accuracy,previous_correct,improvement_trend,hours_since_topic_attempt,mastered_label,synthetic_true_mastery,data_label
S00001,2025-01-02T19:32:22.529477+00:00,1,DSA,Strings,Easy,0.0,0.5,0.5,0.0,0.5,0.5,0.5,0.0,0.0,0.5,0.5,0.0,168.0,0,0.492552,SYNTHETIC / SIMULATED — NOT REAL STUDENT DATA
S00001,2025-01-03T13:18:34.475908+00:00,2,Operating Systems,CPU Scheduling,Medium,1.0,1.0,0.5,0.0,0.5,0.5,0.5,0.0,0.0,0.5,0.5,0.0,168.0,0,0.589923,SYNTHETIC / SIMULATED — NOT REAL STUDENT DATA
S00001,2025-01-05T01:23:20.437607+00:00,3,DSA,Arrays,Easy,2.0,0.5,1.0,0.0,0.5,0.5,0.5,0.0,0.0,0.5,0.5,0.0,168.0,1,0.832877,SYNTHETIC / SIMULATED — NOT REAL STUDENT DATA
S00001,2025-01-05T08:48:13.758700+00:00,4,Operating Systems,I/O Management,Hard,3.0,0.6666666666666666,0.0,0.0,0.5,0.5,0.5,0.0,0.0,0.5,0.5,0.0,168.0,0,0.430583,SYNTHETIC / SIMULATED — NOT REAL STUDENT DATA
S00001,2025-01-05T15:58:29.244765+00:00,5,DBMS,ER Model,Easy,4.0,0.5,0.5,0.0,0.5,0.5,0.5,0.0,0.0,0.5,0.5,0.0,168.0,0,0.696815,SYNTHETIC / SIMULATED — NOT REAL STUDENT DATA
S00001,2025-01-06T15:33:16.791239+00:00,6,DBMS,ER Model,Medium,5.0,0.6,1.0,1.0,1.0,1.0,1.0,66.08,0.0,0.5,1.0,0.0,23.579874020555557,1,0.706332,SYNTHETIC / SIMULATED — NOT REAL STUDENT DATA
S00001,2025-01-06T21:27:02.643182+00:00,7,DSA,Stack & Queue,Medium,6.0,0.6666666666666666,1.0,0.0,0.5,0.5,0.5,0.0,0.0,0.5,0.5,0.0,168.0,1,0.73867,SYNTHETIC / SIMULATED — NOT REAL STUDENT DATA
S00001,2025-01-07T16:22:43.897244+00:00,8,DBMS,Indexing,Medium,7.0,0.7142857142857143,1.0,0.0,0.5,0.5,0.5,0.0,0.0,0.5,0.5,0.0,168.0,1,0.756992,SYNTHETIC / SIMULATED — NOT REAL STUDENT DATA
S00001,2025-01-07T19:49:24.548603+00:00,9,Operating Systems,Threads,Hard,8.0,0.75,0.0,0.0,0.5,0.5,0.5,0.0,0.0,0.5,0.5,0.0,168.0,0,0.465263,SYNTHETIC / SIMULATED — NOT REAL STUDENT DATA
S00001,2025-01-08T03:07:03.618172+00:00,10,Operating Systems,Processes,Medium,9.0,0.6666666666666666,0.0,0.0,0.5,0.5,0.5,0.0,0.0,0.5,0.5,0.0,168.0,0,0.489587,SYNTHETIC / SIMULATED — NOT REAL STUDENT DATA
S00001,2025-01-09T06:09:50.457917+00:00,11,Operating Systems,Paging,Hard,10.0,0.6,0.0,0.0,0.5,0.5,0.5,0.0,0.0,0.5,0.5,0.0,168.0,0,0.576607,SYNTHETIC / SIMULATED — NOT REAL STUDENT DATA
S00001,2025-01-10T14:03:19.040406+00:00,12,Operating Systems,Security,Medium,11.0,0.5454545454545454,0.0,0.0,0.5,0.5,0.5,0.0,0.0,0.5,0.5,0.0,168.0,0,0.612911,SYNTHETIC / SIMULATED — NOT REAL STUDENT DATA
S00001,2025-01-11T00:55:07.924466+00:00,13,Operating Systems,Synchronization,Medium,12.0,0.5833333333333334,0.16666666666666666,0.0,0.5,0.5,0.5,0.0,0.0,0.5,0.5,0.0,168.0,1,0.78938,SYNTHETIC / SIMULATED — NOT REAL STUDENT DATA
S00001,2025-01-12T05:22:13.741300+00:00,14,Computer Networks,TCP/IP,Easy,13.0,0.6153846153846154,0.5,0.0,0.5,0.5,0.5,0.0,0.0,0.5,0.5,0.0,168.0,0,0.674689,SYNTHETIC / SIMULATED — NOT REAL STUDENT DATA
S00001,2025-01-12T15:26:13.192384+00:00,15,Computer Networks,DHCP,Easy,14.0,0.5714285714285714,0.0,0.0,0.5,0.5,0.5,0.0,0.0,0.5,0.5,0.0,168.0,0,0.692644,SYNTHETIC / SIMULATED — NOT REAL STUDENT DATA
S00001,2025-01-13T10:19:11.037939+00:00,16,DBMS,DBMS Basics,Medium,15.0,0.5333333333333333,1.0,0.0,0.5,0.5,0.5,0.0,0.0,0.5,0.5,0.0,168.0,1,0.834476,SYNTHETIC / SIMULATED — NOT REAL STUDENT DATA
S00001,2025-01-14T22:41:26.118633+00:00,17,Computer Networks,OSI,Hard,16.0,0.5625,0.0,0.0,0.5,0.5,0.5,0.0,0.0,0.5,0.5,0.0,168.0,1,0.759701,SYNTHETIC / SIMULATED — NOT REAL STUDENT DATA
S00001,2025-01-16T09:40:35.475815+00:00,18,Operating Systems,I/O Management,Medium,17.0,0.5294117647058824,0.2857142857142857,1.0,0.0,0.0,0.0,237.46,0.0,0.5,0.0,0.0,264.8726991986111,0,0.432769,SYNTHETIC / SIMULATED — NOT REAL STUDENT DATA
S00001,2025-01-16T17:44:29.266559+00:00,19,Operating Systems,Synchronization,Medium,18.0,0.5,0.25,1.0,1.0,1.0,1.0,28.13,0.0,1.0,1.0,0.0,136.82259502583335,1,0.789717,SYNTHETIC / SIMULATED — NOT REAL STUDENT DATA
S00001,2025-01-17T13:57:43.035280+00:00,20,DSA,Recursion,Easy,19.0,0.47368421052631576,1.0,0.0,0.5,0.5,0.5,0.0,0.0,0.5,0.5,0.0,168.0,0,0.677244,SYNTHETIC / SIMULATED — NOT REAL STUDENT DATA
S00001,2025-01-18T00:20:34.202465+00:00,21,Computer Networks,OSI,Easy,20.0,0.45,0.0,1.0,0.0,0.0,0.0,123.88,0.0,0.5,0.0,0.0,73.65224550888888,1,0.762961,SYNTHETIC / SIMULATED — NOT REAL STUDENT DATA
S00001,2025-01-19T01:58:10.561489+00:00,22,Computer Networks,Network Security,Easy,21.0,0.42857142857142855,0.0,0.0,0.5,0.5,0.5,0.0,0.0,0.5,0.5,0.0,168.0,1,0.797686,SYNTHETIC / SIMULATED — NOT REAL STUDENT DATA
S00001,2025-01-20T15:03:02.576755+00:00,23,Operating Systems,Memory Management,Medium,22.0,0.4090909090909091,0.2222222222222222,0.0,0.5,0.5,0.5,0.0,0.0,0.5,0.5,0.0,168.0,0,0.579895,SYNTHETIC / SIMULATED — NOT REAL STUDENT DATA
S00001,2025-01-21T01:06:31.233537+00:00,24,Software Engineering,Design Patterns,Easy,23.0,0.391304347826087,0.5,0.0,0.5,0.5,0.5,0.0,0.0,0.5,0.5,0.0,168.0,1,0.701919,SYNTHETIC / SIMULATED — NOT REAL STUDENT DATA
S00001,2025-01-21T08:09:32.834394+00:00,25,DSA,Heap,Medium,24.0,0.375,0.75,0.0,0.5,0.5,0.5,0.0,0.0,0.5,0.5,0.0,168.0,1,0.813752,SYNTHETIC / SIMULATED — NOT REAL STUDENT DATA
S00001,2025-01-22T14:37:31.729659+00:00,26,DBMS,SQL,Easy,25.0,0.4,1.0,0.0,0.5,0.5,0.5,0.0,0.0,0.5,0.5,0.0,168.0,1,0.821339,SYNTHETIC / SIMULATED — NOT REAL STUDENT DATA
S00001,2025-01-23T04:05:57.008672+00:00,27,Operating Systems,CPU Scheduling,Easy,26.0,0.4230769230769231,0.2,1.0,0.0,0.0,0.0,81.93,0.0,0.5,0.0,0.0,470.7895924344444,0,0.602031,SYNTHETIC / SIMULATED — NOT REAL STUDENT DATA
S00001,2025-01-24T01:32:18.938117+00:00,28,DBMS,Indexing,Medium,27.0,0.4444444444444444,1.0,1.0,1.0,1.0,1.0,61.78,0.0,1.0,1.0,0.0,393.15973357583334,1,0.767017,SYNTHETIC / SIMULATED — NOT REAL STUDENT DATA
S00001,2025-01-24T04:38:55.857365+00:00,29,DSA,Recursion,Easy,28.0,0.4642857142857143,0.8,1.0,0.0,0.0,0.0,33.25,0.0,0.0,0.0,0.0,158.6868950236111,0,0.685361,SYNTHETIC / SIMULATED — NOT REAL STUDENT DATA
S00001,2025-01-25T01:06:25.260287+00:00,30,Software Engineering,SRS,Medium,29.0,0.4827586206896552,0.0,0.0,0.5,0.5,0.5,0.0,0.0,0.5,0.5,0.0,168.0,1,0.776398,SYNTHETIC / SIMULATED — NOT REAL STUDENT DATA
S00001,2025-01-25T19:36:29.248820+00:00,31,DSA,Arrays,Medium,30.0,0.5,0.8333333333333334,1.0,1.0,1.0,1.0,29.55,0.0,0.5,1.0,0.0,498.2191142258333,1,0.839401,SYNTHETIC / SIMULATED — NOT REAL STUDENT DATA
S00001,2025-01-26T02:46:42.420025+00:00,32,DSA,Hashing,Medium,31.0,0.5161290322580645,0.8571428571428571,0.0,0.5,0.5,0.5,0.0,0.0,0.5,0.5,0.0,168.0,1,0.819151,SYNTHETIC / SIMULATED — NOT REAL STUDENT DATA
S00001,2025-01-27T13:38:42.281334+00:00,33,DSA,Stack & Queue,Hard,32.0,0.5,0.75,1.0,1.0,1.0,1.0,74.34,0.0,0.5,1.0,0.0,496.1943439311111,1,0.737926,SYNTHETIC / SIMULATED — NOT REAL STUDENT DATA
S00001,2025-01-27T18:19:54.405451+00:00,34,DSA,Trees,Medium,33.0,0.48484848484848486,0.6666666666666666,0.0,0.5,0.5,0.5,0.0,0.0,0.5,0.5,0.0,168.0,1,0.720072,SYNTHETIC / SIMULATED — NOT REAL STUDENT DATA
S00001,2025-01-28T09:30:51.805090+00:00,35,DBMS,ER Model,Hard,34.0,0.5,1.0,2.0,1.0,1.0,1.0,63.78,2.2999999999998932,0.5,1.0,0.0,521.9597260697223,1,0.710311,SYNTHETIC / SIMULATED — NOT REAL STUDENT DATA
S00001,2025-01-29T06:58:03.702913+00:00,36,DSA,Strings,Easy,35.0,0.4857142857142857,0.7,1.0,1.0,1.0,1.0,63.33,0.0,1.0,1.0,0.0,635.4281037322222,0,0.505413,SYNTHETIC / SIMULATED — NOT REAL STUDENT DATA
S00001,2025-01-30T06:33:42.947789+00:00,37,Operating Systems,Synchronization,Easy,36.0,0.5,0.2727272727272727,2.0,0.5,0.5,0.5,55.434999999999995,27.305000000000007,0.5,0.0,0.0,324.8204670083333,1,0.7978,SYNTHETIC / SIMULATED — NOT REAL STUDENT DATA
S00001,2025-01-30T14:09:23.368346+00:00,38,Operating Systems,Security,Medium,37.0,0.5135135135135135,0.3333333333333333,1.0,1.0,1.0,1.0,76.0,0.0,1.0,1.0,0.0,480.1012022055556,0,0.626854,SYNTHETIC / SIMULATED — NOT REAL STUDENT DATA
S00001,2025-02-01T01:41:49.689989+00:00,39,DBMS,DBMS Basics,Medium,38.0,0.5263157894736842,0.8571428571428571,1.0,1.0,1.0,1.0,48.99,0.0,1.0,1.0,0.0,447.3774033472222,1,0.833949,SYNTHETIC / SIMULATED — NOT REAL STUDENT DATA
S00001,2025-02-01T14:44:13.176486+00:00,40,Operating Systems,Processes,Medium,39.0,0.5128205128205128,0.38461538461538464,1.0,0.0,0.0,0.0,141.74,0.0,0.0,0.0,0.0,587.6193217538888,0,0.50829,SYNTHETIC / SIMULATED — NOT REAL STUDENT DATA
S00001,2025-02-02T02:17:02.393646+00:00,41,Computer Networks,Network Security,Medium,40.0,0.525,0.0,1.0,0.0,0.0,0.0,36.04,0.0,0.5,0.0,0.0,336.31439782138887,1,0.804209,SYNTHETIC / SIMULATED — NOT REAL STUDENT DATA
S00001,2025-02-02T22:24:23.370083+00:00,42,Computer Networks,DNS,Hard,41.0,0.5365853658536586,0.16666666666666666,0.0,0.5,0.5,0.5,0.0,0.0,0.5,0.5,0.0,168.0,1,0.867741,SYNTHETIC / SIMULATED — NOT REAL STUDENT DATA
S00001,2025-02-03T10:14:46.753994+00:00,43,Computer Networks,Routing,Easy,42.0,0.5476190476190477,0.2857142857142857,0.0,0.5,0.5,0.5,0.0,0.0,0.5,0.5,0.0,168.0,1,0.786354,SYNTHETIC / SIMULATED — NOT REAL STUDENT DATA
S00001,2025-02-04T13:51:36.222375+00:00,44,Software Engineering,Design Patterns,Medium,43.0,0.5348837209302325,0.5,1.0,0.0,0.0,0.0,61.18,0.0,0.5,0.0,0.0,348.7513857883333,1,0.703666,SYNTHETIC / SIMULATED — NOT REAL STUDENT DATA
S00001,2025-02-05T15:11:45.988940+00:00,45,Computer Networks,DNS,Medium,44.0,0.5227272727272727,0.25,1.0,1.0,1.0,1.0,100.12,0.0,0.5,1.0,0.0,64.78961634916666,1,0.867728,SYNTHETIC / SIMULATED — NOT REAL STUDENT DATA
S00001,2025-02-06T02:39:10.029000+00:00,46,Operating Systems,Threads,Medium,45.0,0.5111111111111111,0.42857142857142855,1.0,0.0,0.0,0.0,127.6,0.0,0.5,0.0,0.0,702.8293001102778,0,0.482353,SYNTHETIC / SIMULATED — NOT REAL STUDENT DATA
S00001,2025-02-06T22:37:21.039044+00:00,47,Operating Systems,I/O Management,Easy,46.0,0.5217391304347826,0.4666666666666667,2.0,0.0,0.0,0.0,154.995,82.46499999999999,0.5,0.0,0.0,516.9459897858334,0,0.438481,SYNTHETIC / SIMULATED — NOT REAL STUDENT DATA
S00001,2025-02-07T09:02:46.003457+00:00,48,Computer Networks,OSI,Easy,47.0,0.5106382978723404,0.2222222222222222,2.0,0.0,0.0,0.0,77.0,46.879999999999995,0.0,0.0,0.0,488.7032780533333,1,0.770143,SYNTHETIC / SIMULATED — NOT REAL STUDENT DATA
S00001,2025-02-07T12:07:25.786087+00:00,49,DSA,Strings,Hard,48.0,0.5208333333333334,0.7272727272727273,2.0,1.0,1.0,1.0,52.32,11.01,0.5,1.0,0.0,221.156134215,0,0.509677,SYNTHETIC / SIMULATED — NOT REAL STUDENT DATA
S00001,2025-02-08T11:47:23.454952+00:00,50,DSA,Recursion,Easy,49.0,0.5102040816326531,0.6666666666666666,2.0,0.5,0.5,0.5,29.884999999999998,3.365000000000014,0.5,1.0,0.0,367.14099932972226,0,0.693718,SYNTHETIC / SIMULATED — NOT REAL STUDENT DATA
S00001,2025-02-09T16:16:14.495400+00:00,51,Computer Networks,UDP,Easy,50.0,0.52,0.3,0.0,0.5,0.5,0.5,0.0,0.0,0.5,0.5,0.0,168.0,1,0.856521,SYNTHETIC / SIMULATED — NOT REAL STUDENT DATA
S00001,2025-02-11T03:13:06.875333+00:00,52,Software Engineering,UML,Easy,51.0,0.5294117647058824,0.3333333333333333,0.0,0.5,0.5,0.5,0.0,0.0,0.5,0.5,0.0,168.0,0,0.556494,SYNTHETIC / SIMULATED — NOT REAL STUDENT DATA
S00001,2025-02-12T02:55:45.107589+00:00,53,Computer Networks,DNS,Easy,52.0,0.5192307692307693,0.36363636363636365,2.0,0.5,0.5,0.5,72.84,27.279999999999987,0.5,0.0,0.0,155.7330885136111,1,0.873801,SYNTHETIC / SIMULATED — NOT REAL STUDENT DATA
S00001,2025-02-12T12:19:31.007755+00:00,54,Operating Systems,I/O Management,Easy,53.0,0.5283018867924528,0.4375,3.0,0.0,0.0,0.0,120.96333333333332,82.76448204929993,0.0,0.0,0.0,133.70276908638888,0,0.456416,SYNTHETIC / SIMULATED — NOT REAL STUDENT DATA
S00001,2025-02-13T19:25:00.658829+00:00,55,DBMS,Transactions,Easy,54.0,0.5370370370370371,0.75,0.0,0.5,0.5,0.5,0.0,0.0,0.5,0.5,0.0,168.0,1,0.77041,SYNTHETIC / SIMULATED — NOT REAL STUDENT DATA
S00001,2025-02-15T08:51:29.629749+00:00,56,Operating Systems,Threads,Easy,55.0,0.5454545454545454,0.47058823529411764,2.0,0.5,0.5,0.5,115.65,11.949999999999914,0.5,1.0,0.0,222.2054446525,0,0.49831,SYNTHETIC / SIMULATED — NOT REAL STUDENT DATA
S00001,2025-02-16T22:02:21.718283+00:00,57,DBMS,Joins,Easy,56.0,0.5535714285714286,0.7777777777777778,0.0,0.5,0.5,0.5,0.0,0.0,0.5,0.5,0.0,168.0,1,0.881736,SYNTHETIC / SIMULATED — NOT REAL STUDENT DATA
S00001,2025-02-17T02:08:36.905825+00:00,58,Software Engineering,Waterfall,Medium,57.0,0.5614035087719298,0.25,0.0,0.5,0.5,0.5,0.0,0.0,0.5,0.5,0.0,168.0,1,0.742252,SYNTHETIC / SIMULATED — NOT REAL STUDENT DATA
S00001,2025-02-18T11:49:32.891224+00:00,59,Operating Systems,Memory Management,Hard,58.0,0.5517241379310345,0.5,1.0,0.0,0.0,0.0,100.96,0.0,0.5,0.0,0.0,692.7750873525,0,0.592852,SYNTHETIC / SIMULATED — NOT REAL STUDENT DATA
S00001,2025-02-19T15:24:46.244952+00:00,60,Software Engineering,Waterfall,Easy,59.0,0.559322033898305,0.2,1.0,0.0,0.0,0.0,47.08,0.0,0.5,0.0,0.0,61.26926086861111,1,0.751111,SYNTHETIC / SIMULATED — NOT REAL STUDENT DATA
S00002,2025-01-03T02:51:40.851051+00:00,1,DBMS,Indexing,Medium,0.0,0.5,0.5,0.0,0.5,0.5,0.5,0.0,0.0,0.5,0.5,0.0,168.0,0,0.130072,SYNTHETIC / SIMULATED — NOT REAL STUDENT DATA
S00002,2025-01-03T06:06:32.117444+00:00,2,Operating Systems,Synchronization,Medium,1.0,1.0,0.5,0.0,0.5,0.5,0.5,0.0,0.0,0.5,0.5,0.0,168.0,0,0.10385,SYNTHETIC / SIMULATED — NOT REAL STUDENT DATA
S00002,2025-01-04T00:56:01.317481+00:00,3,Operating Systems,File Systems,Medium,2.0,0.5,0.0,0.0,0.5,0.5,0.5,0.0,0.0,0.5,0.5,0.0,168.0,0,0.167898,SYNTHETIC / SIMULATED — NOT REAL STUDENT DATA
S00002,2025-01-04T06:20:17.487203+00:00,4,Software Engineering,Project Management,Medium,3.0,0.3333333333333333,0.5,0.0,0.5,0.5,0.5,0.0,0.0,0.5,0.5,0.0,168.0,0,0.276055,SYNTHETIC / SIMULATED — NOT REAL STUDENT DATA
S00002,2025-01-04T09:38:45.371144+00:00,5,Computer Networks,Network Security,Hard,4.0,0.5,0.5,0.0,0.5,0.5,0.5,0.0,0.0,0.5,0.5,0.0,168.0,0,0.104869,SYNTHETIC / SIMULATED — NOT REAL STUDENT DATA
S00002,2025-01-04T16:57:40.390132+00:00,6,Computer Networks,TCP/IP,Medium,5.0,0.4,0.0,0.0,0.5,0.5,0.5,0.0,0.0,0.5,0.5,0.0,168.0,0,0.058635,SYNTHETIC / SIMULATED — NOT REAL STUDENT DATA
S00002,2025-01-05T02:58:01.426928+00:00,7,DSA,Stack & Queue,Medium,6.0,0.3333333333333333,0.5,0.0,0.5,0.5,0.5,0.0,0.0,0.5,0.5,0.0,168.0,0,0.451391,SYNTHETIC / SIMULATED — NOT REAL STUDENT DATA
S00002,2025-01-05T08:15:35.463660+00:00,8,Operating Systems,Synchronization,Easy,7.0,0.42857142857142855,0.0,1.0,0.0,0.0,0.0,106.32,0.0,0.5,0.0,0.0,50.15092950444445,0,0.108598,SYNTHETIC / SIMULATED — NOT REAL STUDENT DATA
S00002,2025-01-06T04:11:34.764342+00:00,9,DBMS,Indexing,Easy,8.0,0.375,1.0,1.0,1.0,1.0,1.0,111.68,0.0,0.5,1.0,0.0,73.33164258083333,0,0.156912,SYNTHETIC / SIMULATED — NOT REAL STUDENT DATA
S00002,2025-01-06T07:56:14.491220+00:00,10,DBMS,Transactions,Medium,9.0,0.4444444444444444,1.0,0.0,0.5,0.5,0.5,0.0,0.0,0.5,0.5,0.0,168.0,0,0.059211,SYNTHETIC / SIMULATED — NOT REAL STUDENT DATA
S00002,2025-01-06T20:44:48.650198+00:00,11,Operating Systems,CPU Scheduling,Medium,10.0,0.4,0.0,0.0,0.5,0.5,0.5,0.0,0.0,0.5,0.5,0.0,168.0,0,0.061987,SYNTHETIC / SIMULATED — NOT REAL STUDENT DATA
S00002,2025-01-07T14:27:47.458202+00:00,12,Operating Systems,Paging,Easy,11.0,0.36363636363636365,0.0,0.0,0.5,0.5,0.5,0.0,0.0,0.5,0.5,0.0,168.0,0,0.077786,SYNTHETIC / SIMULATED — NOT REAL STUDENT DATA
S00002,2025-01-08T06:08:57.391836+00:00,13,Software Engineering,SDLC,Hard,12.0,0.4166666666666667,1.0,0.0,0.5,0.5,0.5,0.0,0.0,0.5,0.5,0.0,168.0,0,0.214155,SYNTHETIC / SIMULATED — NOT REAL STUDENT DATA
S00002,2025-01-08T09:56:01.947004+00:00,14,Computer Networks,UDP,Hard,13.0,0.38461538461538464,0.0,0.0,0.5,0.5,0.5,0.0,0.0,0.5,0.5,0.0,168.0,0,0.057091,SYNTHETIC / SIMULATED — NOT REAL STUDENT DATA
S00002,2025-01-09T05:07:36.779932+00:00,15,Software Engineering,Testing,Medium,14.0,0.35714285714285715,0.5,0.0,0.5,0.5,0.5,0.0,0.0,0.5,0.5,0.0,168.0,0,0.44415,SYNTHETIC / SIMULATED — NOT REAL STUDENT DATA
S00002,2025-01-09T12:37:56.929918+00:00,16,Computer Networks,IP Addressing,Easy,15.0,0.4,0.0,0.0,0.5,0.5,0.5,0.0,0.0,0.5,0.5,0.0,168.0,0,0.116487,SYNTHETIC / SIMULATED — NOT REAL STUDENT DATA
S00002,2025-01-10T20:47:27.541098+00:00,17,DBMS,Joins,Easy,16.0,0.4375,0.6666666666666666,0.0,0.5,0.5,0.5,0.0,0.0,0.5,0.5,0.0,168.0,0,0.189319,SYNTHETIC / SIMULATED — NOT REAL STUDENT DATA
S00002,2025-01-11T02:38:59.053992+00:00,18,Operating Systems,Threads,Medium,17.0,0.47058823529411764,0.2,0.0,0.5,0.5,0.5,0.0,0.0,0.5,0.5,0.0,168.0,0,0.185856,SYNTHETIC / SIMULATED — NOT REAL STUDENT DATA
S00002,2025-01-12T00:46:23.165354+00:00,19,DSA,Recursion,Medium,18.0,0.5,1.0,0.0,0.5,0.5,0.5,0.0,0.0,0.5,0.5,0.0,168.0,0,0.450179,SYNTHETIC / SIMULATED — NOT REAL STUDENT DATA
S00002,2025-01-13T02:31:20.764689+00:00,20,Software Engineering,Software Quality,Easy,19.0,0.47368421052631576,0.6666666666666666,0.0,0.5,0.5,0.5,0.0,0.0,0.5,0.5,0.0,168.0,0,0.37069,SYNTHETIC / SIMULATED — NOT REAL STUDENT DATA
S00002,2025-01-13T16:49:47.378605+00:00,21,DSA,Dynamic Programming,Medium,20.0,0.5,0.5,0.0,0.5,0.5,0.5,0.0,0.0,0.5,0.5,0.0,168.0,0,0.359431,SYNTHETIC / SIMULATED — NOT REAL STUDENT DATA
S00002,2025-01-15T02:17:54.712363+00:00,22,DBMS,Normalization,Easy,21.0,0.5238095238095238,0.75,0.0,0.5,0.5,0.5,0.0,0.0,0.5,0.5,0.0,168.0,0,0.101689,SYNTHETIC / SIMULATED — NOT REAL STUDENT DATA
S00002,2025-01-15T14:54:42.671316+00:00,23,DSA,Trees,Easy,22.0,0.5,0.6666666666666666,0.0,0.5,0.5,0.5,0.0,0.0,0.5,0.5,0.0,168.0,0,0.458084,SYNTHETIC / SIMULATED — NOT REAL STUDENT DATA
S00002,2025-01-16T11:55:03.015292+00:00,24,Operating Systems,Deadlocks,Hard,23.0,0.4782608695652174,0.3333333333333333,0.0,0.5,0.5,0.5,0.0,0.0,0.5,0.5,0.0,168.0,0,0.057664,SYNTHETIC / SIMULATED — NOT REAL STUDENT DATA
S00002,2025-01-17T20:37:02.188246+00:00,25,DBMS,Concurrency Control,Medium,24.0,0.4583333333333333,0.6,0.0,0.5,0.5,0.5,0.0,0.0,0.5,0.5,0.0,168.0,0,0.141198,SYNTHETIC / SIMULATED — NOT REAL STUDENT DATA
S00002,2025-01-18T11:14:21.761371+00:00,26,DBMS,DBMS Basics,Medium,25.0,0.44,0.5,0.0,0.5,0.5,0.5,0.0,0.0,0.5,0.5,0.0,168.0,0,0.059072,SYNTHETIC / SIMULATED — NOT REAL STUDENT DATA
S00002,2025-01-19T03:01:25.056097+00:00,27,Operating Systems,I/O Management,Medium,26.0,0.4230769230769231,0.2857142857142857,0.0,0.5,0.5,0.5,0.0,0.0,0.5,0.5,0.0,168.0,0,0.18506,SYNTHETIC / SIMULATED — NOT REAL STUDENT DATA
S00002,2025-01-19T17:17:47.331586+00:00,28,Operating Systems,Memory Management,Easy,27.0,0.4074074074074074,0.25,0.0,0.5,0.5,0.5,0.0,0.0,0.5,0.5,0.0,168.0,0,0.166955,SYNTHETIC / SIMULATED — NOT REAL STUDENT DATA
S00002,2025-01-20T03:15:39.111997+00:00,29,Computer Networks,HTTP,Hard,28.0,0.39285714285714285,0.25,0.0,0.5,0.5,0.5,0.0,0.0,0.5,0.5,0.0,168.0,0,0.192132,SYNTHETIC / SIMULATED — NOT REAL STUDENT DATA
S00002,2025-01-20T08:26:40.892453+00:00,30,Software Engineering,Design Patterns,Hard,29.0,0.3793103448275862,0.75,0.0,0.5,0.5,0.5,0.0,0.0,0.5,0.5,0.0,168.0,0,0.154466,SYNTHETIC / SIMULATED — NOT REAL STUDENT DATA
S00002,2025-01-21T21:57:37.021057+00:00,31,Operating Systems,I/O Management,Medium,30.0,0.36666666666666664,0.2222222222222222,1.0,0.0,0.0,0.0,96.51,0.0,0.0,0.0,0.0,66.93665693333334,0,0.190241,SYNTHETIC / SIMULATED — NOT REAL STUDENT DATA
S00002,2025-01-22T20:18:13.268398+00:00,32,DBMS,Indexing,Hard,31.0,0.3548387096774194,0.42857142857142855,2.0,1.0,1.0,1.0,87.59,24.090000000000014,0.5,1.0,0.0,400.1106955711111,0,0.162573,SYNTHETIC / SIMULATED — NOT REAL STUDENT DATA
S00002,2025-01-23T01:37:18.779258+00:00,33,Operating Systems,Deadlocks,Easy,32.0,0.34375,0.2,1.0,0.0,0.0,0.0,235.56,0.0,0.5,0.0,0.0,157.70437887944445,0,0.085811,SYNTHETIC / SIMULATED — NOT REAL STUDENT DATA
S00002,2025-01-24T02:29:37.475195+00:00,34,Software Engineering,Testing,Easy,33.0,0.36363636363636365,0.6,1.0,1.0,1.0,1.0,82.06,0.0,0.5,1.0,0.0,357.3668597952778,0,0.448018,SYNTHETIC / SIMULATED — NOT REAL STUDENT DATA
S00002,2025-01-24T19:20:44.492417+00:00,35,Software Engineering,SDLC,Easy,34.0,0.35294117647058826,0.5,1.0,0.0,0.0,0.0,226.07,0.0,0.5,0.0,0.0,397.1964168280556,0,0.233497,SYNTHETIC / SIMULATED — NOT REAL STUDENT DATA
S00002,2025-01-26T00:01:30.091149+00:00,36,Software Engineering,Agile,Medium,35.0,0.37142857142857144,0.5714285714285714,0.0,0.5,0.5,0.5,0.0,0.0,0.5,0.5,0.0,168.0,0,0.328246,SYNTHETIC / SIMULATED — NOT REAL STUDENT DATA
S00002,2025-01-26T19:46:53.571739+00:00,37,Software Engineering,Waterfall,Medium,36.0,0.3888888888888889,0.625,0.0,0.5,0.5,0.5,0.0,0.0,0.5,0.5,0.0,168.0,0,0.217148,SYNTHETIC / SIMULATED — NOT REAL STUDENT DATA
S00002,2025-01-27T18:31:18.050090+00:00,38,Software Engineering,Project Management,Medium,37.0,0.3783783783783784,0.5555555555555556,1.0,1.0,1.0,1.0,90.06,0.0,1.0,1.0,0.0,564.1834896908333,0,0.285922,SYNTHETIC / SIMULATED — NOT REAL STUDENT DATA
S00002,2025-01-28T20:21:06.396326+00:00,39,DBMS,DBMS Basics,Easy,38.0,0.3684210526315789,0.375,1.0,0.0,0.0,0.0,154.34,0.0,0.5,0.0,0.0,249.11239859861112,0,0.084975,SYNTHETIC / SIMULATED — NOT REAL STUDENT DATA
S00002,2025-01-30T00:44:47.247465+00:00,40,Computer Networks,TCP/IP,Easy,39.0,0.38461538461538464,0.2,1.0,0.0,0.0,0.0,145.5,0.0,0.5,0.0,0.0,607.7852381480556,0,0.066139,SYNTHETIC / SIMULATED — NOT REAL STUDENT DATA
S00002,2025-01-30T13:07:51.765727+00:00,41,DBMS,Joins,Medium,40.0,0.375,0.4444444444444444,1.0,1.0,1.0,1.0,45.79,0.0,0.5,1.0,0.0,472.34006239694446,0,0.198595,SYNTHETIC / SIMULATED — NOT REAL STUDENT DATA
S00002,2025-02-01T00:29:36.090386+00:00,42,Operating Systems,Paging,Hard,41.0,0.36585365853658536,0.2727272727272727,1.0,1.0,1.0,1.0,56.76,0.0,0.5,1.0,0.0,586.0301756066667,0,0.081809,SYNTHETIC / SIMULATED — NOT REAL STUDENT DATA
S00002,2025-02-01T04:35:33.039305+00:00,43,Operating Systems,Synchronization,Easy,42.0,0.35714285714285715,0.25,2.0,0.0,0.0,0.0,102.63499999999999,3.6850000000004255,0.0,0.0,0.0,644.332659901389,0,0.135086,SYNTHETIC / SIMULATED — NOT REAL STUDENT DATA
S00002,2025-02-02T13:22:33.829669+00:00,44,DBMS,Relational Algebra,Easy,43.0,0.37209302325581395,0.4,0.0,0.5,0.5,0.5,0.0,0.0,0.5,0.5,0.0,168.0,0,0.054803,SYNTHETIC / SIMULATED — NOT REAL STUDENT DATA
S00002,2025-02-03T12:20:18.437984+00:00,45,Software Engineering,Design Patterns,Hard,44.0,0.36363636363636365,0.5,1.0,0.0,0.0,0.0,243.96,0.0,0.0,0.0,0.0,339.8937626475,0,0.182532,SYNTHETIC / SIMULATED — NOT REAL STUDENT DATA
S00002,2025-02-04T04:06:29.798849+00:00,46,Operating Systems,Security,Hard,45.0,0.37777777777777777,0.3076923076923077,0.0,0.5,0.5,0.5,0.0,0.0,0.5,0.5,0.0,168.0,0,0.093535,SYNTHETIC / SIMULATED — NOT REAL STUDENT DATA
S00002,2025-02-05T12:30:07.752964+00:00,47,DBMS,ER Model,Medium,46.0,0.3695652173913043,0.36363636363636365,0.0,0.5,0.5,0.5,0.0,0.0,0.5,0.5,0.0,168.0,0,0.160683,SYNTHETIC / SIMULATED — NOT REAL STUDENT DATA
S00002,2025-02-06T22:04:45.332162+00:00,48,Operating Systems,CPU Scheduling,Medium,47.0,0.3617021276595745,0.2857142857142857,1.0,0.0,0.0,0.0,214.11,0.0,0.0,0.0,0.0,720.0,0,0.068214,SYNTHETIC / SIMULATED — NOT REAL STUDENT DATA
S00002,2025-02-07T04:31:21.437617+00:00,49,Operating Systems,Deadlocks,Easy,48.0,0.3541666666666667,0.26666666666666666,2.0,0.5,0.5,0.5,135.92000000000002,99.63999999999999,1.0,1.0,0.0,362.90073843305555,0,0.092867,SYNTHETIC / SIMULATED — NOT REAL STUDENT DATA
S00002,2025-02-08T03:44:29.918171+00:00,50,DSA,Heap,Easy,49.0,0.3469387755102041,0.5,0.0,0.5,0.5,0.5,0.0,0.0,0.5,0.5,0.0,168.0,0,0.467256,SYNTHETIC / SIMULATED — NOT REAL STUDENT DATA
S00002,2025-02-08T18:53:00.949040+00:00,51,DSA,Linked Lists,Medium,50.0,0.34,0.4,0.0,0.5,0.5,0.5,0.0,0.0,0.5,0.5,0.0,168.0,0,0.386173,SYNTHETIC / SIMULATED — NOT REAL STUDENT DATA
S00002,2025-02-10T07:11:31.998319+00:00,52,Computer Networks,TCP,Easy,51.0,0.3333333333333333,0.16666666666666666,0.0,0.5,0.5,0.5,0.0,0.0,0.5,0.5,0.0,168.0,0,0.076222,SYNTHETIC / SIMULATED — NOT REAL STUDENT DATA
S00002,2025-02-10T20:06:47.323972+00:00,53,Operating Systems,File Systems,Easy,52.0,0.34615384615384615,0.25,1.0,0.0,0.0,0.0,123.73,0.0,0.5,0.0,0.0,720.0,0,0.191552,SYNTHETIC / SIMULATED — NOT REAL STUDENT DATA
S00002,2025-02-12T00:47:05.054334+00:00,54,Computer Networks,DNS,Hard,53.0,0.3584905660377358,0.2857142857142857,0.0,0.5,0.5,0.5,0.0,0.0,0.5,0.5,0.0,168.0,0,0.060596,SYNTHETIC / SIMULATED — NOT REAL STUDENT DATA
S00002,2025-02-13T11:51:22.009642+00:00,55,Software Engineering,Agile,Hard,54.0,0.35185185185185186,0.5454545454545454,1.0,1.0,1.0,1.0,53.68,0.0,0.5,1.0,0.0,443.8310884702778,0,0.335359,SYNTHETIC / SIMULATED — NOT REAL STUDENT DATA
S00002,2025-02-14T01:03:39.209265+00:00,56,Operating Systems,Synchronization,Medium,55.0,0.34545454545454546,0.29411764705882354,3.0,0.3333333333333333,0.3333333333333333,0.3333333333333333,90.82666666666665,16.968390875062124,0.0,1.0,0.0,308.46838054444447,0,0.141364,SYNTHETIC / SIMULATED — NOT REAL STUDENT DATA
S00002,2025-02-15T03:19:43.320984+00:00,57,Software Engineering,Design Patterns,Easy,56.0,0.3392857142857143,0.5,2.0,0.5,0.5,0.5,222.265,21.695000000000253,0.5,1.0,0.0,278.9902452777778,0,0.186108,SYNTHETIC / SIMULATED — NOT REAL STUDENT DATA
S00002,2025-02-15T13:01:49.273478+00:00,58,DBMS,Indexing,Hard,57.0,0.3333333333333333,0.3333333333333333,3.0,0.6666666666666666,0.6666666666666666,0.6666666666666666,141.70666666666668,79.01969768495842,0.0,0.0,0.0,568.7266680777777,0,0.167764,SYNTHETIC / SIMULATED — NOT REAL STUDENT DATA
S00002,2025-02-15T16:49:38.244712+00:00,59,Operating Systems,Threads,Medium,58.0,0.3275862068965517,0.2777777777777778,1.0,1.0,1.0,1.0,79.92,0.0,1.0,1.0,0.0,720.0,0,0.215425,SYNTHETIC / SIMULATED — NOT REAL STUDENT DATA
S00002,2025-02-16T09:55:35.669903+00:00,60,Software Engineering,Project Management,Hard,59.0,0.3389830508474576,0.46153846153846156,2.0,0.5,0.5,0.5,156.565,66.50499999999998,0.5,0.0,0.0,471.4048943925,0,0.293353,SYNTHETIC / SIMULATED — NOT REAL STUDENT DATA
S00003,2025-01-03T07:48:19.887217+00:00,1,Software Engineering,UML,Medium,0.0,0.5,0.5,0.0,0.5,0.5,0.5,0.0,0.0,0.5,0.5,0.0,168.0,0,0.604592,SYNTHETIC / SIMULATED — NOT REAL STUDENT DATA
S00003,2025-01-03T21:18:06.196993+00:00,2,DBMS,SQL,Medium,1.0,1.0,0.5,0.0,0.5,0.5,0.5,0.0,0.0,0.5,0.5,0.0,168.0,0,0.417132,SYNTHETIC / SIMULATED — NOT REAL STUDENT DATA
S00003,2025-01-04T10:49:17.109585+00:00,3,DBMS,Indexing,Easy,2.0,1.0,1.0,0.0,0.5,0.5,0.5,0.0,0.0,0.5,0.5,0.0,168.0,0,0.283801,SYNTHETIC / SIMULATED — NOT REAL STUDENT DATA
S00003,2025-01-05T03:16:25.350405+00:00,4,Computer Networks,TCP/IP,Hard,3.0,1.0,0.5,0.0,0.5,0.5,0.5,0.0,0.0,0.5,0.5,0.0,168.0,0,0.535989,SYNTHETIC / SIMULATED — NOT REAL STUDENT DATA
S00003,2025-01-05T07:57:23.343628+00:00,5,Software Engineering,Testing,Hard,4.0,0.75,1.0,0.0,0.5,0.5,0.5,0.0,0.0,0.5,0.5,0.0,168.0,0,0.36943,SYNTHETIC / SIMULATED — NOT REAL STUDENT DATA
S00003,2025-01-06T08:04:20.689702+00:00,6,Software Engineering,UML,Medium,5.0,0.6,0.5,1.0,1.0,1.0,1.0,66.39,0.0,1.0,1.0,0.0,72.26688957916666,0,0.618944,SYNTHETIC / SIMULATED — NOT REAL STUDENT DATA
S00003,2025-01-06T19:26:08.043109+00:00,7,Computer Networks,IP Addressing,Medium,6.0,0.6666666666666666,0.0,0.0,0.5,0.5,0.5,0.0,0.0,0.5,0.5,0.0,168.0,1,0.775848,SYNTHETIC / SIMULATED — NOT REAL STUDENT DATA
S00003,2025-01-07T03:10:35.006279+00:00,8,Software Engineering,Git/Version Control,Easy,7.0,0.5714285714285714,0.6666666666666666,0.0,0.5,0.5,0.5,0.0,0.0,0.5,0.5,0.0,168.0,0,0.522066,SYNTHETIC / SIMULATED — NOT REAL STUDENT DATA
S00003,2025-01-08T01:07:21.017276+00:00,9,Computer Networks,TCP,Easy,8.0,0.5,0.0,0.0,0.5,0.5,0.5,0.0,0.0,0.5,0.5,0.0,168.0,0,0.455645,SYNTHETIC / SIMULATED — NOT REAL STUDENT DATA
S00003,2025-01-08T07:10:23.089474+00:00,10,Operating Systems,CPU Scheduling,Easy,9.0,0.4444444444444444,0.5,0.0,0.5,0.5,0.5,0.0,0.0,0.5,0.5,0.0,168.0,1,0.980991,SYNTHETIC / SIMULATED — NOT REAL STUDENT DATA
S00003,2025-01-09T16:39:58.383079+00:00,11,Operating Systems,Deadlocks,Medium,10.0,0.5,1.0,0.0,0.5,0.5,0.5,0.0,0.0,0.5,0.5,0.0,168.0,1,0.832234,SYNTHETIC / SIMULATED — NOT REAL STUDENT DATA
S00003,2025-01-09T21:26:10.734290+00:00,12,Operating Systems,File Systems,Easy,11.0,0.45454545454545453,0.5,0.0,0.5,0.5,0.5,0.0,0.0,0.5,0.5,0.0,168.0,1,0.902214,SYNTHETIC / SIMULATED — NOT REAL STUDENT DATA
S00003,2025-01-10T00:40:12.826908+00:00,13,Software Engineering,Testing,Medium,12.0,0.5,0.5,1.0,0.0,0.0,0.0,190.08,0.0,0.5,0.0,0.0,112.71374535555555,0,0.371043,SYNTHETIC / SIMULATED — NOT REAL STUDENT DATA
S00003,2025-01-11T05:37:04.973721+00:00,14,DBMS,DBMS Basics,Medium,13.0,0.46153846153846156,1.0,0.0,0.5,0.5,0.5,0.0,0.0,0.5,0.5,0.0,168.0,0,0.368753,SYNTHETIC / SIMULATED — NOT REAL STUDENT DATA
S00003,2025-01-12T17:03:53.220152+00:00,15,Operating Systems,Threads,Medium,14.0,0.42857142857142855,0.6666666666666666,0.0,0.5,0.5,0.5,0.0,0.0,0.5,0.5,0.0,168.0,1,0.882229,SYNTHETIC / SIMULATED — NOT REAL STUDENT DATA
S00003,2025-01-12T20:43:28.711155+00:00,16,DBMS,Indexing,Medium,15.0,0.4666666666666667,0.6666666666666666,1.0,1.0,1.0,1.0,67.44,0.0,0.5,1.0,0.0,201.90322265833336,0,0.289772,SYNTHETIC / SIMULATED — NOT REAL STUDENT DATA
S00003,2025-01-13T18:33:37.145981+00:00,17,Computer Networks,HTTP,Hard,16.0,0.4375,0.0,0.0,0.5,0.5,0.5,0.0,0.0,0.5,0.5,0.0,168.0,1,0.872501,SYNTHETIC / SIMULATED — NOT REAL STUDENT DATA
S00003,2025-01-14T20:20:41.458863+00:00,18,DBMS,ER Model,Easy,17.0,0.47058823529411764,0.5,0.0,0.5,0.5,0.5,0.0,0.0,0.5,0.5,0.0,168.0,0,0.335871,SYNTHETIC / SIMULATED — NOT REAL STUDENT DATA
S00003,2025-01-15T20:54:41.722528+00:00,19,Computer Networks,IP Addressing,Hard,18.0,0.5,0.25,1.0,0.0,0.0,0.0,60.86,0.0,0.5,0.0,0.0,217.47602206083334,1,0.784425,SYNTHETIC / SIMULATED — NOT REAL STUDENT DATA
S00003,2025-01-16T13:35:04.788231+00:00,20,DSA,Trees,Medium,19.0,0.5263157894736842,0.5,0.0,0.5,0.5,0.5,0.0,0.0,0.5,0.5,0.0,168.0,1,0.705292,SYNTHETIC / SIMULATED — NOT REAL STUDENT DATA
S00003,2025-01-16T20:13:30.297967+00:00,21,DBMS,SQL,Easy,20.0,0.55,0.6,1.0,1.0,1.0,1.0,70.67,0.0,0.5,1.0,0.0,310.92336138166667,0,0.42161,SYNTHETIC / SIMULATED — NOT REAL STUDENT DATA
S00003,2025-01-18T00:48:46.290827+00:00,22,Software Engineering,Design Patterns,Easy,21.0,0.5238095238095238,0.4,0.0,0.5,0.5,0.5,0.0,0.0,0.5,0.5,0.0,168.0,0,0.412711,SYNTHETIC / SIMULATED — NOT REAL STUDENT DATA
S00003,2025-01-19T11:45:22.484105+00:00,23,Computer Networks,OSI,Easy,22.0,0.5454545454545454,0.4,0.0,0.5,0.5,0.5,0.0,0.0,0.5,0.5,0.0,168.0,0,0.641096,SYNTHETIC / SIMULATED — NOT REAL STUDENT DATA
S00003,2025-01-20T05:02:55.551558+00:00,24,DBMS,Concurrency Control,Easy,23.0,0.5217391304347826,0.5,0.0,0.5,0.5,0.5,0.0,0.0,0.5,0.5,0.0,168.0,0,0.552909,SYNTHETIC / SIMULATED — NOT REAL STUDENT DATA
S00003,2025-01-21T05:56:11.484910+00:00,25,Software Engineering,UML,Hard,24.0,0.5416666666666666,0.5,2.0,1.0,1.0,1.0,67.07,0.6800000000002525,0.5,1.0,0.0,357.86410978000004,0,0.624472,SYNTHETIC / SIMULATED — NOT REAL STUDENT DATA
S00003,2025-01-22T03:52:41.991333+00:00,26,DSA,Arrays,Easy,25.0,0.52,1.0,0.0,0.5,0.5,0.5,0.0,0.0,0.5,0.5,0.0,168.0,0,0.671611,SYNTHETIC / SIMULATED — NOT REAL STUDENT DATA
S00003,2025-01-23T07:54:25.759478+00:00,27,Software Engineering,Design Patterns,Easy,26.0,0.5,0.42857142857142855,1.0,1.0,1.0,1.0,46.8,0.0,1.0,1.0,0.0,127.0942968475,0,0.415977,SYNTHETIC / SIMULATED — NOT REAL STUDENT DATA
S00003,2025-01-23T11:33:44.738517+00:00,28,Computer Networks,UDP,Medium,27.0,0.48148148148148145,0.3333333333333333,0.0,0.5,0.5,0.5,0.0,0.0,0.5,0.5,0.0,168.0,0,0.613479,SYNTHETIC / SIMULATED — NOT REAL STUDENT DATA
S00003,2025-01-24T00:29:29.602821+00:00,29,Computer Networks,HTTP,Easy,28.0,0.5,0.42857142857142855,1.0,1.0,1.0,1.0,81.32,0.0,0.5,1.0,0.0,245.9312380111111,1,0.875291,SYNTHETIC / SIMULATED — NOT REAL STUDENT DATA
S00003,2025-01-25T13:18:26.716331+00:00,30,DSA,Heap,Medium,29.0,0.5172413793103449,0.5,0.0,0.5,0.5,0.5,0.0,0.0,0.5,0.5,0.0,168.0,1,0.715995,SYNTHETIC / SIMULATED — NOT REAL STUDENT DATA
S00003,2025-01-26T01:40:51.192939+00:00,31,Computer Networks,DHCP,Medium,30.0,0.5,0.5,0.0,0.5,0.5,0.5,0.0,0.0,0.5,0.5,0.0,168.0,0,0.680957,SYNTHETIC / SIMULATED — NOT REAL STUDENT DATA
S00003,2025-01-27T14:31:23.956167+00:00,32,DBMS,Joins,Easy,31.0,0.5161290322580645,0.5714285714285714,0.0,0.5,0.5,0.5,0.0,0.0,0.5,0.5,0.0,168.0,0,0.525769,SYNTHETIC / SIMULATED — NOT REAL STUDENT DATA
S00003,2025-01-29T02:59:48.814653+00:00,33,DBMS,ER Model,Hard,32.0,0.53125,0.625,1.0,1.0,1.0,1.0,69.15,0.0,0.5,1.0,0.0,342.652043275,0,0.341633,SYNTHETIC / SIMULATED — NOT REAL STUDENT DATA
S00003,2025-01-30T13:21:43.171858+00:00,34,Operating Systems,Deadlocks,Easy,33.0,0.5151515151515151,0.75,1.0,0.0,0.0,0.0,74.6,0.0,0.5,0.0,0.0,500.69577466083337,1,0.83441,SYNTHETIC / SIMULATED — NOT REAL STUDENT DATA
S00003,2025-01-31T07:14:41.420854+00:00,35,Computer Networks,HTTP,Hard,34.0,0.5294117647058824,0.5555555555555556,2.0,1.0,1.0,1.0,60.44,20.880000000000003,1.0,1.0,0.0,174.75328278694445,1,0.87791,SYNTHETIC / SIMULATED — NOT REAL STUDENT DATA
S00003,2025-01-31T12:46:05.997645+00:00,36,Software Engineering,Agile,Easy,35.0,0.5428571428571428,0.375,0.0,0.5,0.5,0.5,0.0,0.0,0.5,0.5,0.0,168.0,1,0.739786,SYNTHETIC / SIMULATED — NOT REAL STUDENT DATA
S00003,2025-02-01T17:43:22.668254+00:00,37,Operating Systems,Synchronization,Easy,36.0,0.5555555555555556,0.8,0.0,0.5,0.5,0.5,0.0,0.0,0.5,0.5,0.0,168.0,1,0.851528,SYNTHETIC / SIMULATED — NOT REAL STUDENT DATA
S00003,2025-02-03T03:44:07.697121+00:00,38,DBMS,Transactions,Easy,37.0,0.5405405405405406,0.5555555555555556,0.0,0.5,0.5,0.5,0.0,0.0,0.5,0.5,0.0,168.0,0,0.42825,SYNTHETIC / SIMULATED — NOT REAL STUDENT DATA
S00003,2025-02-03T12:16:50.153500+00:00,39,DSA,Stack & Queue,Easy,38.0,0.5526315789473685,0.3333333333333333,0.0,0.5,0.5,0.5,0.0,0.0,0.5,0.5,0.0,168.0,0,0.555814,SYNTHETIC / SIMULATED — NOT REAL STUDENT DATA
S00003,2025-02-04T02:51:33.321263+00:00,40,Software Engineering,Project Management,Medium,39.0,0.5641025641025641,0.4444444444444444,0.0,0.5,0.5,0.5,0.0,0.0,0.5,0.5,0.0,168.0,0,0.473409,SYNTHETIC / SIMULATED — NOT REAL STUDENT DATA
S00003,2025-02-05T08:38:45.990515+00:00,41,DSA,Trees,Easy,40.0,0.55,0.5,1.0,1.0,1.0,1.0,64.68,0.0,0.5,1.0,0.0,475.06144507888894,1,0.715685,SYNTHETIC / SIMULATED — NOT REAL STUDENT DATA
S00003,2025-02-06T11:40:34.045433+00:00,42,DBMS,ER Model,Easy,41.0,0.5609756097560976,0.6,2.0,0.5,0.5,0.5,126.48,57.33,1.0,0.0,0.0,200.6792307722222,0,0.344421,SYNTHETIC / SIMULATED — NOT REAL STUDENT DATA
S00003,2025-02-08T00:07:03.321887+00:00,43,Software Engineering,Design Patterns,Hard,42.0,0.5476190476190477,0.4,2.0,0.5,0.5,0.5,59.205,12.404999999999994,0.5,0.0,0.0,376.2104340025,0,0.437953,SYNTHETIC / SIMULATED — NOT REAL STUDENT DATA
S00003,2025-02-08T14:18:43.861302+00:00,44,DBMS,Transactions,Easy,43.0,0.5581395348837209,0.5454545454545454,1.0,1.0,1.0,1.0,23.74,0.0,1.0,1.0,0.0,130.5767122725,0,0.435569,SYNTHETIC / SIMULATED — NOT REAL STUDENT DATA
S00003,2025-02-08T20:03:45.759841+00:00,45,Computer Networks,OSI,Medium,44.0,0.5454545454545454,0.6,1.0,0.0,0.0,0.0,58.06,0.0,0.5,0.0,0.0,488.3064654822222,0,0.656387,SYNTHETIC / SIMULATED — NOT REAL STUDENT DATA
S00003,2025-02-09T04:04:47.853183+00:00,46,Computer Networks,DHCP,Easy,45.0,0.5555555555555556,0.6363636363636364,1.0,1.0,1.0,1.0,85.08,0.0,0.5,1.0,0.0,338.39907229,0,0.683268,SYNTHETIC / SIMULATED — NOT REAL STUDENT DATA
S00003,2025-02-10T00:54:11.595342+00:00,47,Computer Networks,DNS,Medium,46.0,0.5434782608695652,0.5833333333333334,0.0,0.5,0.5,0.5,0.0,0.0,0.5,0.5,0.0,168.0,0,0.652571,SYNTHETIC / SIMULATED — NOT REAL STUDENT DATA
S00003,2025-02-11T12:13:41.425877+00:00,48,Software Engineering,Project Management,Easy,47.0,0.5319148936170213,0.45454545454545453,1.0,0.0,0.0,0.0,156.37,0.0,0.5,0.0,0.0,177.36891794833332,0,0.478652,SYNTHETIC / SIMULATED — NOT REAL STUDENT DATA
S00003,2025-02-12T19:07:00.557395+00:00,49,Operating Systems,Threads,Easy,48.0,0.5208333333333334,0.6666666666666666,1.0,1.0,1.0,1.0,34.34,0.0,0.5,1.0,0.0,720.0,1,0.886958,SYNTHETIC / SIMULATED — NOT REAL STUDENT DATA
S00003,2025-02-13T11:03:12.235224+00:00,50,DSA,Linked Lists,Easy,49.0,0.5306122448979592,0.6,0.0,0.5,0.5,0.5,0.0,0.0,0.5,0.5,0.0,168.0,0,0.646895,SYNTHETIC / SIMULATED — NOT REAL STUDENT DATA
S00003,2025-02-14T02:54:39.389272+00:00,51,DSA,Heap,Medium,50.0,0.54,0.6666666666666666,1.0,0.0,0.0,0.0,98.23,0.0,0.0,0.0,0.0,469.6035202613889,1,0.720503,SYNTHETIC / SIMULATED — NOT REAL STUDENT DATA
S00003,2025-02-15T04:52:39.375578+00:00,52,Computer Networks,DNS,Hard,51.0,0.5294117647058824,0.5384615384615384,1.0,0.0,0.0,0.0,86.67,0.0,0.5,0.0,0.0,123.97438339888889,0,0.657254,SYNTHETIC / SIMULATED — NOT REAL STUDENT DATA
S00003,2025-02-16T12:25:00.903696+00:00,53,Software Engineering,Git/Version Control,Easy,52.0,0.5192307692307693,0.4166666666666667,1.0,0.0,0.0,0.0,75.28,0.0,0.0,0.0,0.0,720.0,0,0.536205,SYNTHETIC / SIMULATED — NOT REAL STUDENT DATA
S00003,2025-02-16T18:01:17.845026+00:00,54,Software Engineering,Git/Version Control,Easy,53.0,0.5283018867924528,0.46153846153846156,2.0,0.5,0.5,0.5,62.394999999999996,12.885000000000032,0.5,1.0,0.0,5.604705925,0,0.54157,SYNTHETIC / SIMULATED — NOT REAL STUDENT DATA
S00003,2025-02-17T22:00:38.769656+00:00,55,DBMS,SQL,Hard,54.0,0.5185185185185185,0.5,2.0,0.5,0.5,0.5,57.435,13.235000000000007,0.5,0.0,0.0,720.0,0,0.440845,SYNTHETIC / SIMULATED — NOT REAL STUDENT DATA
S00003,2025-02-18T12:25:02.311223+00:00,56,DSA,Stack & Queue,Medium,55.0,0.5272727272727272,0.5714285714285714,1.0,1.0,1.0,1.0,48.95,0.0,0.5,1.0,0.0,360.1367104786111,0,0.561425,SYNTHETIC / SIMULATED — NOT REAL STUDENT DATA
S00003,2025-02-18T22:24:04.714039+00:00,57,Computer Networks,DHCP,Medium,56.0,0.5178571428571429,0.5,2.0,0.5,0.5,0.5,84.525,0.5549999999986052,1.0,0.0,0.0,234.32135023777778,0,0.695272,SYNTHETIC / SIMULATED — NOT REAL STUDENT DATA
S00003,2025-02-20T02:19:03.792407+00:00,58,Computer Networks,TCP/IP,Medium,57.0,0.5263157894736842,0.5333333333333333,1.0,0.0,0.0,0.0,152.87,0.0,0.5,0.0,0.0,720.0,0,0.537594,SYNTHETIC / SIMULATED — NOT REAL STUDENT DATA
S00003,2025-02-21T10:05:31.860790+00:00,59,Computer Networks,IP Addressing,Easy,58.0,0.5172413793103449,0.5,2.0,0.5,0.5,0.5,97.75999999999999,36.900000000000034,0.5,1.0,0.0,720.0,1,0.789287,SYNTHETIC / SIMULATED — NOT REAL STUDENT DATA
S00003,2025-02-21T19:12:22.640760+00:00,60,DBMS,DBMS Basics,Medium,59.0,0.5254237288135594,0.5384615384615384,1.0,0.0,0.0,0.0,153.13,0.0,0.0,0.0,0.0,720.0,0,0.374563,SYNTHETIC / SIMULATED — NOT REAL STUDENT DATA
S00004,2025-01-04T01:22:43.948297+00:00,1,Computer Networks,Network Security,Medium,0.0,0.5,0.5,0.0,0.5,0.5,0.5,0.0,0.0,0.5,0.5,0.0,168.0,0,0.174863,SYNTHETIC / SIMULATED — NOT REAL STUDENT DATA
S00004,2025-01-05T01:23:44.337817+00:00,2,DBMS,Normalization,Easy,1.0,0.0,0.5,0.0,0.5,0.5,0.5,0.0,0.0,0.5,0.5,0.0,168.0,0,0.147204,SYNTHETIC / SIMULATED — NOT REAL STUDENT DATA
S00004,2025-01-05T04:33:03.804960+00:00,3,DSA,Trees,Hard,2.0,0.0,0.5,0.0,0.5,0.5,0.5,0.0,0.0,0.5,0.5,0.0,168.0,0,0.119598,SYNTHETIC / SIMULATED — NOT REAL STUDENT DATA
S00004,2025-01-06T02:39:03.415278+00:00,4,Software Engineering,Software Quality,Easy,3.0,0.0,0.5,0.0,0.5,0.5,0.5,0.0,0.0,0.5,0.5,0.0,168.0,0,0.492772,SYNTHETIC / SIMULATED — NOT REAL STUDENT DATA
S00004,2025-01-06T09:50:45.709380+00:00,5,DSA,Hashing,Medium,4.0,0.25,0.0,0.0,0.5,0.5,0.5,0.0,0.0,0.5,0.5,0.0,168.0,0,0.13847,SYNTHETIC / SIMULATED — NOT REAL STUDENT DATA
S00004,2025-01-07T01:32:26.063529+00:00,6,DBMS,Relational Algebra,Easy,5.0,0.4,0.0,0.0,0.5,0.5,0.5,0.0,0.0,0.5,0.5,0.0,168.0,0,0.497581,SYNTHETIC / SIMULATED — NOT REAL STUDENT DATA
S00004,2025-01-07T10:27:49.281112+00:00,7,Software Engineering,Project Management,Medium,6.0,0.5,1.0,0.0,0.5,0.5,0.5,0.0,0.0,0.5,0.5,0.0,168.0,1,0.753885,SYNTHETIC / SIMULATED — NOT REAL STUDENT DATA
S00004,2025-01-08T15:24:16.249920+00:00,8,DBMS,Indexing,Medium,7.0,0.42857142857142855,0.5,0.0,0.5,0.5,0.5,0.0,0.0,0.5,0.5,0.0,168.0,0,0.311125,SYNTHETIC / SIMULATED — NOT REAL STUDENT DATA
S00004,2025-01-09T22:11:28.910697+00:00,9,Software Engineering,Design Patterns,Hard,8.0,0.5,0.5,0.0,0.5,0.5,0.5,0.0,0.0,0.5,0.5,0.0,168.0,0,0.678781,SYNTHETIC / SIMULATED — NOT REAL STUDENT DATA
S00004,2025-01-10T19:41:56.491944+00:00,10,DBMS,Joins,Easy,9.0,0.4444444444444444,0.6666666666666666,0.0,0.5,0.5,0.5,0.0,0.0,0.5,0.5,0.0,168.0,0,0.513163,SYNTHETIC / SIMULATED — NOT REAL STUDENT DATA
S00004,2025-01-11T08:54:38.638660+00:00,11,DSA,Trees,Easy,10.0,0.5,0.5,1.0,0.0,0.0,0.0,185.9,0.0,0.5,0.0,0.0,148.35967602777777,0,0.125022,SYNTHETIC / SIMULATED — NOT REAL STUDENT DATA
S00004,2025-01-12T14:51:23.682080+00:00,12,DSA,Recursion,Medium,11.0,0.45454545454545453,0.3333333333333333,0.0,0.5,0.5,0.5,0.0,0.0,0.5,0.5,0.0,168.0,0,0.07496,SYNTHETIC / SIMULATED — NOT REAL STUDENT DATA
S00004,2025-01-13T07:58:23.069089+00:00,13,Computer Networks,UDP,Medium,12.0,0.4166666666666667,0.0,0.0,0.5,0.5,0.5,0.0,0.0,0.5,0.5,0.0,168.0,0,0.222749,SYNTHETIC / SIMULATED — NOT REAL STUDENT DATA
S00004,2025-01-13T18:12:53.432627+00:00,14,DSA,Linked Lists,Medium,13.0,0.38461538461538464,0.25,0.0,0.5,0.5,0.5,0.0,0.0,0.5,0.5,0.0,168.0,0,0.276713,SYNTHETIC / SIMULATED — NOT REAL STUDENT DATA
S00004,2025-01-13T23:51:25.685779+00:00,15,Operating Systems,Security,Medium,14.0,0.35714285714285715,0.5,0.0,0.5,0.5,0.5,0.0,0.0,0.5,0.5,0.0,168.0,0,0.094513,SYNTHETIC / SIMULATED — NOT REAL STUDENT DATA
S00004,2025-01-15T13:16:56.403229+00:00,16,DSA,Dynamic Programming,Easy,15.0,0.3333333333333333,0.2,0.0,0.5,0.5,0.5,0.0,0.0,0.5,0.5,0.0,168.0,0,0.215488,SYNTHETIC / SIMULATED — NOT REAL STUDENT DATA
S00004,2025-01-16T04:23:13.727201+00:00,17,Software Engineering,SDLC,Easy,16.0,0.3125,0.3333333333333333,0.0,0.5,0.5,0.5,0.0,0.0,0.5,0.5,0.0,168.0,0,0.448425,SYNTHETIC / SIMULATED — NOT REAL STUDENT DATA
S00004,2025-01-16T15:42:33.969235+00:00,18,Operating Systems,Security,Hard,17.0,0.35294117647058826,0.0,1.0,0.0,0.0,0.0,151.35,0.0,0.5,0.0,0.0,63.85230096,0,0.101588,SYNTHETIC / SIMULATED — NOT REAL STUDENT DATA
S00004,2025-01-18T01:18:24.905885+00:00,19,Computer Networks,TCP/IP,Easy,18.0,0.3333333333333333,0.0,0.0,0.5,0.5,0.5,0.0,0.0,0.5,0.5,0.0,168.0,0,0.076026,SYNTHETIC / SIMULATED — NOT REAL STUDENT DATA
S00004,2025-01-18T22:12:58.291909+00:00,20,Computer Networks,UDP,Hard,19.0,0.3684210526315789,0.3333333333333333,1.0,0.0,0.0,0.0,76.01,0.0,0.5,0.0,0.0,134.24311745,0,0.228039,SYNTHETIC / SIMULATED — NOT REAL STUDENT DATA
S00004,2025-01-19T07:31:41.395048+00:00,21,Software Engineering,Software Quality,Medium,20.0,0.35,0.5,1.0,1.0,1.0,1.0,55.08,0.0,0.5,1.0,0.0,316.8772166027778,0,0.49325,SYNTHETIC / SIMULATED — NOT REAL STUDENT DATA
S00004,2025-01-20T21:10:19.923020+00:00,22,DSA,Dynamic Programming,Easy,21.0,0.3333333333333333,0.16666666666666666,1.0,0.0,0.0,0.0,89.34,0.0,0.0,0.0,0.0,127.88986660861111,0,0.218356,SYNTHETIC / SIMULATED — NOT REAL STUDENT DATA
S00004,2025-01-21T13:19:56.640518+00:00,23,DBMS,DBMS Basics,Hard,22.0,0.3181818181818182,0.75,0.0,0.5,0.5,0.5,0.0,0.0,0.5,0.5,0.0,168.0,0,0.493497,SYNTHETIC / SIMULATED — NOT REAL STUDENT DATA
S00004,2025-01-22T17:07:03.309171+00:00,24,DSA,Stack & Queue,Medium,23.0,0.30434782608695654,0.14285714285714285,0.0,0.5,0.5,0.5,0.0,0.0,0.5,0.5,0.0,168.0,0,0.106637,SYNTHETIC / SIMULATED — NOT REAL STUDENT DATA
S00004,2025-01-23T00:26:42.506437+00:00,25,DBMS,ER Model,Easy,24.0,0.2916666666666667,0.6,0.0,0.5,0.5,0.5,0.0,0.0,0.5,0.5,0.0,168.0,0,0.277718,SYNTHETIC / SIMULATED — NOT REAL STUDENT DATA
S00004,2025-01-23T09:15:51.273354+00:00,26,Operating Systems,Memory Management,Easy,25.0,0.32,0.0,0.0,0.5,0.5,0.5,0.0,0.0,0.5,0.5,0.0,168.0,0,0.09961,SYNTHETIC / SIMULATED — NOT REAL STUDENT DATA
S00004,2025-01-24T10:19:08.069987+00:00,27,DBMS,Indexing,Medium,26.0,0.34615384615384615,0.6666666666666666,1.0,1.0,1.0,1.0,79.44,0.0,1.0,1.0,0.0,378.9143944630556,0,0.315293,SYNTHETIC / SIMULATED — NOT REAL STUDENT DATA
S00004,2025-01-25T16:06:12.079512+00:00,28,Computer Networks,Network Security,Medium,27.0,0.3333333333333333,0.25,1.0,0.0,0.0,0.0,150.08,0.0,0.0,0.0,0.0,518.7244808930556,0,0.182043,SYNTHETIC / SIMULATED — NOT REAL STUDENT DATA
S00004,2025-01-26T11:10:46.780318+00:00,29,DBMS,ER Model,Easy,28.0,0.32142857142857145,0.5714285714285714,1.0,1.0,1.0,1.0,58.95,0.0,1.0,1.0,0.0,82.7345205225,0,0.298231,SYNTHETIC / SIMULATED — NOT REAL STUDENT DATA
S00004,2025-01-26T17:00:25.863334+00:00,30,DSA,Strings,Medium,29.0,0.3448275862068966,0.125,0.0,0.5,0.5,0.5,0.0,0.0,0.5,0.5,0.0,168.0,0,0.111072,SYNTHETIC / SIMULATED — NOT REAL STUDENT DATA
S00004,2025-01-27T21:17:33.619486+00:00,31,DBMS,Indexing,Hard,30.0,0.3333333333333333,0.625,2.0,0.5,0.5,0.5,89.625,10.185000000000008,0.5,0.0,0.0,82.97376374972222,0,0.319736,SYNTHETIC / SIMULATED — NOT REAL STUDENT DATA
S00004,2025-01-29T01:03:36.579835+00:00,32,Operating Systems,Synchronization,Hard,31.0,0.3225806451612903,0.3333333333333333,0.0,0.5,0.5,0.5,0.0,0.0,0.5,0.5,0.0,168.0,0,0.267781,SYNTHETIC / SIMULATED — NOT REAL STUDENT DATA
S00004,2025-01-30T11:27:40.128400+00:00,33,Software Engineering,Design Patterns,Medium,32.0,0.3125,0.4,1.0,0.0,0.0,0.0,195.72,0.0,0.5,0.0,0.0,493.26978269527774,0,0.690629,SYNTHETIC / SIMULATED — NOT REAL STUDENT DATA
S00004,2025-01-31T08:45:37.646683+00:00,34,Operating Systems,Deadlocks,Hard,33.0,0.3333333333333333,0.25,0.0,0.5,0.5,0.5,0.0,0.0,0.5,0.5,0.0,168.0,0,0.101943,SYNTHETIC / SIMULATED — NOT REAL STUDENT DATA
S00004,2025-02-01T09:21:54.500626+00:00,35,DSA,Hashing,Medium,34.0,0.3235294117647059,0.1111111111111111,1.0,1.0,1.0,1.0,119.31,0.0,1.0,1.0,0.0,623.5191086794445,0,0.147519,SYNTHETIC / SIMULATED — NOT REAL STUDENT DATA
S00004,2025-02-02T00:32:26.188697+00:00,36,Operating Systems,Memory Management,Easy,35.0,0.3142857142857143,0.2,1.0,1.0,1.0,1.0,46.76,0.0,1.0,1.0,0.0,231.27636537305554,0,0.10647,SYNTHETIC / SIMULATED — NOT REAL STUDENT DATA
S00004,2025-02-03T06:30:14.261349+00:00,37,DSA,Heap,Easy,36.0,0.3055555555555556,0.1,0.0,0.5,0.5,0.5,0.0,0.0,0.5,0.5,0.0,168.0,0,0.054774,SYNTHETIC / SIMULATED — NOT REAL STUDENT DATA
S00004,2025-02-04T07:55:32.666403+00:00,38,Operating Systems,Deadlocks,Easy,37.0,0.2972972972972973,0.16666666666666666,1.0,0.0,0.0,0.0,165.73,0.0,0.5,0.0,0.0,95.16528325555555,0,0.129683,SYNTHETIC / SIMULATED — NOT REAL STUDENT DATA
S00004,2025-02-05T16:35:35.548079+00:00,39,Computer Networks,OSI,Medium,38.0,0.3157894736842105,0.2,0.0,0.5,0.5,0.5,0.0,0.0,0.5,0.5,0.0,168.0,0,0.057234,SYNTHETIC / SIMULATED — NOT REAL STUDENT DATA
S00004,2025-02-06T07:01:20.500190+00:00,40,DBMS,Transactions,Medium,39.0,0.3076923076923077,0.5555555555555556,0.0,0.5,0.5,0.5,0.0,0.0,0.5,0.5,0.0,168.0,0,0.519352,SYNTHETIC / SIMULATED — NOT REAL STUDENT DATA
S00004,2025-02-06T17:38:07.440353+00:00,41,Computer Networks,OSI,Hard,40.0,0.3,0.16666666666666666,1.0,0.0,0.0,0.0,171.74,0.0,0.5,0.0,0.0,25.042192298333333,0,0.064829,SYNTHETIC / SIMULATED — NOT REAL STUDENT DATA
S00004,2025-02-06T21:23:25.370226+00:00,42,DSA,Trees,Easy,41.0,0.2926829268292683,0.09090909090909091,2.0,0.0,0.0,0.0,125.515,60.385,0.0,0.0,0.0,636.4796476572221,0,0.148626,SYNTHETIC / SIMULATED — NOT REAL STUDENT DATA
S00004,2025-02-07T22:30:31.880018+00:00,43,DSA,Hashing,Easy,42.0,0.30952380952380953,0.16666666666666666,2.0,0.5,0.5,0.5,145.155,25.84500000000002,0.5,0.0,0.0,157.14371649777777,0,0.169704,SYNTHETIC / SIMULATED — NOT REAL STUDENT DATA
S00004,2025-02-09T07:44:08.067049+00:00,44,Software Engineering,Project Management,Medium,43.0,0.32558139534883723,0.5,1.0,0.0,0.0,0.0,54.22,0.0,0.0,0.0,0.0,720.0,1,0.762107,SYNTHETIC / SIMULATED — NOT REAL STUDENT DATA
S00004,2025-02-09T12:48:14.161390+00:00,45,DSA,Strings,Easy,44.0,0.3409090909090909,0.23076923076923078,1.0,0.0,0.0,0.0,196.38,0.0,0.5,0.0,0.0,331.79674946,0,0.136207,SYNTHETIC / SIMULATED — NOT REAL STUDENT DATA
S00004,2025-02-10T05:48:22.291125+00:00,46,Operating Systems,I/O Management,Hard,45.0,0.35555555555555557,0.2857142857142857,0.0,0.5,0.5,0.5,0.0,0.0,0.5,0.5,0.0,168.0,0,0.056673,SYNTHETIC / SIMULATED — NOT REAL STUDENT DATA
S00004,2025-02-10T11:43:00.030813+00:00,47,DSA,Arrays,Medium,46.0,0.34782608695652173,0.2857142857142857,0.0,0.5,0.5,0.5,0.0,0.0,0.5,0.5,0.0,168.0,0,0.058028,SYNTHETIC / SIMULATED — NOT REAL STUDENT DATA
S00004,2025-02-11T13:12:10.233553+00:00,48,Software Engineering,SDLC,Hard,47.0,0.3404255319148936,0.5714285714285714,1.0,1.0,1.0,1.0,43.86,0.0,0.5,1.0,0.0,632.8156962088889,0,0.454477,SYNTHETIC / SIMULATED — NOT REAL STUDENT DATA
S00004,2025-02-12T08:33:15.130042+00:00,49,DSA,Graphs,Easy,48.0,0.3333333333333333,0.26666666666666666,0.0,0.5,0.5,0.5,0.0,0.0,0.5,0.5,0.0,168.0,0,0.240322,SYNTHETIC / SIMULATED — NOT REAL STUDENT DATA
S00004,2025-02-13T16:18:28.590129+00:00,50,Computer Networks,Network Security,Easy,49.0,0.32653061224489793,0.14285714285714285,2.0,0.0,0.0,0.0,137.46,12.620000000000001,0.5,0.0,0.0,456.20458628250003,0,0.186004,SYNTHETIC / SIMULATED — NOT REAL STUDENT DATA
S00004,2025-02-14T21:22:54.219506+00:00,51,DBMS,Indexing,Medium,50.0,0.32,0.5,3.0,0.3333333333333333,0.3333333333333333,0.3333333333333333,144.54333333333332,78.11019665973339,0.5,0.0,0.0,432.08905556111114,0,0.326904,SYNTHETIC / SIMULATED — NOT REAL STUDENT DATA
S00004,2025-02-15T20:32:01.360288+00:00,52,Computer Networks,HTTP,Easy,51.0,0.3137254901960784,0.125,0.0,0.5,0.5,0.5,0.0,0.0,0.5,0.5,0.0,168.0,0,0.128362,SYNTHETIC / SIMULATED — NOT REAL STUDENT DATA
S00004,2025-02-17T05:45:37.442868+00:00,53,DBMS,DBMS Basics,Easy,52.0,0.3269230769230769,0.45454545454545453,1.0,0.0,0.0,0.0,130.91,0.0,0.5,0.0,0.0,640.4280006527778,0,0.504873,SYNTHETIC / SIMULATED — NOT REAL STUDENT DATA
S00004,2025-02-17T10:24:09.748187+00:00,54,Operating Systems,Threads,Easy,53.0,0.33962264150943394,0.25,0.0,0.5,0.5,0.5,0.0,0.0,0.5,0.5,0.0,168.0,0,0.198806,SYNTHETIC / SIMULATED — NOT REAL STUDENT DATA
S00004,2025-02-18T08:19:23.510092+00:00,55,DSA,Stack & Queue,Medium,54.0,0.35185185185185186,0.25,1.0,0.0,0.0,0.0,197.74,0.0,0.0,0.0,0.0,639.2056113669445,0,0.115799,SYNTHETIC / SIMULATED — NOT REAL STUDENT DATA
S00004,2025-02-19T21:10:51.752165+00:00,56,DBMS,Concurrency Control,Easy,55.0,0.34545454545454546,0.5,0.0,0.5,0.5,0.5,0.0,0.0,0.5,0.5,0.0,168.0,0,0.19559,SYNTHETIC / SIMULATED — NOT REAL STUDENT DATA
S00004,2025-02-21T10:40:58.574219+00:00,57,Operating Systems,Deadlocks,Medium,56.0,0.35714285714285715,0.3333333333333333,2.0,0.5,0.5,0.5,116.57499999999999,49.15500000000001,0.5,1.0,0.0,410.7571966155556,0,0.136256,SYNTHETIC / SIMULATED — NOT REAL STUDENT DATA
S00004,2025-02-22T07:23:07.734662+00:00,58,Computer Networks,HTTP,Hard,57.0,0.3508771929824561,0.2222222222222222,1.0,1.0,1.0,1.0,47.7,0.0,0.5,1.0,0.0,154.85177065944444,0,0.134238,SYNTHETIC / SIMULATED — NOT REAL STUDENT DATA
S00004,2025-02-23T17:30:20.809262+00:00,59,DSA,Arrays,Hard,58.0,0.3448275862068966,0.23529411764705882,1.0,0.0,0.0,0.0,140.5,0.0,0.5,0.0,0.0,317.78910512472225,0,0.064735,SYNTHETIC / SIMULATED — NOT REAL STUDENT DATA
S00004,2025-02-25T04:06:55.852701+00:00,60,Software Engineering,Testing,Medium,59.0,0.3389830508474576,0.5,0.0,0.5,0.5,0.5,0.0,0.0,0.5,0.5,0.0,168.0,0,0.49128,SYNTHETIC / SIMULATED — NOT REAL STUDENT DATA
S00005,2025-01-04T03:15:41.642558+00:00,1,Software Engineering,Git/Version Control,Medium,0.0,0.5,0.5,0.0,0.5,0.5,0.5,0.0,0.0,0.5,0.5,0.0,168.0,1,0.752254,SYNTHETIC / SIMULATED — NOT REAL STUDENT DATA
S00005,2025-01-04T22:14:26.200156+00:00,2,Operating Systems,Synchronization,Medium,1.0,0.0,0.5,0.0,0.5,0.5,0.5,0.0,0.0,0.5,0.5,0.0,168.0,1,0.944251,SYNTHETIC / SIMULATED — NOT REAL STUDENT DATA
S00005,2025-01-05T21:15:43.323328+00:00,3,Computer Networks,UDP,Easy,2.0,0.5,0.5,0.0,0.5,0.5,0.5,0.0,0.0,0.5,0.5,0.0,168.0,1,0.785529,SYNTHETIC / SIMULATED — NOT REAL STUDENT DATA
S00005,2025-01-06T01:49:00.247913+00:00,4,DSA,Trees,Easy,3.0,0.6666666666666666,0.5,0.0,0.5,0.5,0.5,0.0,0.0,0.5,0.5,0.0,168.0,0,0.336117,SYNTHETIC / SIMULATED — NOT REAL STUDENT DATA
S00005,2025-01-07T03:05:25.688983+00:00,5,Software Engineering,Git/Version Control,Medium,4.0,0.5,0.0,1.0,0.0,0.0,0.0,94.09,0.0,0.0,0.0,0.0,71.82890178472222,1,0.763529,SYNTHETIC / SIMULATED — NOT REAL STUDENT DATA
S00005,2025-01-07T20:21:15.170397+00:00,6,DBMS,DBMS Basics,Easy,5.0,0.6,0.5,0.0,0.5,0.5,0.5,0.0,0.0,0.5,0.5,0.0,168.0,0,0.607661,SYNTHETIC / SIMULATED — NOT REAL STUDENT DATA
S00005,2025-01-08T12:39:45.797992+00:00,7,DBMS,Joins,Medium,6.0,0.6666666666666666,1.0,0.0,0.5,0.5,0.5,0.0,0.0,0.5,0.5,0.0,168.0,0,0.681526,SYNTHETIC / SIMULATED — NOT REAL STUDENT DATA
S00005,2025-01-09T03:17:27.071881+00:00,8,DBMS,Normalization,Medium,7.0,0.5714285714285714,0.5,0.0,0.5,0.5,0.5,0.0,0.0,0.5,0.5,0.0,168.0,0,0.669132,SYNTHETIC / SIMULATED — NOT REAL STUDENT DATA
S00005,2025-01-10T13:13:30.093896+00:00,9,DSA,Recursion,Hard,8.0,0.625,0.0,0.0,0.5,0.5,0.5,0.0,0.0,0.5,0.5,0.0,168.0,0,0.517475,SYNTHETIC / SIMULATED — NOT REAL STUDENT DATA
S00005,2025-01-11T09:40:36.393908+00:00,10,Computer Networks,Routing,Medium,9.0,0.5555555555555556,1.0,0.0,0.5,0.5,0.5,0.0,0.0,0.5,0.5,0.0,168.0,1,0.737258,SYNTHETIC / SIMULATED — NOT REAL STUDENT DATA
S00005,2025-01-12T11:14:20.269055+00:00,11,DSA,Heap,Easy,10.0,0.6,0.0,0.0,0.5,0.5,0.5,0.0,0.0,0.5,0.5,0.0,168.0,0,0.539966,SYNTHETIC / SIMULATED — NOT REAL STUDENT DATA
S00005,2025-01-13T14:37:16.549711+00:00,12,Computer Networks,TCP,Easy,11.0,0.6363636363636364,1.0,0.0,0.5,0.5,0.5,0.0,0.0,0.5,0.5,0.0,168.0,1,0.762498,SYNTHETIC / SIMULATED — NOT REAL STUDENT DATA
S00005,2025-01-13T23:55:28.823449+00:00,13,Computer Networks,HTTP,Easy,12.0,0.6666666666666666,1.0,0.0,0.5,0.5,0.5,0.0,0.0,0.5,0.5,0.0,168.0,1,0.74488,SYNTHETIC / SIMULATED — NOT REAL STUDENT DATA
S00005,2025-01-15T07:03:36.959506+00:00,14,Operating Systems,CPU Scheduling,Easy,13.0,0.6923076923076923,1.0,0.0,0.5,0.5,0.5,0.0,0.0,0.5,0.5,0.0,168.0,1,0.935059,SYNTHETIC / SIMULATED — NOT REAL STUDENT DATA
S00005,2025-01-16T07:46:39.109266+00:00,15,DSA,Graphs,Medium,14.0,0.7142857142857143,0.3333333333333333,0.0,0.5,0.5,0.5,0.0,0.0,0.5,0.5,0.0,168.0,0,0.582067,SYNTHETIC / SIMULATED — NOT REAL STUDENT DATA
S00005,2025-01-16T23:26:53.584002+00:00,16,DSA,Strings,Medium,15.0,0.7333333333333333,0.5,0.0,0.5,0.5,0.5,0.0,0.0,0.5,0.5,0.0,168.0,0,0.639675,SYNTHETIC / SIMULATED — NOT REAL STUDENT DATA
S00005,2025-01-18T02:35:38.062223+00:00,17,DSA,Trees,Medium,16.0,0.75,0.6,1.0,0.0,0.0,0.0,79.14,0.0,0.5,0.0,0.0,288.77717064166666,0,0.359597,SYNTHETIC / SIMULATED — NOT REAL STUDENT DATA
S00005,2025-01-18T06:31:20.712611+00:00,18,Computer Networks,IP Addressing,Medium,17.0,0.7647058823529411,1.0,0.0,0.5,0.5,0.5,0.0,0.0,0.5,0.5,0.0,168.0,1,0.783503,SYNTHETIC / SIMULATED — NOT REAL STUDENT DATA
S00005,2025-01-19T20:07:29.256867+00:00,19,DBMS,Normalization,Hard,18.0,0.7777777777777778,0.6666666666666666,1.0,1.0,1.0,1.0,62.59,0.0,0.5,1.0,0.0,256.83394027388886,0,0.672611,SYNTHETIC / SIMULATED — NOT REAL STUDENT DATA
S00005,2025-01-21T00:15:52.175339+00:00,20,Operating Systems,CPU Scheduling,Easy,19.0,0.7368421052631579,1.0,1.0,1.0,1.0,1.0,52.24,0.0,1.0,1.0,0.0,137.20422662027778,1,0.938699,SYNTHETIC / SIMULATED — NOT REAL STUDENT DATA
S00005,2025-01-22T12:00:31.350440+00:00,21,Computer Networks,HTTP,Hard,20.0,0.75,1.0,1.0,1.0,1.0,1.0,36.96,0.0,0.5,1.0,0.0,204.08403527527778,1,0.748969,SYNTHETIC / SIMULATED — NOT REAL STUDENT DATA
S00005,2025-01-23T18:35:21.577388+00:00,22,DBMS,Keys,Medium,21.0,0.7142857142857143,0.5,0.0,0.5,0.5,0.5,0.0,0.0,0.5,0.5,0.0,168.0,0,0.645837,SYNTHETIC / SIMULATED — NOT REAL STUDENT DATA
S00005,2025-01-24T17:23:30.057899+00:00,23,DSA,Linked Lists,Hard,22.0,0.7272727272727273,0.6666666666666666,0.0,0.5,0.5,0.5,0.0,0.0,0.5,0.5,0.0,168.0,1,0.736351,SYNTHETIC / SIMULATED — NOT REAL STUDENT DATA
S00005,2025-01-25T21:07:51.589591+00:00,24,Computer Networks,DNS,Easy,23.0,0.6956521739130435,0.8333333333333334,0.0,0.5,0.5,0.5,0.0,0.0,0.5,0.5,0.0,168.0,1,0.746339,SYNTHETIC / SIMULATED — NOT REAL STUDENT DATA
S00005,2025-01-26T13:12:33.595404+00:00,25,DSA,Arrays,Medium,24.0,0.7083333333333334,0.5714285714285714,0.0,0.5,0.5,0.5,0.0,0.0,0.5,0.5,0.0,168.0,0,0.523024,SYNTHETIC / SIMULATED — NOT REAL STUDENT DATA
S00005,2025-01-27T15:05:47.507498+00:00,26,Computer Networks,DHCP,Medium,25.0,0.68,0.8571428571428571,0.0,0.5,0.5,0.5,0.0,0.0,0.5,0.5,0.0,168.0,0,0.648971,SYNTHETIC / SIMULATED — NOT REAL STUDENT DATA
S00005,2025-01-28T09:04:07.963816+00:00,27,Computer Networks,DHCP,Medium,26.0,0.6538461538461539,0.75,1.0,0.0,0.0,0.0,87.17,0.0,0.0,0.0,0.0,17.97234897722222,0,0.648641,SYNTHETIC / SIMULATED — NOT REAL STUDENT DATA
S00005,2025-01-29T17:15:53.644479+00:00,28,DBMS,Normalization,Medium,27.0,0.6296296296296297,0.6,2.0,0.5,0.5,0.5,115.85000000000001,53.26,1.0,0.0,0.0,237.14010767,0,0.674285,SYNTHETIC / SIMULATED — NOT REAL STUDENT DATA
S00005,2025-01-29T20:25:27.484781+00:00,29,Computer Networks,TCP/IP,Medium,28.0,0.6071428571428571,0.6666666666666666,0.0,0.5,0.5,0.5,0.0,0.0,0.5,0.5,0.0,168.0,1,0.85561,SYNTHETIC / SIMULATED — NOT REAL STUDENT DATA
S00005,2025-01-30T11:23:43.347003+00:00,30,DSA,Strings,Medium,29.0,0.5862068965517241,0.5,1.0,1.0,1.0,1.0,66.19,0.0,1.0,1.0,0.0,323.94715638916665,0,0.652298,SYNTHETIC / SIMULATED — NOT REAL STUDENT DATA
S00005,2025-01-30T22:11:38.337125+00:00,31,DSA,Graphs,Easy,30.0,0.6,0.5555555555555556,1.0,1.0,1.0,1.0,68.11,0.0,0.5,1.0,0.0,350.4164521830555,0,0.583336,SYNTHETIC / SIMULATED — NOT REAL STUDENT DATA
S00005,2025-02-01T05:41:12.503853+00:00,32,DSA,Heap,Easy,31.0,0.5806451612903226,0.5,1.0,1.0,1.0,1.0,37.65,0.0,1.0,1.0,0.0,474.44784299944445,0,0.552221,SYNTHETIC / SIMULATED — NOT REAL STUDENT DATA
S00005,2025-02-01T16:08:27.577837+00:00,33,Software Engineering,Testing,Medium,32.0,0.59375,0.5,0.0,0.5,0.5,0.5,0.0,0.0,0.5,0.5,0.0,168.0,1,0.978976,SYNTHETIC / SIMULATED — NOT REAL STUDENT DATA
S00005,2025-02-03T03:22:47.574675+00:00,34,Computer Networks,HTTP,Easy,33.0,0.6060606060606061,0.6,2.0,0.5,0.5,0.5,77.19500000000001,40.23499999999999,1.0,0.0,0.0,279.3711733986111,1,0.752378,SYNTHETIC / SIMULATED — NOT REAL STUDENT DATA
S00005,2025-02-04T05:34:03.297045+00:00,35,Computer Networks,HTTP,Easy,34.0,0.5882352941176471,0.5454545454545454,3.0,0.3333333333333333,0.3333333333333333,0.3333333333333333,71.52,33.81786608682854,0.5,0.0,0.0,26.187700658333334,1,0.760753,SYNTHETIC / SIMULATED — NOT REAL STUDENT DATA
S00005,2025-02-05T00:47:53.863961+00:00,36,DSA,Strings,Hard,35.0,0.6,0.5454545454545454,2.0,1.0,1.0,1.0,66.935,0.7449999999997715,0.5,1.0,0.0,133.40292137722224,0,0.668023,SYNTHETIC / SIMULATED — NOT REAL STUDENT DATA
S00005,2025-02-05T15:42:37.895855+00:00,37,Operating Systems,File Systems,Hard,36.0,0.6111111111111112,1.0,0.0,0.5,0.5,0.5,0.0,0.0,0.5,0.5,0.0,168.0,1,0.801006,SYNTHETIC / SIMULATED — NOT REAL STUDENT DATA
S00005,2025-02-06T12:58:29.074264+00:00,38,DSA,Heap,Hard,37.0,0.6216216216216216,0.5833333333333334,2.0,1.0,1.0,1.0,51.769999999999996,14.120000000000022,0.5,1.0,0.0,127.28793622527778,0,0.557013,SYNTHETIC / SIMULATED — NOT REAL STUDENT DATA
S00005,2025-02-07T16:44:40.464302+00:00,39,DBMS,DBMS Basics,Medium,38.0,0.6052631578947368,0.5,1.0,1.0,1.0,1.0,57.99,0.0,0.5,1.0,0.0,720.0,0,0.61949,SYNTHETIC / SIMULATED — NOT REAL STUDENT DATA
S00005,2025-02-08T07:14:18.129674+00:00,40,Operating Systems,Threads,Easy,39.0,0.6153846153846154,1.0,0.0,0.5,0.5,0.5,0.0,0.0,0.5,0.5,0.0,168.0,1,0.93391,SYNTHETIC / SIMULATED — NOT REAL STUDENT DATA
S00005,2025-02-09T14:38:45.457217+00:00,41,DBMS,SQL,Easy,40.0,0.625,0.5714285714285714,0.0,0.5,0.5,0.5,0.0,0.0,0.5,0.5,0.0,168.0,1,0.977462,SYNTHETIC / SIMULATED — NOT REAL STUDENT DATA
S00005,2025-02-10T16:12:40.604855+00:00,42,DSA,Arrays,Medium,41.0,0.6341463414634146,0.5384615384615384,1.0,0.0,0.0,0.0,85.86,0.0,0.0,0.0,0.0,363.00194706972223,0,0.539377,SYNTHETIC / SIMULATED — NOT REAL STUDENT DATA
S00005,2025-02-12T02:30:17.506765+00:00,43,Software Engineering,Design Patterns,Hard,42.0,0.6428571428571429,0.6666666666666666,0.0,0.5,0.5,0.5,0.0,0.0,0.5,0.5,0.0,168.0,1,0.831966,SYNTHETIC / SIMULATED — NOT REAL STUDENT DATA
S00005,2025-02-12T10:10:48.561010+00:00,44,Software Engineering,Waterfall,Easy,43.0,0.627906976744186,0.5,0.0,0.5,0.5,0.5,0.0,0.0,0.5,0.5,0.0,168.0,1,0.827235,SYNTHETIC / SIMULATED — NOT REAL STUDENT DATA
S00005,2025-02-12T20:36:25.007491+00:00,45,Operating Systems,I/O Management,Hard,44.0,0.6363636363636364,1.0,0.0,0.5,0.5,0.5,0.0,0.0,0.5,0.5,0.0,168.0,1,0.929836,SYNTHETIC / SIMULATED — NOT REAL STUDENT DATA
S00005,2025-02-13T06:02:35.004265+00:00,46,DBMS,Normalization,Easy,45.0,0.6444444444444445,0.625,3.0,0.3333333333333333,0.3333333333333333,0.3333333333333333,114.80333333333334,43.51179252672645,0.5,0.0,0.0,348.77815549611114,0,0.68308,SYNTHETIC / SIMULATED — NOT REAL STUDENT DATA
S00005,2025-02-14T07:52:15.749933+00:00,47,DSA,Trees,Medium,46.0,0.6521739130434783,0.5714285714285714,2.0,0.5,0.5,0.5,79.815,0.6749999999997036,1.0,1.0,0.0,653.277135475,0,0.359926,SYNTHETIC / SIMULATED — NOT REAL STUDENT DATA
S00005,2025-02-14T19:19:58.071507+00:00,48,DBMS,Relational Algebra,Medium,47.0,0.6382978723404256,0.6666666666666666,0.0,0.5,0.5,0.5,0.0,0.0,0.5,0.5,0.0,168.0,1,0.770571,SYNTHETIC / SIMULATED — NOT REAL STUDENT DATA
S00005,2025-02-15T12:10:24.252114+00:00,49,DSA,Dynamic Programming,Easy,48.0,0.625,0.5333333333333333,0.0,0.5,0.5,0.5,0.0,0.0,0.5,0.5,0.0,168.0,0,0.498665,SYNTHETIC / SIMULATED — NOT REAL STUDENT DATA
S00005,2025-02-16T23:50:20.836350+00:00,50,DBMS,ER Model,Easy,49.0,0.6326530612244898,0.6,0.0,0.5,0.5,0.5,0.0,0.0,0.5,0.5,0.0,168.0,0,0.678772,SYNTHETIC / SIMULATED — NOT REAL STUDENT DATA
S00005,2025-02-18T07:17:14.677593+00:00,51,Computer Networks,DNS,Easy,50.0,0.64,0.5833333333333334,1.0,1.0,1.0,1.0,62.09,0.0,1.0,1.0,0.0,562.1564133338888,1,0.752212,SYNTHETIC / SIMULATED — NOT REAL STUDENT DATA
S00005,2025-02-18T19:47:32.496435+00:00,52,DBMS,Joins,Hard,51.0,0.6470588235294118,0.6363636363636364,1.0,0.0,0.0,0.0,58.45,0.0,0.5,0.0,0.0,720.0,0,0.687969,SYNTHETIC / SIMULATED — NOT REAL STUDENT DATA
S00005,2025-02-19T19:12:53.093685+00:00,53,Computer Networks,DNS,Hard,52.0,0.6346153846153846,0.6153846153846154,2.0,1.0,1.0,1.0,46.93,15.160000000000004,0.5,1.0,0.0,35.92733780333333,1,0.758401,SYNTHETIC / SIMULATED — NOT REAL STUDENT DATA
S00005,2025-02-20T03:15:43.973559+00:00,54,DSA,Heap,Hard,53.0,0.6415094339622641,0.5625,3.0,0.6666666666666666,0.6666666666666666,0.6666666666666666,84.29333333333334,47.41783091716541,0.0,0.0,0.0,326.28747202638885,0,0.555085,SYNTHETIC / SIMULATED — NOT REAL STUDENT DATA
S00005,2025-02-21T00:34:27.673463+00:00,55,Computer Networks,Routing,Hard,54.0,0.6296296296296297,0.6428571428571429,1.0,1.0,1.0,1.0,56.84,0.0,0.5,1.0,0.0,720.0,1,0.749191,SYNTHETIC / SIMULATED — NOT REAL STUDENT DATA
S00005,2025-02-21T09:47:00.543184+00:00,56,DSA,Arrays,Easy,55.0,0.6363636363636364,0.5294117647058824,2.0,0.5,0.5,0.5,93.14500000000001,7.284999999999979,0.5,1.0,0.0,257.5722050913889,0,0.55204,SYNTHETIC / SIMULATED — NOT REAL STUDENT DATA
S00005,2025-02-21T19:44:21.689729+00:00,57,DSA,Stack & Queue,Medium,56.0,0.6428571428571429,0.5555555555555556,0.0,0.5,0.5,0.5,0.0,0.0,0.5,0.5,0.0,168.0,0,0.505854,SYNTHETIC / SIMULATED — NOT REAL STUDENT DATA
S00005,2025-02-21T22:51:24.336506+00:00,58,Operating Systems,File Systems,Hard,57.0,0.631578947368421,1.0,1.0,1.0,1.0,1.0,119.38,0.0,1.0,1.0,0.0,391.1462335141667,1,0.803202,SYNTHETIC / SIMULATED — NOT REAL STUDENT DATA
S00005,2025-02-22T02:15:54.058352+00:00,59,DBMS,Normalization,Medium,58.0,0.6206896551724138,0.5833333333333334,4.0,0.5,0.5,0.5,94.6025,51.42157201749087,0.5,1.0,0.0,212.2219594686111,0,0.697586,SYNTHETIC / SIMULATED — NOT REAL STUDENT DATA
S00005,2025-02-22T17:15:49.552532+00:00,60,Software Engineering,SRS,Hard,59.0,0.6271186440677966,0.6,0.0,0.5,0.5,0.5,0.0,0.0,0.5,0.5,0.0,168.0,1,0.980448,SYNTHETIC / SIMULATED — NOT REAL STUDENT DATA
S00006,2025-01-02T13:05:49.460027+00:00,1,Software Engineering,UML,Medium,0.0,0.5,0.5,0.0,0.5,0.5,0.5,0.0,0.0,0.5,0.5,0.0,168.0,1,0.836748,SYNTHETIC / SIMULATED — NOT REAL STUDENT DATA
S00006,2025-01-02T22:01:30.200891+00:00,2,DBMS,SQL,Easy,1.0,1.0,0.5,0.0,0.5,0.5,0.5,0.0,0.0,0.5,0.5,0.0,168.0,0,0.223464,SYNTHETIC / SIMULATED — NOT REAL STUDENT DATA
S00006,2025-01-03T23:14:09.037501+00:00,3,Operating Systems,Deadlocks,Medium,2.0,0.5,0.5,0.0,0.5,0.5,0.5,0.0,0.0,0.5,0.5,0.0,168.0,1,0.981116,SYNTHETIC / SIMULATED — NOT REAL STUDENT DATA
S00006,2025-01-04T18:43:50.682680+00:00,4,DBMS,ER Model,Hard,3.0,0.6666666666666666,0.0,0.0,0.5,0.5,0.5,0.0,0.0,0.5,0.5,0.0,168.0,0,0.371484,SYNTHETIC / SIMULATED — NOT REAL STUDENT DATA
S00006,2025-01-05T09:00:14.369571+00:00,5,DSA,Strings,Easy,4.0,0.5,0.5,0.0,0.5,0.5,0.5,0.0,0.0,0.5,0.5,0.0,168.0,0,0.695156,SYNTHETIC / SIMULATED — NOT REAL STUDENT DATA
S00006,2025-01-06T22:54:22.424405+00:00,6,DSA,Recursion,Medium,5.0,0.6,1.0,0.0,0.5,0.5,0.5,0.0,0.0,0.5,0.5,0.0,168.0,1,0.880611,SYNTHETIC / SIMULATED — NOT REAL STUDENT DATA
S00006,2025-01-07T20:31:15.636114+00:00,7,DBMS,ER Model,Easy,6.0,0.6666666666666666,0.0,1.0,0.0,0.0,0.0,154.09,0.0,0.5,0.0,0.0,73.79026484277779,0,0.388918,SYNTHETIC / SIMULATED — NOT REAL STUDENT DATA
S00006,2025-01-08T08:42:12.424952+00:00,8,Computer Networks,Routing,Easy,7.0,0.7142857142857143,0.5,0.0,0.5,0.5,0.5,0.0,0.0,0.5,0.5,0.0,168.0,1,0.761052,SYNTHETIC / SIMULATED — NOT REAL STUDENT DATA
S00006,2025-01-09T18:02:24.434967+00:00,9,Software Engineering,Agile,Easy,8.0,0.75,1.0,0.0,0.5,0.5,0.5,0.0,0.0,0.5,0.5,0.0,168.0,0,0.676253,SYNTHETIC / SIMULATED — NOT REAL STUDENT DATA
S00006,2025-01-09T21:56:15.283157+00:00,10,DBMS,Indexing,Easy,9.0,0.7777777777777778,0.3333333333333333,0.0,0.5,0.5,0.5,0.0,0.0,0.5,0.5,0.0,168.0,0,0.28613,SYNTHETIC / SIMULATED — NOT REAL STUDENT DATA
S00006,2025-01-10T08:42:51.326741+00:00,11,DSA,Graphs,Medium,10.0,0.7,1.0,0.0,0.5,0.5,0.5,0.0,0.0,0.5,0.5,0.0,168.0,0,0.680382,SYNTHETIC / SIMULATED — NOT REAL STUDENT DATA
S00006,2025-01-11T19:35:41.486012+00:00,12,Software Engineering,Waterfall,Medium,11.0,0.7272727272727273,1.0,0.0,0.5,0.5,0.5,0.0,0.0,0.5,0.5,0.0,168.0,1,0.802429,SYNTHETIC / SIMULATED — NOT REAL STUDENT DATA
S00006,2025-01-13T07:49:25.325435+00:00,13,DBMS,Concurrency Control,Hard,12.0,0.75,0.25,0.0,0.5,0.5,0.5,0.0,0.0,0.5,0.5,0.0,168.0,0,0.498097,SYNTHETIC / SIMULATED — NOT REAL STUDENT DATA
S00006,2025-01-13T11:43:34.967419+00:00,14,DBMS,Transactions,Easy,13.0,0.7692307692307693,0.4,0.0,0.5,0.5,0.5,0.0,0.0,0.5,0.5,0.0,168.0,0,0.418393,SYNTHETIC / SIMULATED — NOT REAL STUDENT DATA
S00006,2025-01-14T04:09:56.576820+00:00,15,Computer Networks,OSI,Medium,14.0,0.7857142857142857,1.0,0.0,0.5,0.5,0.5,0.0,0.0,0.5,0.5,0.0,168.0,1,0.792314,SYNTHETIC / SIMULATED — NOT REAL STUDENT DATA
S00006,2025-01-14T09:27:58.145703+00:00,16,Computer Networks,IP Addressing,Medium,15.0,0.7333333333333333,0.5,0.0,0.5,0.5,0.5,0.0,0.0,0.5,0.5,0.0,168.0,0,0.688345,SYNTHETIC / SIMULATED — NOT REAL STUDENT DATA
S00006,2025-01-15T21:23:03.326232+00:00,17,Operating Systems,I/O Management,Easy,16.0,0.75,1.0,0.0,0.5,0.5,0.5,0.0,0.0,0.5,0.5,0.0,168.0,1,0.98369,SYNTHETIC / SIMULATED — NOT REAL STUDENT DATA
S00006,2025-01-16T07:54:33.351090+00:00,18,DBMS,Keys,Hard,17.0,0.7647058823529411,0.5,0.0,0.5,0.5,0.5,0.0,0.0,0.5,0.5,0.0,168.0,0,0.621253,SYNTHETIC / SIMULATED — NOT REAL STUDENT DATA
S00006,2025-01-17T16:23:19.179596+00:00,19,DSA,Heap,Medium,18.0,0.7222222222222222,1.0,0.0,0.5,0.5,0.5,0.0,0.0,0.5,0.5,0.0,168.0,1,0.743814,SYNTHETIC / SIMULATED — NOT REAL STUDENT DATA
S00006,2025-01-17T20:51:25.618879+00:00,20,DSA,Linked Lists,Easy,19.0,0.7368421052631579,1.0,0.0,0.5,0.5,0.5,0.0,0.0,0.5,0.5,0.0,168.0,0,0.67806,SYNTHETIC / SIMULATED — NOT REAL STUDENT DATA
S00006,2025-01-18T02:06:40.906679+00:00,21,Software Engineering,SDLC,Medium,20.0,0.75,1.0,0.0,0.5,0.5,0.5,0.0,0.0,0.5,0.5,0.0,168.0,1,0.707955,SYNTHETIC / SIMULATED — NOT REAL STUDENT DATA
S00006,2025-01-18T10:16:51.784845+00:00,22,DSA,Trees,Medium,21.0,0.7142857142857143,1.0,0.0,0.5,0.5,0.5,0.0,0.0,0.5,0.5,0.0,168.0,0,0.393147,SYNTHETIC / SIMULATED — NOT REAL STUDENT DATA
S00006,2025-01-18T13:55:16.535562+00:00,23,Software Engineering,Project Management,Hard,22.0,0.6818181818181818,0.75,0.0,0.5,0.5,0.5,0.0,0.0,0.5,0.5,0.0,168.0,0,0.521137,SYNTHETIC / SIMULATED — NOT REAL STUDENT DATA
S00006,2025-01-18T20:50:46.096954+00:00,24,DSA,Trees,Medium,23.0,0.6521739130434783,0.8333333333333334,1.0,0.0,0.0,0.0,70.18,0.0,0.0,0.0,0.0,10.565086696944444,0,0.399981,SYNTHETIC / SIMULATED — NOT REAL STUDENT DATA
S00006,2025-01-20T05:38:11.951867+00:00,25,DSA,Arrays,Hard,24.0,0.625,0.7142857142857143,0.0,0.5,0.5,0.5,0.0,0.0,0.5,0.5,0.0,168.0,0,0.665195,SYNTHETIC / SIMULATED — NOT REAL STUDENT DATA
S00006,2025-01-21T04:29:52.623075+00:00,26,DSA,Stack & Queue,Medium,25.0,0.6,0.625,0.0,0.5,0.5,0.5,0.0,0.0,0.5,0.5,0.0,168.0,1,0.726338,SYNTHETIC / SIMULATED — NOT REAL STUDENT DATA
S00006,2025-01-21T19:38:52.561636+00:00,27,Computer Networks,IP Addressing,Medium,26.0,0.6153846153846154,0.6666666666666666,1.0,1.0,1.0,1.0,73.63,0.0,1.0,1.0,0.0,178.18178220361114,0,0.693588,SYNTHETIC / SIMULATED — NOT REAL STUDENT DATA
S00006,2025-01-22T10:55:50.253062+00:00,28,DBMS,DBMS Basics,Medium,27.0,0.5925925925925926,0.42857142857142855,0.0,0.5,0.5,0.5,0.0,0.0,0.5,0.5,0.0,168.0,0,0.45425,SYNTHETIC / SIMULATED — NOT REAL STUDENT DATA
S00006,2025-01-23T18:42:52.852157+00:00,29,DBMS,Transactions,Medium,28.0,0.5714285714285714,0.375,1.0,1.0,1.0,1.0,59.29,0.0,0.5,1.0,0.0,246.98830131611112,0,0.43846,SYNTHETIC / SIMULATED — NOT REAL STUDENT DATA
S00006,2025-01-25T02:21:15.524591+00:00,30,DBMS,ER Model,Medium,29.0,0.5862068965517241,0.4444444444444444,2.0,0.5,0.5,0.5,105.53,48.559999999999995,0.5,1.0,0.0,413.8333023547222,0,0.393892,SYNTHETIC / SIMULATED — NOT REAL STUDENT DATA
S00006,2025-01-26T11:50:30.322145+00:00,31,Software Engineering,Waterfall,Easy,30.0,0.5666666666666667,0.6,1.0,1.0,1.0,1.0,70.22,0.0,0.5,1.0,0.0,352.2468989258333,1,0.809913,SYNTHETIC / SIMULATED — NOT REAL STUDENT DATA
S00006,2025-01-26T19:13:58.791657+00:00,32,DBMS,Concurrency Control,Easy,31.0,0.5806451612903226,0.4,1.0,1.0,1.0,1.0,164.53,0.0,0.5,1.0,0.0,323.4092961727778,0,0.516787,SYNTHETIC / SIMULATED — NOT REAL STUDENT DATA
S00006,2025-01-27T09:05:05.272629+00:00,33,DSA,Trees,Easy,32.0,0.59375,0.6666666666666666,2.0,0.0,0.0,0.0,93.61500000000001,23.434999999999967,0.5,0.0,0.0,204.2386599097222,0,0.415962,SYNTHETIC / SIMULATED — NOT REAL STUDENT DATA
S00006,2025-01-28T00:26:28.254742+00:00,34,Operating Systems,I/O Management,Hard,33.0,0.6060606060606061,1.0,1.0,1.0,1.0,1.0,26.24,0.0,0.5,1.0,0.0,291.0569245861111,1,0.984595,SYNTHETIC / SIMULATED — NOT REAL STUDENT DATA
S00006,2025-01-28T18:59:34.419830+00:00,35,Software Engineering,Project Management,Easy,34.0,0.6176470588235294,0.6666666666666666,1.0,0.0,0.0,0.0,92.22,0.0,0.5,0.0,0.0,245.07163451888889,0,0.533818,SYNTHETIC / SIMULATED — NOT REAL STUDENT DATA
S00006,2025-01-29T05:03:48.537251+00:00,36,DBMS,Relational Algebra,Easy,35.0,0.6285714285714286,0.45454545454545453,0.0,0.5,0.5,0.5,0.0,0.0,0.5,0.5,0.0,168.0,0,0.57562,SYNTHETIC / SIMULATED — NOT REAL STUDENT DATA
S00006,2025-01-30T13:44:59.049619+00:00,37,Software Engineering,Project Management,Hard,36.0,0.6388888888888888,0.7142857142857143,2.0,0.5,0.5,0.5,70.56,21.65999999999998,0.0,1.0,0.0,42.75684160805555,0,0.53427,SYNTHETIC / SIMULATED — NOT REAL STUDENT DATA
S00006,2025-01-31T16:38:35.119558+00:00,38,DBMS,Relational Algebra,Easy,37.0,0.6216216216216216,0.5,1.0,1.0,1.0,1.0,69.22,0.0,1.0,1.0,0.0,59.57960619638889,0,0.585169,SYNTHETIC / SIMULATED — NOT REAL STUDENT DATA
S00006,2025-02-01T07:46:38.340676+00:00,39,DBMS,Transactions,Hard,38.0,0.631578947368421,0.5384615384615384,2.0,1.0,1.0,1.0,66.605,7.314999999999923,0.5,1.0,0.0,205.06263569972222,0,0.443038,SYNTHETIC / SIMULATED — NOT REAL STUDENT DATA
S00006,2025-02-02T08:48:36.124837+00:00,40,Computer Networks,HTTP,Medium,39.0,0.6153846153846154,0.5,0.0,0.5,0.5,0.5,0.0,0.0,0.5,0.5,0.0,168.0,0,0.627746,SYNTHETIC / SIMULATED — NOT REAL STUDENT DATA
S00006,2025-02-02T12:13:56.219823+00:00,41,DBMS,Joins,Easy,40.0,0.6,0.5,0.0,0.5,0.5,0.5,0.0,0.0,0.5,0.5,0.0,168.0,0,0.384446,SYNTHETIC / SIMULATED — NOT REAL STUDENT DATA
S00006,2025-02-03T04:05:48.220114+00:00,42,DSA,Heap,Easy,41.0,0.6097560975609756,0.7,1.0,1.0,1.0,1.0,101.16,0.0,0.5,1.0,0.0,395.7080668105556,1,0.751116,SYNTHETIC / SIMULATED — NOT REAL STUDENT DATA
S00006,2025-02-03T09:47:10.147427+00:00,43,Computer Networks,HTTP,Medium,42.0,0.6190476190476191,0.4,1.0,0.0,0.0,0.0,51.6,0.0,0.0,0.0,0.0,24.97611738611111,0,0.638513,SYNTHETIC / SIMULATED — NOT REAL STUDENT DATA
S00006,2025-02-03T18:37:13.361867+00:00,44,DSA,Dynamic Programming,Hard,43.0,0.627906976744186,0.7272727272727273,0.0,0.5,0.5,0.5,0.0,0.0,0.5,0.5,0.0,168.0,0,0.654961,SYNTHETIC / SIMULATED — NOT REAL STUDENT DATA
S00006,2025-02-05T06:08:59.163537+00:00,45,DSA,Heap,Hard,44.0,0.6136363636363636,0.6666666666666666,2.0,1.0,1.0,1.0,68.88499999999999,32.27500000000001,0.5,1.0,0.0,50.05303983972222,1,0.749992,SYNTHETIC / SIMULATED — NOT REAL STUDENT DATA
S00006,2025-02-05T16:32:40.789697+00:00,46,DSA,Trees,Easy,45.0,0.6,0.6153846153846154,3.0,0.3333333333333333,0.3333333333333333,0.3333333333333333,78.66333333333334,28.517319104166997,1.0,1.0,0.0,223.45986585222224,0,0.418435,SYNTHETIC / SIMULATED — NOT REAL STUDENT DATA
S00006,2025-02-06T23:54:56.575589+00:00,47,Operating Systems,Deadlocks,Medium,46.0,0.5869565217391305,1.0,1.0,1.0,1.0,1.0,65.76,0.0,1.0,1.0,0.0,720.0,1,0.980298,SYNTHETIC / SIMULATED — NOT REAL STUDENT DATA
S00006,2025-02-07T21:56:01.895423+00:00,48,DBMS,Keys,Easy,47.0,0.5957446808510638,0.5333333333333333,1.0,0.0,0.0,0.0,85.68,0.0,0.5,0.0,0.0,542.0245956480555,0,0.630965,SYNTHETIC / SIMULATED — NOT REAL STUDENT DATA
S00006,2025-02-09T09:56:14.517786+00:00,49,DBMS,Transactions,Hard,48.0,0.6041666666666666,0.5625,3.0,0.6666666666666666,0.6666666666666666,0.6666666666666666,99.01333333333334,46.219832924357895,0.0,0.0,0.0,194.16004919722224,0,0.447196,SYNTHETIC / SIMULATED — NOT REAL STUDENT DATA
S00006,2025-02-10T02:42:54.704486+00:00,50,Software Engineering,UML,Hard,49.0,0.5918367346938775,0.625,1.0,1.0,1.0,1.0,73.74,0.0,0.5,1.0,0.0,720.0,1,0.839217,SYNTHETIC / SIMULATED — NOT REAL STUDENT DATA
S00006,2025-02-10T15:39:57.145454+00:00,51,Computer Networks,DHCP,Medium,50.0,0.58,0.5,0.0,0.5,0.5,0.5,0.0,0.0,0.5,0.5,0.0,168.0,1,0.808951,SYNTHETIC / SIMULATED — NOT REAL STUDENT DATA
S00006,2025-02-11T19:28:52.181383+00:00,52,DBMS,Normalization,Easy,51.0,0.5686274509803921,0.5294117647058824,0.0,0.5,0.5,0.5,0.0,0.0,0.5,0.5,0.0,168.0,0,0.513289,SYNTHETIC / SIMULATED — NOT REAL STUDENT DATA
S00006,2025-02-13T06:31:19.011630+00:00,53,DBMS,SQL,Easy,52.0,0.5576923076923077,0.5,1.0,0.0,0.0,0.0,121.74,0.0,0.0,0.0,0.0,720.0,0,0.230674,SYNTHETIC / SIMULATED — NOT REAL STUDENT DATA
S00006,2025-02-13T13:11:32.208669+00:00,54,Operating Systems,I/O Management,Hard,53.0,0.5471698113207547,1.0,2.0,1.0,1.0,1.0,60.724999999999994,34.485,1.0,1.0,0.0,396.7510983130556,1,0.981476,SYNTHETIC / SIMULATED — NOT REAL STUDENT DATA
S00006,2025-02-14T09:10:10.088734+00:00,55,DBMS,ER Model,Easy,54.0,0.5555555555555556,0.47368421052631576,3.0,0.3333333333333333,0.3333333333333333,0.3333333333333333,115.63,42.143434443180716,1.0,0.0,0.0,486.81515670638885,0,0.41191,SYNTHETIC / SIMULATED — NOT REAL STUDENT DATA
S00006,2025-02-14T17:07:41.214820+00:00,56,DSA,Heap,Medium,55.0,0.5636363636363636,0.5714285714285714,3.0,0.6666666666666666,0.6666666666666666,0.6666666666666666,92.33999999999999,42.36418849295556,1.0,0.0,0.0,226.97834757861114,1,0.76083,SYNTHETIC / SIMULATED — NOT REAL STUDENT DATA
S00006,2025-02-15T16:43:09.913090+00:00,57,DSA,Strings,Easy,56.0,0.5714285714285714,0.6,1.0,1.0,1.0,1.0,39.33,0.0,1.0,1.0,0.0,720.0,1,0.702505,SYNTHETIC / SIMULATED — NOT REAL STUDENT DATA
S00006,2025-02-16T11:18:06.899233+00:00,58,DSA,Stack & Queue,Medium,57.0,0.5789473684210527,0.625,1.0,1.0,1.0,1.0,115.42,0.0,1.0,1.0,0.0,630.8039655994444,1,0.73506,SYNTHETIC / SIMULATED — NOT REAL STUDENT DATA
S00006,2025-02-16T14:51:58.609345+00:00,59,DBMS,SQL,Easy,58.0,0.5862068965517241,0.5,2.0,0.0,0.0,0.0,108.685,13.054999999999941,0.0,0.0,0.0,80.34433269861111,0,0.25061,SYNTHETIC / SIMULATED — NOT REAL STUDENT DATA
S00006,2025-02-17T15:32:07.497681+00:00,60,DSA,Dynamic Programming,Medium,59.0,0.5932203389830508,0.6470588235294118,1.0,0.0,0.0,0.0,132.38,0.0,0.5,0.0,0.0,332.9150377261111,0,0.655324,SYNTHETIC / SIMULATED — NOT REAL STUDENT DATA
S00007,2025-01-03T16:14:02.015105+00:00,1,DSA,Stack & Queue,Easy,0.0,0.5,0.5,0.0,0.5,0.5,0.5,0.0,0.0,0.5,0.5,0.0,168.0,1,0.775148,SYNTHETIC / SIMULATED — NOT REAL STUDENT DATA
S00007,2025-01-04T05:57:32.798530+00:00,2,Computer Networks,TCP,Easy,1.0,1.0,0.5,0.0,0.5,0.5,0.5,0.0,0.0,0.5,0.5,0.0,168.0,0,0.396457,SYNTHETIC / SIMULATED — NOT REAL STUDENT DATA
S00007,2025-01-04T15:18:18.762997+00:00,3,Computer Networks,IP Addressing,Hard,2.0,0.5,0.0,0.0,0.5,0.5,0.5,0.0,0.0,0.5,0.5,0.0,168.0,0,0.289935,SYNTHETIC / SIMULATED — NOT REAL STUDENT DATA
S00007,2025-01-06T03:09:22.973289+00:00,4,DSA,Arrays,Medium,3.0,0.3333333333333333,1.0,0.0,0.5,0.5,0.5,0.0,0.0,0.5,0.5,0.0,168.0,1,0.724028,SYNTHETIC / SIMULATED — NOT REAL STUDENT DATA
S00007,2025-01-06T12:18:41.484334+00:00,5,DSA,Graphs,Medium,4.0,0.5,1.0,0.0,0.5,0.5,0.5,0.0,0.0,0.5,0.5,0.0,168.0,1,0.979489,SYNTHETIC / SIMULATED — NOT REAL STUDENT DATA
S00007,2025-01-07T20:50:32.322032+00:00,6,Computer Networks,IP Addressing,Hard,5.0,0.6,0.0,1.0,0.0,0.0,0.0,202.59,0.0,0.0,0.0,0.0,77.53709973194444,0,0.312586,SYNTHETIC / SIMULATED — NOT REAL STUDENT DATA
S00007,2025-01-08T20:27:52.233701+00:00,7,DBMS,Indexing,Medium,6.0,0.6666666666666666,0.5,0.0,0.5,0.5,0.5,0.0,0.0,0.5,0.5,0.0,168.0,1,0.864302,SYNTHETIC / SIMULATED — NOT REAL STUDENT DATA
S00007,2025-01-09T16:44:42.765941+00:00,8,DBMS,ER Model,Easy,7.0,0.7142857142857143,1.0,0.0,0.5,0.5,0.5,0.0,0.0,0.5,0.5,0.0,168.0,0,0.622274,SYNTHETIC / SIMULATED — NOT REAL STUDENT DATA
S00007,2025-01-11T04:33:30.994697+00:00,9,Computer Networks,IP Addressing,Medium,8.0,0.75,0.3333333333333333,2.0,0.5,0.5,0.5,165.575,37.0150000000001,0.5,1.0,0.0,79.71629796250001,0,0.317762,SYNTHETIC / SIMULATED — NOT REAL STUDENT DATA
S00007,2025-01-12T13:55:45.582880+00:00,10,Operating Systems,Processes,Medium,9.0,0.6666666666666666,0.5,0.0,0.5,0.5,0.5,0.0,0.0,0.5,0.5,0.0,168.0,0,0.490286,SYNTHETIC / SIMULATED — NOT REAL STUDENT DATA
S00007,2025-01-13T06:02:18.257875+00:00,11,Operating Systems,Paging,Hard,10.0,0.6,0.0,0.0,0.5,0.5,0.5,0.0,0.0,0.5,0.5,0.0,168.0,1,0.747394,SYNTHETIC / SIMULATED — NOT REAL STUDENT DATA
S00007,2025-01-13T14:02:17.136206+00:00,12,Operating Systems,Security,Medium,11.0,0.6363636363636364,0.5,0.0,0.5,0.5,0.5,0.0,0.0,0.5,0.5,0.0,168.0,0,0.573219,SYNTHETIC / SIMULATED — NOT REAL STUDENT DATA
S00007,2025-01-14T22:05:51.149321+00:00,13,DSA,Heap,Easy,12.0,0.6666666666666666,1.0,0.0,0.5,0.5,0.5,0.0,0.0,0.5,0.5,0.0,168.0,1,0.982221,SYNTHETIC / SIMULATED — NOT REAL STUDENT DATA
S00007,2025-01-15T04:12:41.106764+00:00,14,Operating Systems,Synchronization,Hard,13.0,0.6923076923076923,0.6666666666666666,0.0,0.5,0.5,0.5,0.0,0.0,0.5,0.5,0.0,168.0,0,0.68499,SYNTHETIC / SIMULATED — NOT REAL STUDENT DATA
S00007,2025-01-16T15:09:43.900653+00:00,15,Operating Systems,Paging,Easy,14.0,0.6428571428571429,0.5,1.0,1.0,1.0,1.0,129.05,0.0,0.5,1.0,0.0,81.12378966055554,1,0.752863,SYNTHETIC / SIMULATED — NOT REAL STUDENT DATA
S00007,2025-01-16T22:24:21.374370+00:00,16,DSA,Stack & Queue,Hard,15.0,0.6,1.0,1.0,1.0,1.0,1.0,32.76,0.0,0.5,1.0,0.0,318.1720442402778,1,0.781655,SYNTHETIC / SIMULATED — NOT REAL STUDENT DATA
S00007,2025-01-17T01:55:22.749938+00:00,17,Operating Systems,Memory Management,Medium,16.0,0.625,0.4,0.0,0.5,0.5,0.5,0.0,0.0,0.5,0.5,0.0,168.0,0,0.597694,SYNTHETIC / SIMULATED — NOT REAL STUDENT DATA
S00007,2025-01-18T00:42:34.658671+00:00,18,Operating Systems,Security,Easy,17.0,0.6470588235294118,0.5,1.0,1.0,1.0,1.0,47.68,0.0,0.5,1.0,0.0,106.67153401805555,0,0.586069,SYNTHETIC / SIMULATED — NOT REAL STUDENT DATA
S00007,2025-01-18T07:25:16.403578+00:00,19,Software Engineering,Agile,Medium,18.0,0.6666666666666666,0.5,0.0,0.5,0.5,0.5,0.0,0.0,0.5,0.5,0.0,168.0,0,0.471948,SYNTHETIC / SIMULATED — NOT REAL STUDENT DATA
S00007,2025-01-18T11:14:18.859022+00:00,20,DBMS,Relational Algebra,Easy,19.0,0.631578947368421,1.0,0.0,0.5,0.5,0.5,0.0,0.0,0.5,0.5,0.0,168.0,1,0.729324,SYNTHETIC / SIMULATED — NOT REAL STUDENT DATA
S00007,2025-01-19T20:16:54.139414+00:00,21,Computer Networks,DNS,Medium,20.0,0.65,0.25,0.0,0.5,0.5,0.5,0.0,0.0,0.5,0.5,0.0,168.0,0,0.195965,SYNTHETIC / SIMULATED — NOT REAL STUDENT DATA
S00007,2025-01-20T17:36:33.526167+00:00,22,DSA,Recursion,Medium,21.0,0.6190476190476191,1.0,0.0,0.5,0.5,0.5,0.0,0.0,0.5,0.5,0.0,168.0,1,0.97895,SYNTHETIC / SIMULATED — NOT REAL STUDENT DATA
S00007,2025-01-20T22:24:03.144121+00:00,23,Operating Systems,Deadlocks,Easy,22.0,0.6363636363636364,0.5714285714285714,0.0,0.5,0.5,0.5,0.0,0.0,0.5,0.5,0.0,168.0,0,0.689254,SYNTHETIC / SIMULATED — NOT REAL STUDENT DATA
S00007,2025-01-21T02:33:50.745460+00:00,24,Computer Networks,UDP,Easy,23.0,0.6521739130434783,0.2,0.0,0.5,0.5,0.5,0.0,0.0,0.5,0.5,0.0,168.0,0,0.542856,SYNTHETIC / SIMULATED — NOT REAL STUDENT DATA
S00007,2025-01-22T07:17:05.878681+00:00,25,Computer Networks,DHCP,Medium,24.0,0.625,0.16666666666666666,0.0,0.5,0.5,0.5,0.0,0.0,0.5,0.5,0.0,168.0,0,0.193844,SYNTHETIC / SIMULATED — NOT REAL STUDENT DATA
S00007,2025-01-22T16:49:43.289423+00:00,26,DSA,Trees,Hard,25.0,0.6,1.0,0.0,0.5,0.5,0.5,0.0,0.0,0.5,0.5,0.0,168.0,1,0.979357,SYNTHETIC / SIMULATED — NOT REAL STUDENT DATA
S00007,2025-01-24T03:07:09.843204+00:00,27,Computer Networks,HTTP,Easy,26.0,0.5769230769230769,0.14285714285714285,0.0,0.5,0.5,0.5,0.0,0.0,0.5,0.5,0.0,168.0,0,0.230649,SYNTHETIC / SIMULATED — NOT REAL STUDENT DATA
S00007,2025-01-24T11:00:18.982868+00:00,28,Computer Networks,HTTP,Easy,27.0,0.5555555555555556,0.125,1.0,0.0,0.0,0.0,102.91,0.0,0.0,0.0,0.0,7.885872128888889,0,0.237444,SYNTHETIC / SIMULATED — NOT REAL STUDENT DATA
S00007,2025-01-25T21:57:09.487985+00:00,29,DBMS,Transactions,Easy,28.0,0.5357142857142857,1.0,0.0,0.5,0.5,0.5,0.0,0.0,0.5,0.5,0.0,168.0,1,0.794714,SYNTHETIC / SIMULATED — NOT REAL STUDENT DATA
S00007,2025-01-26T13:12:37.882377+00:00,30,Operating Systems,Paging,Hard,29.0,0.5517241379310345,0.625,2.0,0.5,0.5,0.5,108.14000000000001,20.909999999999965,1.0,0.0,0.0,238.04832825666665,1,0.763279,SYNTHETIC / SIMULATED — NOT REAL STUDENT DATA
S00007,2025-01-26T20:27:36.019868+00:00,31,DBMS,Normalization,Hard,30.0,0.5666666666666667,1.0,0.0,0.5,0.5,0.5,0.0,0.0,0.5,0.5,0.0,168.0,1,0.722532,SYNTHETIC / SIMULATED — NOT REAL STUDENT DATA
S00007,2025-01-27T23:49:55.468235+00:00,32,DBMS,Normalization,Easy,31.0,0.5483870967741935,0.8,1.0,0.0,0.0,0.0,106.25,0.0,0.5,0.0,0.0,27.372068990833334,1,0.731797,SYNTHETIC / SIMULATED — NOT REAL STUDENT DATA
S00007,2025-01-28T21:13:30.273926+00:00,33,Computer Networks,HTTP,Easy,32.0,0.5625,0.1111111111111111,2.0,0.0,0.0,0.0,76.22999999999999,26.680000000000017,0.0,0.0,0.0,106.21980307166666,0,0.261125,SYNTHETIC / SIMULATED — NOT REAL STUDENT DATA
S00007,2025-01-29T12:22:03.852705+00:00,34,DBMS,ER Model,Medium,33.0,0.5757575757575758,0.8333333333333334,1.0,1.0,1.0,1.0,38.96,0.0,0.5,1.0,0.0,475.6225241011111,0,0.637534,SYNTHETIC / SIMULATED — NOT REAL STUDENT DATA
S00007,2025-01-29T16:59:57.692424+00:00,35,Computer Networks,DNS,Medium,34.0,0.5882352941176471,0.2,1.0,0.0,0.0,0.0,114.79,0.0,0.0,0.0,0.0,236.7176536138889,0,0.226358,SYNTHETIC / SIMULATED — NOT REAL STUDENT DATA
S00007,2025-01-29T20:09:42.784659+00:00,36,Operating Systems,CPU Scheduling,Hard,35.0,0.6,0.6666666666666666,0.0,0.5,0.5,0.5,0.0,0.0,0.5,0.5,0.0,168.0,0,0.619485,SYNTHETIC / SIMULATED — NOT REAL STUDENT DATA
S00007,2025-01-30T07:42:16.123074+00:00,37,DBMS,DBMS Basics,Easy,36.0,0.6111111111111112,0.8571428571428571,0.0,0.5,0.5,0.5,0.0,0.0,0.5,0.5,0.0,168.0,1,0.770115,SYNTHETIC / SIMULATED — NOT REAL STUDENT DATA
S00007,2025-01-30T13:51:32.627163+00:00,38,Computer Networks,DHCP,Easy,37.0,0.6216216216216216,0.2727272727272727,1.0,0.0,0.0,0.0,142.57,0.0,0.5,0.0,0.0,198.57409680055554,0,0.215361,SYNTHETIC / SIMULATED — NOT REAL STUDENT DATA
S00007,2025-01-30T17:54:04.950329+00:00,39,DBMS,Indexing,Hard,38.0,0.631578947368421,0.875,1.0,1.0,1.0,1.0,60.32,0.0,0.5,1.0,0.0,525.43686573,1,0.866494,SYNTHETIC / SIMULATED — NOT REAL STUDENT DATA
S00007,2025-01-31T03:10:33.375824+00:00,40,Computer Networks,DNS,Easy,39.0,0.6410256410256411,0.3333333333333333,2.0,0.5,0.5,0.5,142.285,27.494999999999994,0.5,1.0,0.0,34.17657872222222,0,0.245475,SYNTHETIC / SIMULATED — NOT REAL STUDENT DATA
S00007,2025-01-31T10:21:18.603762+00:00,41,Software Engineering,Agile,Easy,40.0,0.65,0.0,1.0,0.0,0.0,0.0,79.53,0.0,0.5,0.0,0.0,314.9339444955555,0,0.476026,SYNTHETIC / SIMULATED — NOT REAL STUDENT DATA
S00007,2025-02-02T00:16:29.793526+00:00,42,Software Engineering,SRS,Easy,41.0,0.6341463414634146,0.0,0.0,0.5,0.5,0.5,0.0,0.0,0.5,0.5,0.0,168.0,0,0.699238,SYNTHETIC / SIMULATED — NOT REAL STUDENT DATA
S00007,2025-02-02T05:23:23.967673+00:00,43,Software Engineering,UML,Hard,42.0,0.6428571428571429,0.3333333333333333,0.0,0.5,0.5,0.5,0.0,0.0,0.5,0.5,0.0,168.0,1,0.83277,SYNTHETIC / SIMULATED — NOT REAL STUDENT DATA
S00007,2025-02-03T11:26:43.511322+00:00,44,DSA,Stack & Queue,Hard,43.0,0.6511627906976745,0.8571428571428571,2.0,1.0,1.0,1.0,44.849999999999994,12.090000000000014,1.0,1.0,0.0,421.03948248666666,1,0.782835,SYNTHETIC / SIMULATED — NOT REAL STUDENT DATA
S00007,2025-02-04T10:26:41.085200+00:00,45,Computer Networks,OSI,Easy,44.0,0.6363636363636364,0.38461538461538464,0.0,0.5,0.5,0.5,0.0,0.0,0.5,0.5,0.0,168.0,0,0.587373,SYNTHETIC / SIMULATED — NOT REAL STUDENT DATA
S00007,2025-02-05T20:26:55.161512+00:00,46,Operating Systems,Memory Management,Hard,45.0,0.6444444444444445,0.7,1.0,1.0,1.0,1.0,64.57,0.0,0.5,1.0,0.0,474.52566988166666,0,0.599091,SYNTHETIC / SIMULATED — NOT REAL STUDENT DATA
S00007,2025-02-06T17:37:37.348286+00:00,47,Software Engineering,Git/Version Control,Easy,46.0,0.6304347826086957,0.5,0.0,0.5,0.5,0.5,0.0,0.0,0.5,0.5,0.0,168.0,1,0.767992,SYNTHETIC / SIMULATED — NOT REAL STUDENT DATA
S00007,2025-02-07T20:07:27.984834+00:00,48,Computer Networks,DNS,Hard,47.0,0.6382978723404256,0.42857142857142855,3.0,0.6666666666666666,0.6666666666666666,0.6666666666666666,118.65333333333332,40.260336422947255,0.5,1.0,0.0,184.94850250277779,0,0.254496,SYNTHETIC / SIMULATED — NOT REAL STUDENT DATA
S00007,2025-02-09T05:03:17.775575+00:00,49,Computer Networks,TCP,Medium,48.0,0.625,0.4,1.0,0.0,0.0,0.0,66.81,0.0,0.5,0.0,0.0,720.0,0,0.401529,SYNTHETIC / SIMULATED — NOT REAL STUDENT DATA
S00007,2025-02-09T13:12:54.502875+00:00,50,Operating Systems,CPU Scheduling,Hard,49.0,0.6122448979591837,0.6363636363636364,1.0,1.0,1.0,1.0,116.39,0.0,1.0,1.0,0.0,257.05325506,0,0.624902,SYNTHETIC / SIMULATED — NOT REAL STUDENT DATA
S00007,2025-02-11T01:13:07.873259+00:00,51,Operating Systems,Processes,Medium,50.0,0.6,0.5833333333333334,1.0,0.0,0.0,0.0,115.0,0.0,0.0,0.0,0.0,707.2895251052778,0,0.494201,SYNTHETIC / SIMULATED — NOT REAL STUDENT DATA
S00007,2025-02-11T19:14:47.726879+00:00,52,Software Engineering,Waterfall,Hard,51.0,0.5882352941176471,0.6,0.0,0.5,0.5,0.5,0.0,0.0,0.5,0.5,0.0,168.0,1,0.753578,SYNTHETIC / SIMULATED — NOT REAL STUDENT DATA
S00007,2025-02-13T04:33:17.017567+00:00,53,Software Engineering,Software Quality,Medium,52.0,0.5769230769230769,0.5,0.0,0.5,0.5,0.5,0.0,0.0,0.5,0.5,0.0,168.0,1,0.839639,SYNTHETIC / SIMULATED — NOT REAL STUDENT DATA
S00007,2025-02-13T14:30:44.414546+00:00,54,Computer Networks,DNS,Hard,53.0,0.5849056603773585,0.375,4.0,0.5,0.5,0.5,135.555,45.526585914166674,0.0,0.0,0.0,138.38789714222222,0,0.26166,SYNTHETIC / SIMULATED — NOT REAL STUDENT DATA
S00007,2025-02-14T21:53:40.379160+00:00,55,DSA,Heap,Hard,54.0,0.5740740740740741,0.75,1.0,1.0,1.0,1.0,33.9,0.0,0.5,1.0,0.0,720.0,1,0.983773,SYNTHETIC / SIMULATED — NOT REAL STUDENT DATA
S00007,2025-02-15T12:19:20.598615+00:00,56,Computer Networks,Routing,Easy,55.0,0.5818181818181818,0.35294117647058826,0.0,0.5,0.5,0.5,0.0,0.0,0.5,0.5,0.0,168.0,0,0.453095,SYNTHETIC / SIMULATED — NOT REAL STUDENT DATA
S00007,2025-02-16T11:29:48.592982+00:00,57,Computer Networks,TCP/IP,Easy,56.0,0.5892857142857143,0.3888888888888889,0.0,0.5,0.5,0.5,0.0,0.0,0.5,0.5,0.0,168.0,0,0.344654,SYNTHETIC / SIMULATED — NOT REAL STUDENT DATA
S00007,2025-02-17T06:22:03.270735+00:00,58,Operating Systems,Synchronization,Medium,57.0,0.5964912280701754,0.5384615384615384,1.0,0.0,0.0,0.0,231.57,0.0,0.5,0.0,0.0,720.0,1,0.700863,SYNTHETIC / SIMULATED — NOT REAL STUDENT DATA
S00007,2025-02-18T04:46:16.838621+00:00,59,DBMS,Normalization,Hard,58.0,0.603448275862069,0.8888888888888888,2.0,0.5,0.5,0.5,74.17,32.08,0.0,1.0,0.0,508.93926955166665,1,0.733301,SYNTHETIC / SIMULATED — NOT REAL STUDENT DATA
S00007,2025-02-18T08:37:44.743292+00:00,60,Computer Networks,OSI,Hard,59.0,0.5932203389830508,0.42105263157894735,1.0,1.0,1.0,1.0,62.34,0.0,0.5,1.0,0.0,334.18434947000003,0,0.590425,SYNTHETIC / SIMULATED — NOT REAL STUDENT DATA
S00008,2025-01-01T21:09:46.546211+00:00,1,DSA,Strings,Easy,0.0,0.5,0.5,0.0,0.5,0.5,0.5,0.0,0.0,0.5,0.5,0.0,168.0,0,0.439876,SYNTHETIC / SIMULATED — NOT REAL STUDENT DATA
S00008,2025-01-02T19:19:14.718534+00:00,2,DSA,Dynamic Programming,Hard,1.0,0.0,0.0,0.0,0.5,0.5,0.5,0.0,0.0,0.5,0.5,0.0,168.0,0,0.215312,SYNTHETIC / SIMULATED — NOT REAL STUDENT DATA
S00008,2025-01-03T05:21:11.458790+00:00,3,Operating Systems,Paging,Medium,2.0,0.0,0.5,0.0,0.5,0.5,0.5,0.0,0.0,0.5,0.5,0.0,168.0,0,0.06057,SYNTHETIC / SIMULATED — NOT REAL STUDENT DATA
S00008,2025-01-03T22:20:24.197465+00:00,4,DBMS,ER Model,Easy,3.0,0.0,0.5,0.0,0.5,0.5,0.5,0.0,0.0,0.5,0.5,0.0,168.0,0,0.376654,SYNTHETIC / SIMULATED — NOT REAL STUDENT DATA
S00008,2025-01-05T08:08:22.075904+00:00,5,DBMS,Indexing,Easy,4.0,0.25,1.0,0.0,0.5,0.5,0.5,0.0,0.0,0.5,0.5,0.0,168.0,0,0.521558,SYNTHETIC / SIMULATED — NOT REAL STUDENT DATA
S00008,2025-01-05T11:12:36.711994+00:00,6,Software Engineering,Testing,Easy,5.0,0.4,0.5,0.0,0.5,0.5,0.5,0.0,0.0,0.5,0.5,0.0,168.0,0,0.227623,SYNTHETIC / SIMULATED — NOT REAL STUDENT DATA
S00008,2025-01-06T02:10:05.263137+00:00,7,Operating Systems,Paging,Hard,6.0,0.5,0.0,1.0,0.0,0.0,0.0,140.87,0.0,0.5,0.0,0.0,68.81494565194444,0,0.066083,SYNTHETIC / SIMULATED — NOT REAL STUDENT DATA
S00008,2025-01-06T05:23:11.344255+00:00,8,Operating Systems,CPU Scheduling,Hard,7.0,0.42857142857142855,0.0,0.0,0.5,0.5,0.5,0.0,0.0,0.5,0.5,0.0,168.0,0,0.185444,SYNTHETIC / SIMULATED — NOT REAL STUDENT DATA
S00008,2025-01-07T02:40:08.710883+00:00,9,Operating Systems,I/O Management,Easy,8.0,0.375,0.0,0.0,0.5,0.5,0.5,0.0,0.0,0.5,0.5,0.0,168.0,0,0.205014,SYNTHETIC / SIMULATED — NOT REAL STUDENT DATA
S00008,2025-01-08T09:49:58.109815+00:00,10,DBMS,Relational Algebra,Easy,9.0,0.3333333333333333,1.0,0.0,0.5,0.5,0.5,0.0,0.0,0.5,0.5,0.0,168.0,0,0.265913,SYNTHETIC / SIMULATED — NOT REAL STUDENT DATA
S00008,2025-01-09T10:58:15.941432+00:00,11,Software Engineering,Waterfall,Easy,10.0,0.4,1.0,0.0,0.5,0.5,0.5,0.0,0.0,0.5,0.5,0.0,168.0,0,0.372399,SYNTHETIC / SIMULATED — NOT REAL STUDENT DATA
S00008,2025-01-10T21:44:22.001561+00:00,12,Operating Systems,Deadlocks,Medium,11.0,0.45454545454545453,0.0,0.0,0.5,0.5,0.5,0.0,0.0,0.5,0.5,0.0,168.0,0,0.336765,SYNTHETIC / SIMULATED — NOT REAL STUDENT DATA
S00008,2025-01-11T07:18:02.888906+00:00,13,DBMS,Concurrency Control,Hard,12.0,0.5,1.0,0.0,0.5,0.5,0.5,0.0,0.0,0.5,0.5,0.0,168.0,0,0.282137,SYNTHETIC / SIMULATED — NOT REAL STUDENT DATA
S00008,2025-01-11T18:56:50.859403+00:00,14,Operating Systems,Security,Hard,13.0,0.46153846153846156,0.2,0.0,0.5,0.5,0.5,0.0,0.0,0.5,0.5,0.0,168.0,0,0.054985,SYNTHETIC / SIMULATED — NOT REAL STUDENT DATA
S00008,2025-01-13T04:47:44.608312+00:00,15,Computer Networks,UDP,Easy,14.0,0.42857142857142855,0.5,0.0,0.5,0.5,0.5,0.0,0.0,0.5,0.5,0.0,168.0,0,0.540269,SYNTHETIC / SIMULATED — NOT REAL STUDENT DATA
S00008,2025-01-14T14:17:13.347949+00:00,16,Software Engineering,Testing,Hard,15.0,0.4666666666666667,1.0,1.0,1.0,1.0,1.0,89.25,0.0,0.5,1.0,0.0,219.07684332083332,0,0.23272,SYNTHETIC / SIMULATED — NOT REAL STUDENT DATA
S00008,2025-01-15T13:07:57.258731+00:00,17,Operating Systems,Processes,Medium,16.0,0.4375,0.16666666666666666,0.0,0.5,0.5,0.5,0.0,0.0,0.5,0.5,0.0,168.0,0,0.142426,SYNTHETIC / SIMULATED — NOT REAL STUDENT DATA
S00008,2025-01-16T12:10:35.031886+00:00,18,Operating Systems,Paging,Easy,17.0,0.47058823529411764,0.2857142857142857,2.0,0.0,0.0,0.0,183.075,42.20500000000004,0.5,0.0,0.0,250.00826909694445,0,0.091798,SYNTHETIC / SIMULATED — NOT REAL STUDENT DATA
S00008,2025-01-16T21:42:58.255236+00:00,19,DSA,Dynamic Programming,Medium,18.0,0.5,0.0,1.0,0.0,0.0,0.0,190.62,0.0,0.5,0.0,0.0,338.3954268616667,0,0.220435,SYNTHETIC / SIMULATED — NOT REAL STUDENT DATA
S00008,2025-01-17T14:22:42.545531+00:00,20,Computer Networks,TCP/IP,Easy,19.0,0.47368421052631576,1.0,0.0,0.5,0.5,0.5,0.0,0.0,0.5,0.5,0.0,168.0,0,0.545085,SYNTHETIC / SIMULATED — NOT REAL STUDENT DATA
S00008,2025-01-17T21:21:25.504664+00:00,21,Software Engineering,Project Management,Hard,20.0,0.45,0.6666666666666666,0.0,0.5,0.5,0.5,0.0,0.0,0.5,0.5,0.0,168.0,0,0.230978,SYNTHETIC / SIMULATED — NOT REAL STUDENT DATA
S00008,2025-01-19T07:15:08.311820+00:00,22,DSA,Graphs,Medium,21.0,0.42857142857142855,0.0,0.0,0.5,0.5,0.5,0.0,0.0,0.5,0.5,0.0,168.0,0,0.276521,SYNTHETIC / SIMULATED — NOT REAL STUDENT DATA
S00008,2025-01-20T00:13:22.305793+00:00,23,Operating Systems,Synchronization,Easy,22.0,0.45454545454545453,0.375,0.0,0.5,0.5,0.5,0.0,0.0,0.5,0.5,0.0,168.0,0,0.271756,SYNTHETIC / SIMULATED — NOT REAL STUDENT DATA
S00008,2025-01-20T19:52:41.802651+00:00,24,DSA,Graphs,Medium,23.0,0.43478260869565216,0.25,1.0,1.0,1.0,1.0,152.25,0.0,1.0,1.0,0.0,36.62596967527778,0,0.282169,SYNTHETIC / SIMULATED — NOT REAL STUDENT DATA
S00008,2025-01-21T10:57:24.993220+00:00,25,Software Engineering,Agile,Hard,24.0,0.4166666666666667,0.5,0.0,0.5,0.5,0.5,0.0,0.0,0.5,0.5,0.0,168.0,0,0.181332,SYNTHETIC / SIMULATED — NOT REAL STUDENT DATA
S00008,2025-01-21T19:41:32.374893+00:00,26,DBMS,Joins,Easy,25.0,0.4,0.75,0.0,0.5,0.5,0.5,0.0,0.0,0.5,0.5,0.0,168.0,0,0.519728,SYNTHETIC / SIMULATED — NOT REAL STUDENT DATA
S00008,2025-01-22T16:02:59.161340+00:00,27,Software Engineering,Agile,Easy,26.0,0.4230769230769231,0.4,1.0,0.0,0.0,0.0,210.2,0.0,0.5,0.0,0.0,29.09282447777778,0,0.181459,SYNTHETIC / SIMULATED — NOT REAL STUDENT DATA
S00008,2025-01-23T06:45:46.278311+00:00,28,Computer Networks,OSI,Medium,27.0,0.4074074074074074,0.5,0.0,0.5,0.5,0.5,0.0,0.0,0.5,0.5,0.0,168.0,0,0.532363,SYNTHETIC / SIMULATED — NOT REAL STUDENT DATA
S00008,2025-01-23T13:40:56.446093+00:00,29,Software Engineering,SDLC,Easy,28.0,0.39285714285714285,0.3333333333333333,0.0,0.5,0.5,0.5,0.0,0.0,0.5,0.5,0.0,168.0,0,0.365912,SYNTHETIC / SIMULATED — NOT REAL STUDENT DATA
S00008,2025-01-24T09:42:49.909982+00:00,30,Operating Systems,Synchronization,Hard,29.0,0.41379310344827586,0.3333333333333333,1.0,0.0,0.0,0.0,66.03,0.0,0.5,0.0,0.0,105.4910011636111,0,0.279597,SYNTHETIC / SIMULATED — NOT REAL STUDENT DATA
S00008,2025-01-25T13:14:03.064647+00:00,31,Operating Systems,Processes,Medium,30.0,0.4,0.3,1.0,1.0,1.0,1.0,106.6,0.0,1.0,1.0,0.0,240.10161275444446,0,0.17097,SYNTHETIC / SIMULATED — NOT REAL STUDENT DATA
S00008,2025-01-26T18:29:17.509411+00:00,32,DSA,Heap,Medium,31.0,0.41935483870967744,0.2,0.0,0.5,0.5,0.5,0.0,0.0,0.5,0.5,0.0,168.0,0,0.317487,SYNTHETIC / SIMULATED — NOT REAL STUDENT DATA
S00008,2025-01-27T02:31:18.586297+00:00,33,Software Engineering,SDLC,Easy,32.0,0.40625,0.42857142857142855,1.0,1.0,1.0,1.0,60.57,0.0,1.0,1.0,0.0,84.83948339,0,0.370594,SYNTHETIC / SIMULATED — NOT REAL STUDENT DATA
S00008,2025-01-28T01:24:18.860181+00:00,34,Operating Systems,Processes,Hard,33.0,0.3939393939393939,0.36363636363636365,2.0,1.0,1.0,1.0,99.645,6.95499999999991,0.5,1.0,0.0,60.171054315,0,0.178215,SYNTHETIC / SIMULATED — NOT REAL STUDENT DATA
S00008,2025-01-29T12:36:49.982744+00:00,35,Computer Networks,OSI,Easy,34.0,0.38235294117647056,0.3333333333333333,1.0,0.0,0.0,0.0,77.85,0.0,0.5,0.0,0.0,149.85102900916667,0,0.534556,SYNTHETIC / SIMULATED — NOT REAL STUDENT DATA
S00008,2025-01-29T18:31:46.949648+00:00,36,Computer Networks,Routing,Easy,35.0,0.37142857142857144,0.25,0.0,0.5,0.5,0.5,0.0,0.0,0.5,0.5,0.0,168.0,1,0.771786,SYNTHETIC / SIMULATED — NOT REAL STUDENT DATA
S00008,2025-01-30T09:25:47.039626+00:00,37,Computer Networks,HTTP,Hard,36.0,0.3888888888888889,0.4,0.0,0.5,0.5,0.5,0.0,0.0,0.5,0.5,0.0,168.0,0,0.586513,SYNTHETIC / SIMULATED — NOT REAL STUDENT DATA
S00008,2025-01-31T16:10:46.317579+00:00,38,DSA,Strings,Medium,37.0,0.3783783783783784,0.16666666666666666,1.0,0.0,0.0,0.0,81.08,0.0,0.5,0.0,0.0,715.0166031577778,0,0.442858,SYNTHETIC / SIMULATED — NOT REAL STUDENT DATA
S00008,2025-02-01T03:18:42.517765+00:00,39,Computer Networks,DHCP,Medium,38.0,0.3684210526315789,0.3333333333333333,0.0,0.5,0.5,0.5,0.0,0.0,0.5,0.5,0.0,168.0,0,0.657652,SYNTHETIC / SIMULATED — NOT REAL STUDENT DATA
S00008,2025-02-02T00:31:04.526396+00:00,40,Software Engineering,SRS,Medium,39.0,0.38461538461538464,0.375,0.0,0.5,0.5,0.5,0.0,0.0,0.5,0.5,0.0,168.0,0,0.274265,SYNTHETIC / SIMULATED — NOT REAL STUDENT DATA
S00008,2025-02-03T06:58:38.304020+00:00,41,Operating Systems,Threads,Easy,40.0,0.375,0.3333333333333333,0.0,0.5,0.5,0.5,0.0,0.0,0.5,0.5,0.0,168.0,0,0.277985,SYNTHETIC / SIMULATED — NOT REAL STUDENT DATA
S00008,2025-02-04T10:53:52.183632+00:00,42,Software Engineering,Software Quality,Medium,41.0,0.36585365853658536,0.3333333333333333,0.0,0.5,0.5,0.5,0.0,0.0,0.5,0.5,0.0,168.0,0,0.485555,SYNTHETIC / SIMULATED — NOT REAL STUDENT DATA
S00008,2025-02-05T23:05:23.161833+00:00,43,Operating Systems,Synchronization,Easy,42.0,0.38095238095238093,0.3076923076923077,2.0,0.0,0.0,0.0,236.62,170.58999999999997,0.0,0.0,0.0,301.37590329194444,0,0.283864,SYNTHETIC / SIMULATED — NOT REAL STUDENT DATA
S00008,2025-02-06T14:07:30.704760+00:00,44,DBMS,SQL,Easy,43.0,0.37209302325581395,0.8,0.0,0.5,0.5,0.5,0.0,0.0,0.5,0.5,0.0,168.0,0,0.392535,SYNTHETIC / SIMULATED — NOT REAL STUDENT DATA
S00008,2025-02-07T12:13:54.863397+00:00,45,DSA,Recursion,Hard,44.0,0.38636363636363635,0.14285714285714285,0.0,0.5,0.5,0.5,0.0,0.0,0.5,0.5,0.0,168.0,0,0.476193,SYNTHETIC / SIMULATED — NOT REAL STUDENT DATA
S00008,2025-02-08T23:19:27.215214+00:00,46,Computer Networks,Network Security,Easy,45.0,0.37777777777777777,0.42857142857142855,0.0,0.5,0.5,0.5,0.0,0.0,0.5,0.5,0.0,168.0,0,0.576263,SYNTHETIC / SIMULATED — NOT REAL STUDENT DATA
S00008,2025-02-09T16:32:21.243944+00:00,47,Operating Systems,Memory Management,Medium,46.0,0.391304347826087,0.2857142857142857,0.0,0.5,0.5,0.5,0.0,0.0,0.5,0.5,0.0,168.0,0,0.445168,SYNTHETIC / SIMULATED — NOT REAL STUDENT DATA
S00008,2025-02-10T20:16:52.591849+00:00,48,DSA,Trees,Medium,47.0,0.40425531914893614,0.125,0.0,0.5,0.5,0.5,0.0,0.0,0.5,0.5,0.0,168.0,0,0.601852,SYNTHETIC / SIMULATED — NOT REAL STUDENT DATA
S00008,2025-02-11T06:28:46.334552+00:00,49,DBMS,DBMS Basics,Easy,48.0,0.4166666666666667,0.8333333333333334,0.0,0.5,0.5,0.5,0.0,0.0,0.5,0.5,0.0,168.0,0,0.440561,SYNTHETIC / SIMULATED — NOT REAL STUDENT DATA
S00008,2025-02-12T08:54:48.161138+00:00,50,DSA,Stack & Queue,Medium,49.0,0.40816326530612246,0.2222222222222222,0.0,0.5,0.5,0.5,0.0,0.0,0.5,0.5,0.0,168.0,0,0.456704,SYNTHETIC / SIMULATED — NOT REAL STUDENT DATA
S00008,2025-02-13T12:09:57.000220+00:00,51,Operating Systems,Security,Easy,50.0,0.4,0.3333333333333333,1.0,0.0,0.0,0.0,346.67,0.0,0.5,0.0,0.0,720.0,0,0.060941,SYNTHETIC / SIMULATED — NOT REAL STUDENT DATA
S00008,2025-02-14T20:32:16.636083+00:00,52,DSA,Arrays,Medium,51.0,0.39215686274509803,0.2,0.0,0.5,0.5,0.5,0.0,0.0,0.5,0.5,0.0,168.0,0,0.588122,SYNTHETIC / SIMULATED — NOT REAL STUDENT DATA
S00008,2025-02-16T03:21:21.407129+00:00,53,Software Engineering,Design Patterns,Medium,52.0,0.38461538461538464,0.4,0.0,0.5,0.5,0.5,0.0,0.0,0.5,0.5,0.0,168.0,0,0.244032,SYNTHETIC / SIMULATED — NOT REAL STUDENT DATA
S00008,2025-02-17T12:50:54.823245+00:00,54,Software Engineering,Waterfall,Medium,53.0,0.37735849056603776,0.36363636363636365,1.0,1.0,1.0,1.0,65.6,0.0,0.5,1.0,0.0,720.0,0,0.393143,SYNTHETIC / SIMULATED — NOT REAL STUDENT DATA
S00008,2025-02-17T18:53:32.855655+00:00,55,Software Engineering,Waterfall,Medium,54.0,0.3888888888888889,0.4166666666666667,2.0,1.0,1.0,1.0,72.705,7.105000000000003,1.0,1.0,0.0,6.043897891666667,0,0.398506,SYNTHETIC / SIMULATED — NOT REAL STUDENT DATA
S00008,2025-02-18T13:03:35.096644+00:00,56,DSA,Hashing,Easy,55.0,0.38181818181818183,0.18181818181818182,0.0,0.5,0.5,0.5,0.0,0.0,0.5,0.5,0.0,168.0,0,0.333396,SYNTHETIC / SIMULATED — NOT REAL STUDENT DATA
S00008,2025-02-20T02:59:58.485357+00:00,57,Software Engineering,Waterfall,Hard,56.0,0.375,0.38461538461538464,3.0,0.6666666666666666,0.6666666666666666,0.6666666666666666,105.95333333333333,47.37675965656107,0.5,0.0,0.0,56.10711936166667,0,0.401718,SYNTHETIC / SIMULATED — NOT REAL STUDENT DATA
S00008,2025-02-21T09:49:42.757758+00:00,58,Computer Networks,IP Addressing,Hard,57.0,0.3684210526315789,0.5,0.0,0.5,0.5,0.5,0.0,0.0,0.5,0.5,0.0,168.0,0,0.650705,SYNTHETIC / SIMULATED — NOT REAL STUDENT DATA
S00008,2025-02-22T18:52:06.214933+00:00,59,DSA,Hashing,Medium,58.0,0.3620689655172414,0.16666666666666666,1.0,0.0,0.0,0.0,56.71,0.0,0.5,0.0,0.0,101.80864396916667,0,0.343406,SYNTHETIC / SIMULATED — NOT REAL STUDENT DATA
S00008,2025-02-23T00:27:34.855428+00:00,60,DBMS,Transactions,Easy,59.0,0.3559322033898305,0.7142857142857143,0.0,0.5,0.5,0.5,0.0,0.0,0.5,0.5,0.0,168.0,0,0.358056,SYNTHETIC / SIMULATED — NOT REAL STUDENT DATA
S00009,2025-01-02T09:22:27.390058+00:00,1,DBMS,DBMS Basics,Medium,0.0,0.5,0.5,0.0,0.5,0.5,0.5,0.0,0.0,0.5,0.5,0.0,168.0,0,0.31628,SYNTHETIC / SIMULATED — NOT REAL STUDENT DATA
S00009,2025-01-02T20:16:28.942540+00:00,2,Computer Networks,Routing,Easy,1.0,1.0,0.5,0.0,0.5,0.5,0.5,0.0,0.0,0.5,0.5,0.0,168.0,0,0.638793,SYNTHETIC / SIMULATED — NOT REAL STUDENT DATA
S00009,2025-01-03T02:25:56.675983+00:00,3,DSA,Graphs,Medium,2.0,1.0,0.5,0.0,0.5,0.5,0.5,0.0,0.0,0.5,0.5,0.0,168.0,0,0.403052,SYNTHETIC / SIMULATED — NOT REAL STUDENT DATA
S00009,2025-01-04T12:49:32.532355+00:00,4,DBMS,Joins,Medium,3.0,0.6666666666666666,1.0,0.0,0.5,0.5,0.5,0.0,0.0,0.5,0.5,0.0,168.0,0,0.328409,SYNTHETIC / SIMULATED — NOT REAL STUDENT DATA
S00009,2025-01-04T17:31:13.841348+00:00,5,Operating Systems,File Systems,Easy,4.0,0.5,0.5,0.0,0.5,0.5,0.5,0.0,0.0,0.5,0.5,0.0,168.0,0,0.501556,SYNTHETIC / SIMULATED — NOT REAL STUDENT DATA
S00009,2025-01-05T03:42:48.856477+00:00,6,DBMS,Indexing,Easy,5.0,0.6,0.5,0.0,0.5,0.5,0.5,0.0,0.0,0.5,0.5,0.0,168.0,0,0.389324,SYNTHETIC / SIMULATED — NOT REAL STUDENT DATA
S00009,2025-01-06T05:37:52.732258+00:00,7,Software Engineering,SRS,Easy,6.0,0.6666666666666666,0.5,0.0,0.5,0.5,0.5,0.0,0.0,0.5,0.5,0.0,168.0,0,0.587644,SYNTHETIC / SIMULATED — NOT REAL STUDENT DATA
S00009,2025-01-06T20:44:08.466831+00:00,8,Operating Systems,Threads,Medium,7.0,0.7142857142857143,1.0,0.0,0.5,0.5,0.5,0.0,0.0,0.5,0.5,0.0,168.0,0,0.361421,SYNTHETIC / SIMULATED — NOT REAL STUDENT DATA
S00009,2025-01-07T14:53:35.209538+00:00,9,Software Engineering,SRS,Hard,8.0,0.75,1.0,1.0,1.0,1.0,1.0,58.1,0.0,0.5,1.0,0.0,33.26179924444445,0,0.590189,SYNTHETIC / SIMULATED — NOT REAL STUDENT DATA
S00009,2025-01-08T02:16:54.227258+00:00,10,Software Engineering,SDLC,Medium,9.0,0.6666666666666666,0.5,0.0,0.5,0.5,0.5,0.0,0.0,0.5,0.5,0.0,168.0,0,0.114051,SYNTHETIC / SIMULATED — NOT REAL STUDENT DATA
S00009,2025-01-09T12:43:16.362238+00:00,11,Computer Networks,TCP/IP,Easy,10.0,0.6,1.0,0.0,0.5,0.5,0.5,0.0,0.0,0.5,0.5,0.0,168.0,0,0.523822,SYNTHETIC / SIMULATED — NOT REAL STUDENT DATA
S00009,2025-01-11T02:23:56.862107+00:00,12,DSA,Heap,Easy,11.0,0.6363636363636364,0.0,0.0,0.5,0.5,0.5,0.0,0.0,0.5,0.5,0.0,168.0,1,0.70086,SYNTHETIC / SIMULATED — NOT REAL STUDENT DATA
S00009,2025-01-12T13:47:49.197016+00:00,13,Operating Systems,File Systems,Easy,12.0,0.6666666666666666,1.0,1.0,1.0,1.0,1.0,66.63,0.0,1.0,1.0,0.0,188.27648768555554,0,0.503104,SYNTHETIC / SIMULATED — NOT REAL STUDENT DATA
S00009,2025-01-13T01:33:24.101801+00:00,14,Software Engineering,UML,Easy,13.0,0.6153846153846154,0.3333333333333333,0.0,0.5,0.5,0.5,0.0,0.0,0.5,0.5,0.0,168.0,0,0.224793,SYNTHETIC / SIMULATED — NOT REAL STUDENT DATA
S00009,2025-01-13T11:36:48.429946+00:00,15,Software Engineering,Waterfall,Hard,14.0,0.5714285714285714,0.25,0.0,0.5,0.5,0.5,0.0,0.0,0.5,0.5,0.0,168.0,0,0.226644,SYNTHETIC / SIMULATED — NOT REAL STUDENT DATA
S00009,2025-01-13T14:57:57.799311+00:00,16,DSA,Hashing,Hard,15.0,0.5333333333333333,0.5,0.0,0.5,0.5,0.5,0.0,0.0,0.5,0.5,0.0,168.0,0,0.42448,SYNTHETIC / SIMULATED — NOT REAL STUDENT DATA
S00009,2025-01-14T18:10:59.468619+00:00,17,Operating Systems,Synchronization,Medium,16.0,0.5,0.6666666666666666,0.0,0.5,0.5,0.5,0.0,0.0,0.5,0.5,0.0,168.0,0,0.367176,SYNTHETIC / SIMULATED — NOT REAL STUDENT DATA
S00009,2025-01-15T06:49:37.189810+00:00,18,DSA,Arrays,Medium,17.0,0.5294117647058824,0.3333333333333333,0.0,0.5,0.5,0.5,0.0,0.0,0.5,0.5,0.0,168.0,0,0.457909,SYNTHETIC / SIMULATED — NOT REAL STUDENT DATA
S00009,2025-01-15T22:47:16.499249+00:00,19,Operating Systems,Threads,Easy,18.0,0.5,0.75,1.0,1.0,1.0,1.0,103.62,0.0,0.5,1.0,0.0,218.05223122722222,0,0.379952,SYNTHETIC / SIMULATED — NOT REAL STUDENT DATA
S00009,2025-01-17T05:06:08.745536+00:00,20,DSA,Graphs,Hard,19.0,0.5263157894736842,0.25,1.0,0.0,0.0,0.0,71.55,0.0,0.5,0.0,0.0,338.67001932027773,0,0.409313,SYNTHETIC / SIMULATED — NOT REAL STUDENT DATA
S00009,2025-01-17T10:51:21.343324+00:00,21,Software Engineering,Software Quality,Easy,20.0,0.5,0.2,0.0,0.5,0.5,0.5,0.0,0.0,0.5,0.5,0.0,168.0,0,0.124131,SYNTHETIC / SIMULATED — NOT REAL STUDENT DATA
S00009,2025-01-17T15:38:02.708003+00:00,22,DBMS,Transactions,Medium,21.0,0.5238095238095238,0.6666666666666666,0.0,0.5,0.5,0.5,0.0,0.0,0.5,0.5,0.0,168.0,0,0.213154,SYNTHETIC / SIMULATED — NOT REAL STUDENT DATA
S00009,2025-01-18T20:38:06.507906+00:00,23,DBMS,ER Model,Easy,22.0,0.5,0.5,0.0,0.5,0.5,0.5,0.0,0.0,0.5,0.5,0.0,168.0,0,0.117721,SYNTHETIC / SIMULATED — NOT REAL STUDENT DATA
S00009,2025-01-20T05:31:18.587303+00:00,24,Operating Systems,Synchronization,Easy,23.0,0.4782608695652174,0.8,1.0,1.0,1.0,1.0,101.88,0.0,0.5,1.0,0.0,131.33864407888888,0,0.370355,SYNTHETIC / SIMULATED — NOT REAL STUDENT DATA
S00009,2025-01-21T19:20:38.461347+00:00,25,Computer Networks,UDP,Hard,24.0,0.4583333333333333,1.0,0.0,0.5,0.5,0.5,0.0,0.0,0.5,0.5,0.0,168.0,0,0.585725,SYNTHETIC / SIMULATED — NOT REAL STUDENT DATA
S00009,2025-01-22T10:24:36.301806+00:00,26,Software Engineering,Agile,Hard,25.0,0.48,0.3333333333333333,0.0,0.5,0.5,0.5,0.0,0.0,0.5,0.5,0.0,168.0,0,0.057505,SYNTHETIC / SIMULATED — NOT REAL STUDENT DATA
S00009,2025-01-23T21:18:36.786609+00:00,27,Software Engineering,Waterfall,Medium,26.0,0.46153846153846156,0.2857142857142857,1.0,0.0,0.0,0.0,277.33,0.0,0.5,0.0,0.0,249.6967657397222,0,0.254722,SYNTHETIC / SIMULATED — NOT REAL STUDENT DATA
S00009,2025-01-25T06:19:02.022980+00:00,28,DSA,Hashing,Easy,27.0,0.48148148148148145,0.2,1.0,0.0,0.0,0.0,219.45,0.0,0.5,0.0,0.0,279.3511732413889,0,0.43725,SYNTHETIC / SIMULATED — NOT REAL STUDENT DATA
S00009,2025-01-26T03:46:21.219093+00:00,29,DSA,Arrays,Easy,28.0,0.5,0.3333333333333333,1.0,0.0,0.0,0.0,137.02,0.0,0.5,0.0,0.0,260.94556368972223,0,0.472068,SYNTHETIC / SIMULATED — NOT REAL STUDENT DATA
S00009,2025-01-27T02:38:51.983427+00:00,30,DBMS,Relational Algebra,Medium,29.0,0.5172413793103449,0.4,0.0,0.5,0.5,0.5,0.0,0.0,0.5,0.5,0.0,168.0,0,0.254639,SYNTHETIC / SIMULATED — NOT REAL STUDENT DATA
S00009,2025-01-28T15:14:05.117226+00:00,31,Software Engineering,UML,Medium,30.0,0.5,0.375,1.0,0.0,0.0,0.0,68.09,0.0,0.5,0.0,0.0,373.6780598402778,0,0.228338,SYNTHETIC / SIMULATED — NOT REAL STUDENT DATA
S00009,2025-01-29T16:34:37.587323+00:00,32,DSA,Stack & Queue,Easy,31.0,0.4838709677419355,0.42857142857142855,0.0,0.5,0.5,0.5,0.0,0.0,0.5,0.5,0.0,168.0,0,0.286142,SYNTHETIC / SIMULATED — NOT REAL STUDENT DATA
S00009,2025-01-30T15:40:34.007209+00:00,33,Software Engineering,Git/Version Control,Hard,32.0,0.5,0.3333333333333333,0.0,0.5,0.5,0.5,0.0,0.0,0.5,0.5,0.0,168.0,0,0.346235,SYNTHETIC / SIMULATED — NOT REAL STUDENT DATA
S00009,2025-01-31T12:39:48.745919+00:00,34,Operating Systems,Memory Management,Medium,33.0,0.48484848484848486,0.6666666666666666,0.0,0.5,0.5,0.5,0.0,0.0,0.5,0.5,0.0,168.0,0,0.453185,SYNTHETIC / SIMULATED — NOT REAL STUDENT DATA
S00009,2025-02-01T23:52:27.992849+00:00,35,DBMS,Joins,Medium,34.0,0.5,0.3333333333333333,1.0,0.0,0.0,0.0,134.57,0.0,0.0,0.0,0.0,683.0487390261111,0,0.35101,SYNTHETIC / SIMULATED — NOT REAL STUDENT DATA
S00009,2025-02-02T22:15:40.329433+00:00,36,DSA,Stack & Queue,Medium,35.0,0.5142857142857142,0.5,1.0,1.0,1.0,1.0,55.88,0.0,0.5,1.0,0.0,101.68409503055555,0,0.307993,SYNTHETIC / SIMULATED — NOT REAL STUDENT DATA
S00009,2025-02-03T06:12:33.906610+00:00,37,DBMS,Normalization,Medium,36.0,0.5277777777777778,0.42857142857142855,0.0,0.5,0.5,0.5,0.0,0.0,0.5,0.5,0.0,168.0,0,0.277553,SYNTHETIC / SIMULATED — NOT REAL STUDENT DATA
S00009,2025-02-03T13:51:49.177977+00:00,38,DSA,Heap,Hard,37.0,0.5135135135135135,0.5555555555555556,1.0,1.0,1.0,1.0,38.81,0.0,0.5,1.0,0.0,563.4645321861111,1,0.71185,SYNTHETIC / SIMULATED — NOT REAL STUDENT DATA
S00009,2025-02-05T00:50:57.213015+00:00,39,Software Engineering,SRS,Hard,38.0,0.5263157894736842,0.3,2.0,0.5,0.5,0.5,85.59,27.490000000000002,0.0,0.0,0.0,681.9561120769445,0,0.59273,SYNTHETIC / SIMULATED — NOT REAL STUDENT DATA
S00009,2025-02-05T17:44:23.167134+00:00,40,Software Engineering,Agile,Easy,39.0,0.5128205128205128,0.2727272727272727,1.0,0.0,0.0,0.0,230.82,0.0,0.5,0.0,0.0,343.3296848133333,0,0.084502,SYNTHETIC / SIMULATED — NOT REAL STUDENT DATA
S00009,2025-02-06T06:10:43.865788+00:00,41,Computer Networks,DHCP,Easy,40.0,0.525,1.0,0.0,0.5,0.5,0.5,0.0,0.0,0.5,0.5,0.0,168.0,0,0.226357,SYNTHETIC / SIMULATED — NOT REAL STUDENT DATA
S00009,2025-02-06T16:27:03.487965+00:00,42,DBMS,Keys,Medium,41.0,0.5121951219512195,0.375,0.0,0.5,0.5,0.5,0.0,0.0,0.5,0.5,0.0,168.0,0,0.205574,SYNTHETIC / SIMULATED — NOT REAL STUDENT DATA
S00009,2025-02-07T23:55:09.006688+00:00,43,Software Engineering,Design Patterns,Easy,42.0,0.5,0.3333333333333333,0.0,0.5,0.5,0.5,0.0,0.0,0.5,0.5,0.0,168.0,0,0.304494,SYNTHETIC / SIMULATED — NOT REAL STUDENT DATA
S00009,2025-02-09T12:01:49.950619+00:00,44,DSA,Hashing,Easy,43.0,0.4883720930232558,0.6,2.0,0.5,0.5,0.5,134.03,85.41999999999999,1.0,1.0,0.0,365.71331323305554,0,0.452466,SYNTHETIC / SIMULATED — NOT REAL STUDENT DATA
S00009,2025-02-10T17:00:53.499212+00:00,45,Operating Systems,Paging,Easy,44.0,0.5,0.7142857142857143,0.0,0.5,0.5,0.5,0.0,0.0,0.5,0.5,0.0,168.0,0,0.426303,SYNTHETIC / SIMULATED — NOT REAL STUDENT DATA
S00009,2025-02-11T06:10:37.153971+00:00,46,Software Engineering,SDLC,Medium,45.0,0.4888888888888889,0.3076923076923077,1.0,0.0,0.0,0.0,219.86,0.0,0.0,0.0,0.0,720.0,0,0.121301,SYNTHETIC / SIMULATED — NOT REAL STUDENT DATA
S00009,2025-02-11T14:41:21.362563+00:00,47,Computer Networks,IP Addressing,Easy,46.0,0.4782608695652174,0.75,0.0,0.5,0.5,0.5,0.0,0.0,0.5,0.5,0.0,168.0,0,0.284722,SYNTHETIC / SIMULATED — NOT REAL STUDENT DATA
S00009,2025-02-12T11:01:50.380611+00:00,48,DBMS,Indexing,Hard,47.0,0.46808510638297873,0.3333333333333333,1.0,1.0,1.0,1.0,44.31,0.0,0.5,1.0,0.0,720.0,0,0.408942,SYNTHETIC / SIMULATED — NOT REAL STUDENT DATA
S00009,2025-02-13T10:01:17.675509+00:00,49,Operating Systems,CPU Scheduling,Hard,48.0,0.4791666666666667,0.625,0.0,0.5,0.5,0.5,0.0,0.0,0.5,0.5,0.0,168.0,0,0.452998,SYNTHETIC / SIMULATED — NOT REAL STUDENT DATA
S00009,2025-02-13T18:25:24.053262+00:00,50,Operating Systems,Deadlocks,Easy,49.0,0.46938775510204084,0.5555555555555556,0.0,0.5,0.5,0.5,0.0,0.0,0.5,0.5,0.0,168.0,0,0.521345,SYNTHETIC / SIMULATED — NOT REAL STUDENT DATA
S00009,2025-02-14T07:12:37.231182+00:00,51,Software Engineering,UML,Easy,50.0,0.48,0.2857142857142857,2.0,0.0,0.0,0.0,147.07,78.98000000000003,0.0,0.0,0.0,399.97558721,0,0.248616,SYNTHETIC / SIMULATED — NOT REAL STUDENT DATA
S00009,2025-02-14T12:18:11.854222+00:00,52,DSA,Graphs,Easy,51.0,0.49019607843137253,0.6363636363636364,2.0,0.0,0.0,0.0,138.37,66.81999999999998,0.5,0.0,0.0,679.2008635238889,0,0.415128,SYNTHETIC / SIMULATED — NOT REAL STUDENT DATA
S00009,2025-02-15T05:42:18.677292+00:00,53,Software Engineering,Git/Version Control,Medium,52.0,0.4807692307692308,0.3333333333333333,1.0,0.0,0.0,0.0,200.01,0.0,0.5,0.0,0.0,374.02907502305555,0,0.350884,SYNTHETIC / SIMULATED — NOT REAL STUDENT DATA
S00009,2025-02-16T02:31:42.395913+00:00,54,DSA,Heap,Hard,53.0,0.4716981132075472,0.5833333333333334,2.0,1.0,1.0,1.0,79.09,40.28,1.0,1.0,0.0,300.66478276000004,1,0.718886,SYNTHETIC / SIMULATED — NOT REAL STUDENT DATA
S00009,2025-02-17T07:21:35.701970+00:00,55,DSA,Recursion,Easy,54.0,0.48148148148148145,0.6153846153846154,0.0,0.5,0.5,0.5,0.0,0.0,0.5,0.5,0.0,168.0,0,0.226487,SYNTHETIC / SIMULATED — NOT REAL STUDENT DATA
S00009,2025-02-18T02:18:55.744276+00:00,56,DSA,Hashing,Hard,55.0,0.4909090909090909,0.6428571428571429,3.0,0.6666666666666666,0.6666666666666666,0.6666666666666666,107.04333333333334,79.50436857319364,0.0,1.0,0.0,206.28494268249997,0,0.458548,SYNTHETIC / SIMULATED — NOT REAL STUDENT DATA
S00009,2025-02-18T17:27:50.624886+00:00,57,Operating Systems,Synchronization,Hard,56.0,0.48214285714285715,0.6,2.0,0.5,0.5,0.5,82.36,19.519999999999992,0.5,0.0,0.0,707.9422326619444,0,0.37719,SYNTHETIC / SIMULATED — NOT REAL STUDENT DATA
S00009,2025-02-19T06:56:03.452594+00:00,58,DSA,Heap,Easy,57.0,0.47368421052631576,0.6,3.0,1.0,1.0,1.0,119.53666666666668,65.98119395369828,1.0,1.0,0.0,76.40584907805555,1,0.72703,SYNTHETIC / SIMULATED — NOT REAL STUDENT DATA
S00009,2025-02-20T05:39:49.530212+00:00,59,Software Engineering,Design Patterns,Easy,58.0,0.4827586206896552,0.3125,1.0,0.0,0.0,0.0,86.96,0.0,0.0,0.0,0.0,293.7445898677778,0,0.321483,SYNTHETIC / SIMULATED — NOT REAL STUDENT DATA
S00009,2025-02-21T18:22:28.318978+00:00,60,DBMS,SQL,Medium,59.0,0.4915254237288136,0.4,0.0,0.5,0.5,0.5,0.0,0.0,0.5,0.5,0.0,168.0,0,0.220291,SYNTHETIC / SIMULATED — NOT REAL STUDENT DATA
S00010,2025-01-02T00:46:36.341703+00:00,1,DSA,Recursion,Easy,0.0,0.5,0.5,0.0,0.5,0.5,0.5,0.0,0.0,0.5,0.5,0.0,168.0,0,0.270549,SYNTHETIC / SIMULATED — NOT REAL STUDENT DATA
S00010,2025-01-02T10:49:01.839541+00:00,2,DBMS,SQL,Medium,1.0,0.0,0.5,0.0,0.5,0.5,0.5,0.0,0.0,0.5,0.5,0.0,168.0,1,0.758237,SYNTHETIC / SIMULATED — NOT REAL STUDENT DATA
S00010,2025-01-02T16:08:30.096431+00:00,3,Computer Networks,Routing,Medium,2.0,0.5,0.5,0.0,0.5,0.5,0.5,0.0,0.0,0.5,0.5,0.0,168.0,0,0.342944,SYNTHETIC / SIMULATED — NOT REAL STUDENT DATA
S00010,2025-01-03T20:26:16.609233+00:00,4,Computer Networks,DNS,Hard,3.0,0.6666666666666666,1.0,0.0,0.5,0.5,0.5,0.0,0.0,0.5,0.5,0.0,168.0,0,0.699389,SYNTHETIC / SIMULATED — NOT REAL STUDENT DATA
S00010,2025-01-04T20:13:15.000205+00:00,5,Software Engineering,Software Quality,Hard,4.0,0.75,0.5,0.0,0.5,0.5,0.5,0.0,0.0,0.5,0.5,0.0,168.0,0,0.118626,SYNTHETIC / SIMULATED — NOT REAL STUDENT DATA
S00010,2025-01-05T06:22:44.389732+00:00,6,Operating Systems,I/O Management,Hard,5.0,0.6,0.5,0.0,0.5,0.5,0.5,0.0,0.0,0.5,0.5,0.0,168.0,0,0.538572,SYNTHETIC / SIMULATED — NOT REAL STUDENT DATA
S00010,2025-01-06T17:00:55.328194+00:00,7,Operating Systems,I/O Management,Hard,6.0,0.5,0.0,1.0,0.0,0.0,0.0,183.19,0.0,0.0,0.0,0.0,34.636371795,0,0.558437,SYNTHETIC / SIMULATED — NOT REAL STUDENT DATA
S00010,2025-01-07T16:14:55.405903+00:00,8,Computer Networks,UDP,Easy,7.0,0.5714285714285714,1.0,0.0,0.5,0.5,0.5,0.0,0.0,0.5,0.5,0.0,168.0,0,0.490082,SYNTHETIC / SIMULATED — NOT REAL STUDENT DATA
S00010,2025-01-08T09:31:02.506875+00:00,9,Computer Networks,UDP,Easy,8.0,0.625,1.0,1.0,1.0,1.0,1.0,49.97,0.0,1.0,1.0,0.0,17.268639158888888,0,0.504734,SYNTHETIC / SIMULATED — NOT REAL STUDENT DATA
S00010,2025-01-09T06:02:03.792673+00:00,10,Computer Networks,TCP,Medium,9.0,0.6666666666666666,1.0,0.0,0.5,0.5,0.5,0.0,0.0,0.5,0.5,0.0,168.0,0,0.527758,SYNTHETIC / SIMULATED — NOT REAL STUDENT DATA
S00010,2025-01-09T21:15:41.095791+00:00,11,Computer Networks,HTTP,Medium,10.0,0.7,1.0,0.0,0.5,0.5,0.5,0.0,0.0,0.5,0.5,0.0,168.0,0,0.455317,SYNTHETIC / SIMULATED — NOT REAL STUDENT DATA
S00010,2025-01-11T10:57:39.840345+00:00,12,DBMS,DBMS Basics,Medium,11.0,0.7272727272727273,1.0,0.0,0.5,0.5,0.5,0.0,0.0,0.5,0.5,0.0,168.0,0,0.591564,SYNTHETIC / SIMULATED — NOT REAL STUDENT DATA
S00010,2025-01-12T14:27:00.173790+00:00,13,Software Engineering,Design Patterns,Medium,12.0,0.75,0.0,0.0,0.5,0.5,0.5,0.0,0.0,0.5,0.5,0.0,168.0,0,0.212949,SYNTHETIC / SIMULATED — NOT REAL STUDENT DATA
S00010,2025-01-13T01:22:45.821380+00:00,14,DSA,Graphs,Easy,13.0,0.6923076923076923,0.0,0.0,0.5,0.5,0.5,0.0,0.0,0.5,0.5,0.0,168.0,0,0.556756,SYNTHETIC / SIMULATED — NOT REAL STUDENT DATA
S00010,2025-01-14T14:35:37.947512+00:00,15,DSA,Strings,Hard,14.0,0.7142857142857143,0.5,0.0,0.5,0.5,0.5,0.0,0.0,0.5,0.5,0.0,168.0,0,0.306779,SYNTHETIC / SIMULATED — NOT REAL STUDENT DATA
S00010,2025-01-15T14:01:45.543448+00:00,16,DSA,Trees,Medium,15.0,0.6666666666666666,0.3333333333333333,0.0,0.5,0.5,0.5,0.0,0.0,0.5,0.5,0.0,168.0,0,0.281927,SYNTHETIC / SIMULATED — NOT REAL STUDENT DATA
S00010,2025-01-16T09:19:52.840059+00:00,17,Software Engineering,Design Patterns,Medium,16.0,0.625,0.0,1.0,0.0,0.0,0.0,144.1,0.0,0.0,0.0,0.0,90.88129618583332,0,0.218605,SYNTHETIC / SIMULATED — NOT REAL STUDENT DATA
S00010,2025-01-17T22:03:00.481852+00:00,18,Operating Systems,Deadlocks,Hard,17.0,0.5882352941176471,0.5,0.0,0.5,0.5,0.5,0.0,0.0,0.5,0.5,0.0,168.0,0,0.315761,SYNTHETIC / SIMULATED — NOT REAL STUDENT DATA
S00010,2025-01-19T10:54:41.739846+00:00,19,DSA,Hashing,Easy,18.0,0.5555555555555556,0.25,0.0,0.5,0.5,0.5,0.0,0.0,0.5,0.5,0.0,168.0,0,0.363776,SYNTHETIC / SIMULATED — NOT REAL STUDENT DATA
S00010,2025-01-20T18:55:33.817186+00:00,20,DSA,Stack & Queue,Easy,19.0,0.5263157894736842,0.2,0.0,0.5,0.5,0.5,0.0,0.0,0.5,0.5,0.0,168.0,0,0.5922,SYNTHETIC / SIMULATED — NOT REAL STUDENT DATA
S00010,2025-01-21T13:04:09.606181+00:00,21,Software Engineering,Design Patterns,Easy,20.0,0.55,0.0,2.0,0.0,0.0,0.0,140.245,3.854999999999312,0.5,0.0,0.0,123.73799058944445,0,0.223498,SYNTHETIC / SIMULATED — NOT REAL STUDENT DATA
S00010,2025-01-22T20:05:01.655056+00:00,22,Software Engineering,SRS,Medium,21.0,0.5238095238095238,0.0,0.0,0.5,0.5,0.5,0.0,0.0,0.5,0.5,0.0,168.0,0,0.104212,SYNTHETIC / SIMULATED — NOT REAL STUDENT DATA
S00010,2025-01-24T09:39:42.573227+00:00,23,Operating Systems,Processes,Hard,22.0,0.5,0.3333333333333333,0.0,0.5,0.5,0.5,0.0,0.0,0.5,0.5,0.0,168.0,0,0.234403,SYNTHETIC / SIMULATED — NOT REAL STUDENT DATA
S00010,2025-01-24T19:10:46.530440+00:00,24,Software Engineering,Git/Version Control,Easy,23.0,0.4782608695652174,0.0,0.0,0.5,0.5,0.5,0.0,0.0,0.5,0.5,0.0,168.0,0,0.172242,SYNTHETIC / SIMULATED — NOT REAL STUDENT DATA
S00010,2025-01-25T13:05:21.926629+00:00,25,DBMS,Relational Algebra,Easy,24.0,0.4583333333333333,1.0,0.0,0.5,0.5,0.5,0.0,0.0,0.5,0.5,0.0,168.0,0,0.647676,SYNTHETIC / SIMULATED — NOT REAL STUDENT DATA
S00010,2025-01-25T17:31:40.830190+00:00,26,DSA,Heap,Medium,25.0,0.48,0.3333333333333333,0.0,0.5,0.5,0.5,0.0,0.0,0.5,0.5,0.0,168.0,0,0.557811,SYNTHETIC / SIMULATED — NOT REAL STUDENT DATA
S00010,2025-01-26T14:25:05.886530+00:00,27,Software Engineering,Project Management,Easy,26.0,0.46153846153846156,0.0,0.0,0.5,0.5,0.5,0.0,0.0,0.5,0.5,0.0,168.0,0,0.256786,SYNTHETIC / SIMULATED — NOT REAL STUDENT DATA
S00010,2025-01-27T10:41:30.397428+00:00,28,Computer Networks,Routing,Medium,27.0,0.4444444444444444,1.0,1.0,1.0,1.0,1.0,75.61,0.0,1.0,1.0,0.0,594.5500836102779,0,0.346981,SYNTHETIC / SIMULATED — NOT REAL STUDENT DATA
S00010,2025-01-28T09:29:23.253814+00:00,29,Computer Networks,DHCP,Medium,28.0,0.42857142857142855,0.8571428571428571,0.0,0.5,0.5,0.5,0.0,0.0,0.5,0.5,0.0,168.0,0,0.409604,SYNTHETIC / SIMULATED — NOT REAL STUDENT DATA
S00010,2025-01-29T05:52:29.085224+00:00,30,Computer Networks,Routing,Hard,29.0,0.41379310344827586,0.75,2.0,0.5,0.5,0.5,118.75,43.139999999999986,0.5,0.0,0.0,43.18296883222222,0,0.352828,SYNTHETIC / SIMULATED — NOT REAL STUDENT DATA
S00010,2025-01-30T11:54:30.059885+00:00,31,Operating Systems,Synchronization,Hard,30.0,0.4,0.25,0.0,0.5,0.5,0.5,0.0,0.0,0.5,0.5,0.0,168.0,0,0.507633,SYNTHETIC / SIMULATED — NOT REAL STUDENT DATA
S00010,2025-01-31T20:05:16.109719+00:00,32,DSA,Trees,Medium,31.0,0.41935483870967744,0.2857142857142857,1.0,0.0,0.0,0.0,111.41,0.0,0.0,0.0,0.0,390.0584906308334,0,0.288773,SYNTHETIC / SIMULATED — NOT REAL STUDENT DATA
S00010,2025-02-02T09:39:10.280710+00:00,33,Computer Networks,Routing,Hard,32.0,0.40625,0.6666666666666666,3.0,0.3333333333333333,0.3333333333333333,0.3333333333333333,146.88666666666666,53.14179543656976,0.0,0.0,0.0,99.77810985722222,0,0.357153,SYNTHETIC / SIMULATED — NOT REAL STUDENT DATA
S00010,2025-02-03T18:13:13.239474+00:00,34,DBMS,DBMS Basics,Hard,33.0,0.3939393939393939,1.0,1.0,1.0,1.0,1.0,65.64,0.0,0.5,1.0,0.0,559.2592775358333,0,0.607731,SYNTHETIC / SIMULATED — NOT REAL STUDENT DATA
S00010,2025-02-05T03:31:21.041756+00:00,35,Operating Systems,Security,Hard,34.0,0.4117647058823529,0.4,0.0,0.5,0.5,0.5,0.0,0.0,0.5,0.5,0.0,168.0,0,0.396944,SYNTHETIC / SIMULATED — NOT REAL STUDENT DATA
S00010,2025-02-05T12:38:45.959031+00:00,36,Computer Networks,IP Addressing,Easy,35.0,0.4,0.6,0.0,0.5,0.5,0.5,0.0,0.0,0.5,0.5,0.0,168.0,0,0.371451,SYNTHETIC / SIMULATED — NOT REAL STUDENT DATA
S00010,2025-02-06T14:43:33.483289+00:00,37,Computer Networks,OSI,Hard,36.0,0.4166666666666667,0.6363636363636364,0.0,0.5,0.5,0.5,0.0,0.0,0.5,0.5,0.0,168.0,0,0.524033,SYNTHETIC / SIMULATED — NOT REAL STUDENT DATA
S00010,2025-02-07T04:32:37.164784+00:00,38,Computer Networks,OSI,Medium,37.0,0.40540540540540543,0.5833333333333334,1.0,0.0,0.0,0.0,95.45,0.0,0.5,0.0,0.0,13.817689304166667,0,0.543042,SYNTHETIC / SIMULATED — NOT REAL STUDENT DATA
S00010,2025-02-07T15:35:15.163550+00:00,39,Computer Networks,IP Addressing,Medium,38.0,0.42105263157894735,0.6153846153846154,1.0,1.0,1.0,1.0,60.93,0.0,0.5,1.0,0.0,50.94144569972222,0,0.376085,SYNTHETIC / SIMULATED — NOT REAL STUDENT DATA
S00010,2025-02-08T21:37:38.948743+00:00,40,DSA,Strings,Easy,39.0,0.41025641025641024,0.25,1.0,0.0,0.0,0.0,220.77,0.0,0.5,0.0,0.0,607.0336114530555,0,0.311764,SYNTHETIC / SIMULATED — NOT REAL STUDENT DATA
S00010,2025-02-09T08:05:01.705648+00:00,41,DSA,Hashing,Easy,40.0,0.4,0.2222222222222222,1.0,0.0,0.0,0.0,50.14,0.0,0.0,0.0,0.0,501.1722127227778,0,0.381137,SYNTHETIC / SIMULATED — NOT REAL STUDENT DATA
S00010,2025-02-10T20:07:33.140805+00:00,42,DBMS,ER Model,Easy,41.0,0.4146341463414634,1.0,0.0,0.5,0.5,0.5,0.0,0.0,0.5,0.5,0.0,168.0,0,0.387772,SYNTHETIC / SIMULATED — NOT REAL STUDENT DATA
S00010,2025-02-12T00:34:26.356478+00:00,43,DSA,Heap,Medium,42.0,0.42857142857142855,0.3,1.0,0.0,0.0,0.0,85.86,0.0,0.0,0.0,0.0,415.0459795244444,0,0.575063,SYNTHETIC / SIMULATED — NOT REAL STUDENT DATA
S00010,2025-02-12T09:00:58.514079+00:00,44,Computer Networks,Network Security,Medium,43.0,0.4418604651162791,0.5714285714285714,0.0,0.5,0.5,0.5,0.0,0.0,0.5,0.5,0.0,168.0,0,0.298631,SYNTHETIC / SIMULATED — NOT REAL STUDENT DATA
S00010,2025-02-13T20:06:00.738104+00:00,45,Operating Systems,Threads,Easy,44.0,0.4318181818181818,0.3333333333333333,0.0,0.5,0.5,0.5,0.0,0.0,0.5,0.5,0.0,168.0,0,0.510274,SYNTHETIC / SIMULATED — NOT REAL STUDENT DATA
S00010,2025-02-14T12:06:00.948852+00:00,46,Computer Networks,HTTP,Hard,45.0,0.4444444444444444,0.5333333333333333,1.0,1.0,1.0,1.0,104.73,0.0,0.5,1.0,0.0,720.0,0,0.461176,SYNTHETIC / SIMULATED — NOT REAL STUDENT DATA
S00010,2025-02-15T03:37:44.008420+00:00,47,Operating Systems,Memory Management,Easy,46.0,0.43478260869565216,0.42857142857142855,0.0,0.5,0.5,0.5,0.0,0.0,0.5,0.5,0.0,168.0,0,0.416877,SYNTHETIC / SIMULATED — NOT REAL STUDENT DATA
S00010,2025-02-16T17:14:20.954025+00:00,48,DSA,Strings,Easy,47.0,0.425531914893617,0.36363636363636365,2.0,0.0,0.0,0.0,147.74,73.03,0.0,0.0,0.0,187.6116681338889,0,0.331748,SYNTHETIC / SIMULATED — NOT REAL STUDENT DATA
S00010,2025-02-17T21:48:09.442831+00:00,49,Software Engineering,Agile,Easy,48.0,0.4375,0.0,0.0,0.5,0.5,0.5,0.0,0.0,0.5,0.5,0.0,168.0,0,0.231588,SYNTHETIC / SIMULATED — NOT REAL STUDENT DATA
S00010,2025-02-18T18:58:30.588141+00:00,50,DSA,Trees,Easy,49.0,0.42857142857142855,0.4166666666666667,2.0,0.0,0.0,0.0,133.48000000000002,22.069999999999954,0.5,0.0,0.0,430.8873551172222,0,0.293547,SYNTHETIC / SIMULATED — NOT REAL STUDENT DATA
S00010,2025-02-19T19:38:23.942561+00:00,51,Operating Systems,Paging,Easy,50.0,0.42,0.375,0.0,0.5,0.5,0.5,0.0,0.0,0.5,0.5,0.0,168.0,0,0.556096,SYNTHETIC / SIMULATED — NOT REAL STUDENT DATA
S00010,2025-02-19T22:39:04.178812+00:00,52,DSA,Hashing,Hard,51.0,0.43137254901960786,0.38461538461538464,2.0,0.5,0.5,0.5,52.86,2.720000000000007,0.5,1.0,0.0,254.56735365666665,0,0.385734,SYNTHETIC / SIMULATED — NOT REAL STUDENT DATA
S00010,2025-02-21T02:01:25.324064+00:00,53,DSA,Recursion,Medium,52.0,0.4230769230769231,0.35714285714285715,1.0,0.0,0.0,0.0,68.06,0.0,0.5,0.0,0.0,720.0,0,0.298329,SYNTHETIC / SIMULATED — NOT REAL STUDENT DATA
S00010,2025-02-21T07:36:35.754407+00:00,54,Software Engineering,Testing,Medium,53.0,0.4339622641509434,0.0,0.0,0.5,0.5,0.5,0.0,0.0,0.5,0.5,0.0,168.0,0,0.319856,SYNTHETIC / SIMULATED — NOT REAL STUDENT DATA
S00010,2025-02-21T15:05:15.654745+00:00,55,DSA,Recursion,Medium,54.0,0.4444444444444444,0.4,2.0,0.5,0.5,0.5,80.02000000000001,11.959999999999944,1.0,1.0,0.0,13.063980744722222,0,0.3226,SYNTHETIC / SIMULATED — NOT REAL STUDENT DATA
S00010,2025-02-21T22:02:17.918503+00:00,56,DBMS,Transactions,Easy,55.0,0.45454545454545453,1.0,0.0,0.5,0.5,0.5,0.0,0.0,0.5,0.5,0.0,168.0,0,0.521126,SYNTHETIC / SIMULATED — NOT REAL STUDENT DATA
S00010,2025-02-22T07:43:15.045955+00:00,57,Software Engineering,SRS,Easy,56.0,0.4642857142857143,0.1111111111111111,1.0,0.0,0.0,0.0,123.02,0.0,0.5,0.0,0.0,720.0,0,0.110841,SYNTHETIC / SIMULATED — NOT REAL STUDENT DATA
S00010,2025-02-23T10:36:25.553127+00:00,58,Computer Networks,UDP,Hard,57.0,0.45614035087719296,0.5,2.0,1.0,1.0,1.0,58.485,8.514999999999993,0.5,1.0,0.0,720.0,0,0.523289,SYNTHETIC / SIMULATED — NOT REAL STUDENT DATA
S00010,2025-02-24T05:38:40.067033+00:00,59,Software Engineering,Git/Version Control,Medium,58.0,0.46551724137931033,0.1,1.0,0.0,0.0,0.0,42.39,0.0,0.5,0.0,0.0,720.0,0,0.178825,SYNTHETIC / SIMULATED — NOT REAL STUDENT DATA
S00010,2025-02-25T02:40:41.711106+00:00,60,DBMS,SQL,Easy,59.0,0.4576271186440678,1.0,1.0,1.0,1.0,1.0,69.85,0.0,0.5,1.0,0.0,720.0,1,0.765818,SYNTHETIC / SIMULATED — NOT REAL STUDENT DATA
S00011,2025-01-02T09:25:05.003397+00:00,1,Computer Networks,IP Addressing,Easy,0.0,0.5,0.5,0.0,0.5,0.5,0.5,0.0,0.0,0.5,0.5,0.0,168.0,1,0.80626,SYNTHETIC / SIMULATED — NOT REAL STUDENT DATA
S00011,2025-01-03T18:09:18.738245+00:00,2,Computer Networks,DNS,Medium,1.0,1.0,1.0,0.0,0.5,0.5,0.5,0.0,0.0,0.5,0.5,0.0,168.0,0,0.628994,SYNTHETIC / SIMULATED — NOT REAL STUDENT DATA
S00011,2025-01-05T07:40:31.258142+00:00,3,DBMS,SQL,Hard,2.0,0.5,0.5,0.0,0.5,0.5,0.5,0.0,0.0,0.5,0.5,0.0,168.0,0,0.360813,SYNTHETIC / SIMULATED — NOT REAL STUDENT DATA
S00011,2025-01-06T13:35:59.691936+00:00,4,DBMS,SQL,Easy,3.0,0.3333333333333333,0.0,1.0,0.0,0.0,0.0,227.88,0.0,0.5,0.0,0.0,29.924564942777778,0,0.379549,SYNTHETIC / SIMULATED — NOT REAL STUDENT DATA
S00011,2025-01-08T03:01:31.232672+00:00,5,Computer Networks,Network Security,Medium,4.0,0.5,0.5,0.0,0.5,0.5,0.5,0.0,0.0,0.5,0.5,0.0,168.0,0,0.610583,SYNTHETIC / SIMULATED — NOT REAL STUDENT DATA
S00011,2025-01-09T03:38:43.557435+00:00,6,Computer Networks,IP Addressing,Easy,5.0,0.6,0.6666666666666666,1.0,1.0,1.0,1.0,56.39,0.0,1.0,1.0,0.0,162.22737612166665,1,0.812471,SYNTHETIC / SIMULATED — NOT REAL STUDENT DATA
S00011,2025-01-09T20:07:32.488259+00:00,7,Operating Systems,I/O Management,Easy,6.0,0.6666666666666666,0.5,0.0,0.5,0.5,0.5,0.0,0.0,0.5,0.5,0.0,168.0,0,0.404774,SYNTHETIC / SIMULATED — NOT REAL STUDENT DATA
S00011,2025-01-10T04:06:00.342510+00:00,8,Operating Systems,Deadlocks,Easy,7.0,0.7142857142857143,1.0,0.0,0.5,0.5,0.5,0.0,0.0,0.5,0.5,0.0,168.0,0,0.566459,SYNTHETIC / SIMULATED — NOT REAL STUDENT DATA
S00011,2025-01-10T12:58:30.085376+00:00,9,DSA,Linked Lists,Easy,8.0,0.75,0.5,0.0,0.5,0.5,0.5,0.0,0.0,0.5,0.5,0.0,168.0,0,0.547797,SYNTHETIC / SIMULATED — NOT REAL STUDENT DATA
S00011,2025-01-11T22:00:10.641082+00:00,10,DSA,Hashing,Easy,9.0,0.7777777777777778,1.0,0.0,0.5,0.5,0.5,0.0,0.0,0.5,0.5,0.0,168.0,0,0.431361,SYNTHETIC / SIMULATED — NOT REAL STUDENT DATA
S00011,2025-01-12T06:45:56.336282+00:00,11,Software Engineering,Design Patterns,Medium,10.0,0.8,0.5,0.0,0.5,0.5,0.5,0.0,0.0,0.5,0.5,0.0,168.0,1,0.736571,SYNTHETIC / SIMULATED — NOT REAL STUDENT DATA
S00011,2025-01-13T01:44:28.715752+00:00,12,DBMS,Joins,Medium,11.0,0.8181818181818182,0.5,0.0,0.5,0.5,0.5,0.0,0.0,0.5,0.5,0.0,168.0,0,0.542036,SYNTHETIC / SIMULATED — NOT REAL STUDENT DATA
S00011,2025-01-14T01:30:24.173071+00:00,13,Operating Systems,CPU Scheduling,Easy,12.0,0.8333333333333334,1.0,0.0,0.5,0.5,0.5,0.0,0.0,0.5,0.5,0.0,168.0,0,0.402339,SYNTHETIC / SIMULATED — NOT REAL STUDENT DATA
S00011,2025-01-15T11:43:14.209640+00:00,14,Software Engineering,SRS,Easy,13.0,0.7692307692307693,1.0,0.0,0.5,0.5,0.5,0.0,0.0,0.5,0.5,0.0,168.0,1,0.735971,SYNTHETIC / SIMULATED — NOT REAL STUDENT DATA
S00011,2025-01-16T10:25:30.783986+00:00,15,Operating Systems,File Systems,Hard,14.0,0.7857142857142857,0.6666666666666666,0.0,0.5,0.5,0.5,0.0,0.0,0.5,0.5,0.0,168.0,0,0.394735,SYNTHETIC / SIMULATED — NOT REAL STUDENT DATA
S00011,2025-01-17T09:06:03.343702+00:00,16,Software Engineering,SRS,Easy,15.0,0.7333333333333333,1.0,1.0,1.0,1.0,1.0,40.4,0.0,1.0,1.0,0.0,45.38031501722222,1,0.744826,SYNTHETIC / SIMULATED — NOT REAL STUDENT DATA
S00011,2025-01-17T23:20:05.951149+00:00,17,Software Engineering,Testing,Easy,16.0,0.75,1.0,0.0,0.5,0.5,0.5,0.0,0.0,0.5,0.5,0.0,168.0,1,0.788512,SYNTHETIC / SIMULATED — NOT REAL STUDENT DATA
S00011,2025-01-19T00:26:32.272834+00:00,18,Software Engineering,UML,Medium,17.0,0.7647058823529411,1.0,0.0,0.5,0.5,0.5,0.0,0.0,0.5,0.5,0.0,168.0,1,0.820761,SYNTHETIC / SIMULATED — NOT REAL STUDENT DATA
S00011,2025-01-20T04:32:11.803203+00:00,19,Operating Systems,Security,Medium,18.0,0.7777777777777778,0.5,0.0,0.5,0.5,0.5,0.0,0.0,0.5,0.5,0.0,168.0,0,0.391241,SYNTHETIC / SIMULATED — NOT REAL STUDENT DATA
S00011,2025-01-21T03:27:53.379234+00:00,20,DSA,Trees,Hard,19.0,0.7368421052631579,1.0,0.0,0.5,0.5,0.5,0.0,0.0,0.5,0.5,0.0,168.0,0,0.676932,SYNTHETIC / SIMULATED — NOT REAL STUDENT DATA
S00011,2025-01-21T23:55:53.813423+00:00,21,DSA,Heap,Easy,20.0,0.7,0.6666666666666666,0.0,0.5,0.5,0.5,0.0,0.0,0.5,0.5,0.0,168.0,0,0.580058,SYNTHETIC / SIMULATED — NOT REAL STUDENT DATA
S00011,2025-01-22T16:50:45.199064+00:00,22,DBMS,Normalization,Medium,21.0,0.7142857142857143,0.6666666666666666,0.0,0.5,0.5,0.5,0.0,0.0,0.5,0.5,0.0,168.0,0,0.415663,SYNTHETIC / SIMULATED — NOT REAL STUDENT DATA
S00011,2025-01-23T16:07:54.308175+00:00,23,DSA,Hashing,Medium,22.0,0.7272727272727273,0.75,1.0,1.0,1.0,1.0,61.96,0.0,0.5,1.0,0.0,282.1287964147222,0,0.452838,SYNTHETIC / SIMULATED — NOT REAL STUDENT DATA
S00011,2025-01-24T02:20:19.490924+00:00,24,DBMS,Normalization,Hard,23.0,0.7391304347826086,0.75,1.0,1.0,1.0,1.0,166.16,0.0,0.5,1.0,0.0,33.49285885,0,0.435847,SYNTHETIC / SIMULATED — NOT REAL STUDENT DATA
S00011,2025-01-24T09:23:17.041196+00:00,25,DBMS,SQL,Easy,24.0,0.75,0.8,2.0,0.5,0.5,0.5,158.45499999999998,69.42500000000004,1.0,1.0,0.0,427.78815257222226,0,0.396817,SYNTHETIC / SIMULATED — NOT REAL STUDENT DATA
S00011,2025-01-25T08:22:26.237254+00:00,26,Software Engineering,Testing,Medium,25.0,0.76,1.0,1.0,1.0,1.0,1.0,41.42,0.0,0.5,1.0,0.0,177.0389683625,1,0.801622,SYNTHETIC / SIMULATED — NOT REAL STUDENT DATA
S00011,2025-01-26T16:29:54.152678+00:00,27,Operating Systems,Synchronization,Easy,26.0,0.7692307692307693,0.4,0.0,0.5,0.5,0.5,0.0,0.0,0.5,0.5,0.0,168.0,0,0.535992,SYNTHETIC / SIMULATED — NOT REAL STUDENT DATA
S00011,2025-01-27T04:38:36.715534+00:00,28,Operating Systems,CPU Scheduling,Medium,27.0,0.7777777777777778,0.5,1.0,0.0,0.0,0.0,85.83,0.0,0.5,0.0,0.0,315.1368173508333,0,0.408118,SYNTHETIC / SIMULATED — NOT REAL STUDENT DATA
S00011,2025-01-28T10:04:17.113867+00:00,29,Computer Networks,TCP/IP,Easy,28.0,0.75,0.75,0.0,0.5,0.5,0.5,0.0,0.0,0.5,0.5,0.0,168.0,1,0.81271,SYNTHETIC / SIMULATED — NOT REAL STUDENT DATA
S00011,2025-01-29T06:40:33.016585+00:00,30,Computer Networks,DHCP,Easy,29.0,0.7586206896551724,0.8,0.0,0.5,0.5,0.5,0.0,0.0,0.5,0.5,0.0,168.0,0,0.591583,SYNTHETIC / SIMULATED — NOT REAL STUDENT DATA
S00011,2025-01-30T09:08:37.406466+00:00,31,Operating Systems,Processes,Hard,30.0,0.7666666666666667,0.42857142857142855,0.0,0.5,0.5,0.5,0.0,0.0,0.5,0.5,0.0,168.0,0,0.412983,SYNTHETIC / SIMULATED — NOT REAL STUDENT DATA
S00011,2025-01-30T21:26:20.076962+00:00,32,Operating Systems,Memory Management,Easy,31.0,0.7419354838709677,0.375,0.0,0.5,0.5,0.5,0.0,0.0,0.5,0.5,0.0,168.0,0,0.502097,SYNTHETIC / SIMULATED — NOT REAL STUDENT DATA
S00011,2025-02-01T00:05:08.400449+00:00,33,DSA,Arrays,Medium,32.0,0.75,0.8,0.0,0.5,0.5,0.5,0.0,0.0,0.5,0.5,0.0,168.0,0,0.613731,SYNTHETIC / SIMULATED — NOT REAL STUDENT DATA
S00011,2025-02-01T08:30:09.882988+00:00,34,Computer Networks,TCP,Easy,33.0,0.7575757575757576,0.8333333333333334,0.0,0.5,0.5,0.5,0.0,0.0,0.5,0.5,0.0,168.0,0,0.554738,SYNTHETIC / SIMULATED — NOT REAL STUDENT DATA
S00011,2025-02-01T23:46:40.554470+00:00,35,Operating Systems,File Systems,Hard,34.0,0.7352941176470589,0.4444444444444444,1.0,0.0,0.0,0.0,153.94,0.0,0.0,0.0,0.0,397.3527140233333,0,0.401666,SYNTHETIC / SIMULATED — NOT REAL STUDENT DATA
S00011,2025-02-02T18:03:14.848743+00:00,36,Operating Systems,Security,Hard,35.0,0.7142857142857143,0.4,1.0,0.0,0.0,0.0,96.6,0.0,0.5,0.0,0.0,325.51751265,0,0.392525,SYNTHETIC / SIMULATED — NOT REAL STUDENT DATA
S00011,2025-02-03T01:07:24.267235+00:00,37,Operating Systems,Synchronization,Easy,36.0,0.6944444444444444,0.36363636363636365,1.0,1.0,1.0,1.0,75.93,0.0,1.0,1.0,0.0,176.6250318213889,0,0.539405,SYNTHETIC / SIMULATED — NOT REAL STUDENT DATA
S00011,2025-02-04T11:55:07.199960+00:00,38,Operating Systems,File Systems,Easy,37.0,0.6756756756756757,0.3333333333333333,2.0,0.0,0.0,0.0,210.85999999999999,56.92000000000003,0.5,0.0,0.0,60.14073485833333,0,0.415451,SYNTHETIC / SIMULATED — NOT REAL STUDENT DATA
S00011,2025-02-05T05:51:27.032890+00:00,39,Operating Systems,Synchronization,Easy,38.0,0.6842105263157895,0.38461538461538464,2.0,0.5,0.5,0.5,63.910000000000004,12.020000000000016,0.5,0.0,0.0,52.73410157083333,0,0.541595,SYNTHETIC / SIMULATED — NOT REAL STUDENT DATA
S00011,2025-02-06T18:21:42.921015+00:00,40,Computer Networks,DNS,Medium,39.0,0.6666666666666666,0.7142857142857143,1.0,0.0,0.0,0.0,106.72,0.0,0.0,0.0,0.0,720.0,0,0.641603,SYNTHETIC / SIMULATED — NOT REAL STUDENT DATA
S00011,2025-02-07T04:58:25.105112+00:00,41,DSA,Dynamic Programming,Easy,40.0,0.675,0.8333333333333334,0.0,0.5,0.5,0.5,0.0,0.0,0.5,0.5,0.0,168.0,0,0.683231,SYNTHETIC / SIMULATED — NOT REAL STUDENT DATA
S00011,2025-02-08T03:54:18.844617+00:00,42,DBMS,SQL,Medium,41.0,0.6829268292682927,0.8333333333333334,3.0,0.6666666666666666,0.6666666666666666,0.6666666666666666,118.63,79.90795746774327,0.5,1.0,0.0,354.51716761694445,0,0.417272,SYNTHETIC / SIMULATED — NOT REAL STUDENT DATA
S00011,2025-02-08T21:34:06.175811+00:00,43,Computer Networks,Network Security,Easy,42.0,0.6904761904761905,0.75,1.0,1.0,1.0,1.0,78.23,0.0,0.5,1.0,0.0,720.0,0,0.618643,SYNTHETIC / SIMULATED — NOT REAL STUDENT DATA
S00011,2025-02-09T02:21:27.584341+00:00,44,Operating Systems,I/O Management,Hard,43.0,0.6976744186046512,0.35714285714285715,1.0,1.0,1.0,1.0,32.25,0.0,0.5,1.0,0.0,720.0,0,0.409439,SYNTHETIC / SIMULATED — NOT REAL STUDENT DATA
S00011,2025-02-10T03:36:35.722696+00:00,45,Operating Systems,Threads,Easy,44.0,0.6818181818181818,0.3333333333333333,0.0,0.5,0.5,0.5,0.0,0.0,0.5,0.5,0.0,168.0,0,0.623269,SYNTHETIC / SIMULATED — NOT REAL STUDENT DATA
S00011,2025-02-10T23:56:24.656885+00:00,46,Computer Networks,Routing,Medium,45.0,0.6888888888888889,0.7777777777777778,0.0,0.5,0.5,0.5,0.0,0.0,0.5,0.5,0.0,168.0,0,0.667431,SYNTHETIC / SIMULATED — NOT REAL STUDENT DATA
S00011,2025-02-12T11:28:56.710406+00:00,47,Computer Networks,DNS,Medium,46.0,0.6956521739130435,0.8,2.0,0.5,0.5,0.5,124.55499999999999,17.835000000000033,0.5,1.0,0.0,137.12049705305554,0,0.654201,SYNTHETIC / SIMULATED — NOT REAL STUDENT DATA
S00011,2025-02-13T04:54:49.481612+00:00,48,DBMS,Indexing,Hard,47.0,0.7021276595744681,0.8571428571428571,0.0,0.5,0.5,0.5,0.0,0.0,0.5,0.5,0.0,168.0,0,0.350899,SYNTHETIC / SIMULATED — NOT REAL STUDENT DATA
S00011,2025-02-14T03:25:27.589615+00:00,49,Operating Systems,File Systems,Easy,48.0,0.6875,0.375,3.0,0.3333333333333333,0.3333333333333333,0.3333333333333333,166.10333333333332,78.52542702137244,1.0,1.0,0.0,231.50566379305553,0,0.418381,SYNTHETIC / SIMULATED — NOT REAL STUDENT DATA
S00011,2025-02-15T05:58:57.289624+00:00,50,DBMS,Normalization,Hard,49.0,0.673469387755102,0.75,2.0,1.0,1.0,1.0,148.07999999999998,18.080000000000187,1.0,1.0,0.0,531.6438329722222,0,0.439086,SYNTHETIC / SIMULATED — NOT REAL STUDENT DATA
S00011,2025-02-15T20:17:24.152804+00:00,51,Computer Networks,DHCP,Medium,50.0,0.66,0.8181818181818182,1.0,1.0,1.0,1.0,36.15,0.0,0.5,1.0,0.0,421.61420450527777,0,0.603099,SYNTHETIC / SIMULATED — NOT REAL STUDENT DATA
S00011,2025-02-16T07:48:06.585307+00:00,52,Operating Systems,Synchronization,Easy,51.0,0.6666666666666666,0.35294117647058826,3.0,0.3333333333333333,0.3333333333333333,0.3333333333333333,67.11333333333333,10.809392006748382,0.3333333333333333,0.0,0.0,265.94432011583336,0,0.557334,SYNTHETIC / SIMULATED — NOT REAL STUDENT DATA
S00011,2025-02-17T03:07:58.155993+00:00,53,Operating Systems,Paging,Medium,52.0,0.6730769230769231,0.3888888888888889,0.0,0.5,0.5,0.5,0.0,0.0,0.5,0.5,0.0,168.0,0,0.253327,SYNTHETIC / SIMULATED — NOT REAL STUDENT DATA
S00011,2025-02-17T18:15:10.358984+00:00,54,Software Engineering,Git/Version Control,Hard,53.0,0.660377358490566,1.0,0.0,0.5,0.5,0.5,0.0,0.0,0.5,0.5,0.0,168.0,1,0.706875,SYNTHETIC / SIMULATED — NOT REAL STUDENT DATA
S00011,2025-02-19T05:00:24.763603+00:00,55,Software Engineering,Agile,Easy,54.0,0.6481481481481481,0.8571428571428571,0.0,0.5,0.5,0.5,0.0,0.0,0.5,0.5,0.0,168.0,1,0.712731,SYNTHETIC / SIMULATED — NOT REAL STUDENT DATA
S00011,2025-02-20T05:38:17.457166+00:00,56,Computer Networks,OSI,Hard,55.0,0.6545454545454545,0.8333333333333334,0.0,0.5,0.5,0.5,0.0,0.0,0.5,0.5,0.0,168.0,1,0.852545,SYNTHETIC / SIMULATED — NOT REAL STUDENT DATA
S00011,2025-02-20T09:02:51.185381+00:00,57,Software Engineering,SRS,Medium,56.0,0.6607142857142857,0.875,2.0,1.0,1.0,1.0,34.235,6.165000000000005,0.5,1.0,0.0,720.0,1,0.753407,SYNTHETIC / SIMULATED — NOT REAL STUDENT DATA
S00011,2025-02-21T00:49:36.913786+00:00,58,DSA,Linked Lists,Medium,57.0,0.6666666666666666,0.8571428571428571,1.0,1.0,1.0,1.0,42.1,0.0,0.5,1.0,0.0,720.0,0,0.561349,SYNTHETIC / SIMULATED — NOT REAL STUDENT DATA
S00011,2025-02-22T14:48:36.975657+00:00,59,Software Engineering,Project Management,Hard,58.0,0.6724137931034483,0.8888888888888888,0.0,0.5,0.5,0.5,0.0,0.0,0.5,0.5,0.0,168.0,1,0.719335,SYNTHETIC / SIMULATED — NOT REAL STUDENT DATA
S00011,2025-02-23T19:53:07.757203+00:00,60,Operating Systems,I/O Management,Easy,59.0,0.6610169491525424,0.3684210526315789,2.0,0.5,0.5,0.5,89.0,56.75,1.0,0.0,0.0,353.527825795,0,0.425685,SYNTHETIC / SIMULATED — NOT REAL STUDENT DATA
S00012,2025-01-02T15:26:06.739501+00:00,1,Computer Networks,HTTP,Hard,0.0,0.5,0.5,0.0,0.5,0.5,0.5,0.0,0.0,0.5,0.5,0.0,168.0,0,0.410308,SYNTHETIC / SIMULATED — NOT REAL STUDENT DATA
S00012,2025-01-04T03:06:01.008064+00:00,2,Operating Systems,Deadlocks,Medium,1.0,1.0,0.5,0.0,0.5,0.5,0.5,0.0,0.0,0.5,0.5,0.0,168.0,0,0.647437,SYNTHETIC / SIMULATED — NOT REAL STUDENT DATA
S00012,2025-01-04T15:01:36.318270+00:00,3,Computer Networks,HTTP,Easy,2.0,1.0,1.0,1.0,1.0,1.0,1.0,190.94,0.0,0.5,1.0,0.0,47.59154965805556,0,0.424863,SYNTHETIC / SIMULATED — NOT REAL STUDENT DATA
S00012,2025-01-05T23:41:00.956727+00:00,4,Computer Networks,Routing,Easy,3.0,1.0,1.0,0.0,0.5,0.5,0.5,0.0,0.0,0.5,0.5,0.0,168.0,0,0.484346,SYNTHETIC / SIMULATED — NOT REAL STUDENT DATA
S00012,2025-01-07T07:17:07.769764+00:00,5,Software Engineering,Testing,Easy,4.0,0.75,0.5,0.0,0.5,0.5,0.5,0.0,0.0,0.5,0.5,0.0,168.0,0,0.430028,SYNTHETIC / SIMULATED — NOT REAL STUDENT DATA
S00012,2025-01-08T19:54:59.401898+00:00,6,DSA,Graphs,Medium,5.0,0.6,0.5,0.0,0.5,0.5,0.5,0.0,0.0,0.5,0.5,0.0,168.0,0,0.189977,SYNTHETIC / SIMULATED — NOT REAL STUDENT DATA
S00012,2025-01-09T00:02:52.963749+00:00,7,DBMS,Joins,Easy,6.0,0.5,0.5,0.0,0.5,0.5,0.5,0.0,0.0,0.5,0.5,0.0,168.0,0,0.355124,SYNTHETIC / SIMULATED — NOT REAL STUDENT DATA
S00012,2025-01-09T05:12:32.892663+00:00,8,Operating Systems,Security,Hard,7.0,0.5714285714285714,1.0,0.0,0.5,0.5,0.5,0.0,0.0,0.5,0.5,0.0,168.0,0,0.564251,SYNTHETIC / SIMULATED — NOT REAL STUDENT DATA
S00012,2025-01-09T18:31:41.326074+00:00,9,Operating Systems,Paging,Medium,8.0,0.5,0.5,0.0,0.5,0.5,0.5,0.0,0.0,0.5,0.5,0.0,168.0,0,0.482678,SYNTHETIC / SIMULATED — NOT REAL STUDENT DATA
S00012,2025-01-10T14:10:50.026023+00:00,10,DBMS,SQL,Medium,9.0,0.5555555555555556,1.0,0.0,0.5,0.5,0.5,0.0,0.0,0.5,0.5,0.0,168.0,0,0.397546,SYNTHETIC / SIMULATED — NOT REAL STUDENT DATA
S00012,2025-01-10T21:09:30.238192+00:00,11,Software Engineering,Agile,Hard,10.0,0.6,0.0,0.0,0.5,0.5,0.5,0.0,0.0,0.5,0.5,0.0,168.0,0,0.427535,SYNTHETIC / SIMULATED — NOT REAL STUDENT DATA
S00012,2025-01-11T01:01:51.984077+00:00,12,Computer Networks,Network Security,Easy,11.0,0.5454545454545454,0.6666666666666666,0.0,0.5,0.5,0.5,0.0,0.0,0.5,0.5,0.0,168.0,0,0.3679,SYNTHETIC / SIMULATED — NOT REAL STUDENT DATA
S00012,2025-01-11T15:52:55.479484+00:00,13,DSA,Linked Lists,Medium,12.0,0.5,0.0,0.0,0.5,0.5,0.5,0.0,0.0,0.5,0.5,0.0,168.0,0,0.19043,SYNTHETIC / SIMULATED — NOT REAL STUDENT DATA
S00012,2025-01-12T10:15:10.582821+00:00,14,Software Engineering,SRS,Medium,13.0,0.5384615384615384,0.0,0.0,0.5,0.5,0.5,0.0,0.0,0.5,0.5,0.0,168.0,0,0.43531,SYNTHETIC / SIMULATED — NOT REAL STUDENT DATA
S00012,2025-01-13T16:25:38.676110+00:00,15,DBMS,Joins,Hard,14.0,0.5,1.0,1.0,1.0,1.0,1.0,36.64,0.0,0.5,1.0,0.0,112.37936454472222,0,0.361407,SYNTHETIC / SIMULATED — NOT REAL STUDENT DATA
S00012,2025-01-14T05:18:43.213974+00:00,16,Computer Networks,HTTP,Hard,15.0,0.4666666666666667,0.5,2.0,1.0,1.0,1.0,122.745,68.195,1.0,1.0,0.0,230.2852488066667,0,0.425861,SYNTHETIC / SIMULATED — NOT REAL STUDENT DATA
S00012,2025-01-15T07:27:30.246267+00:00,17,DBMS,Relational Algebra,Easy,16.0,0.4375,0.6666666666666666,0.0,0.5,0.5,0.5,0.0,0.0,0.5,0.5,0.0,168.0,0,0.326656,SYNTHETIC / SIMULATED — NOT REAL STUDENT DATA
S00012,2025-01-15T17:04:31.634644+00:00,18,DBMS,Relational Algebra,Easy,17.0,0.47058823529411764,0.75,1.0,1.0,1.0,1.0,47.32,0.0,1.0,1.0,0.0,9.617052326944446,0,0.34277,SYNTHETIC / SIMULATED — NOT REAL STUDENT DATA
S00012,2025-01-16T16:22:24.787861+00:00,19,DSA,Graphs,Easy,18.0,0.5,0.5,1.0,0.0,0.0,0.0,170.21,0.0,0.5,0.0,0.0,188.4570516563889,0,0.213294,SYNTHETIC / SIMULATED — NOT REAL STUDENT DATA
S00012,2025-01-17T00:22:39.688949+00:00,20,DSA,Linked Lists,Medium,19.0,0.5263157894736842,0.6666666666666666,1.0,1.0,1.0,1.0,134.49,0.0,1.0,1.0,0.0,128.49561374027778,0,0.197472,SYNTHETIC / SIMULATED — NOT REAL STUDENT DATA
S00012,2025-01-18T12:56:28.787081+00:00,21,DSA,Trees,Medium,20.0,0.5,0.5,0.0,0.5,0.5,0.5,0.0,0.0,0.5,0.5,0.0,168.0,0,0.177085,SYNTHETIC / SIMULATED — NOT REAL STUDENT DATA
S00012,2025-01-19T15:53:33.576157+00:00,22,DSA,Hashing,Medium,21.0,0.47619047619047616,0.4,0.0,0.5,0.5,0.5,0.0,0.0,0.5,0.5,0.0,168.0,0,0.077459,SYNTHETIC / SIMULATED — NOT REAL STUDENT DATA
S00012,2025-01-20T11:07:53.921664+00:00,23,Computer Networks,DHCP,Easy,22.0,0.45454545454545453,0.4,0.0,0.5,0.5,0.5,0.0,0.0,0.5,0.5,0.0,168.0,0,0.168491,SYNTHETIC / SIMULATED — NOT REAL STUDENT DATA
S00012,2025-01-20T19:32:11.236016+00:00,24,Computer Networks,TCP/IP,Easy,23.0,0.4782608695652174,0.5,0.0,0.5,0.5,0.5,0.0,0.0,0.5,0.5,0.0,168.0,0,0.455616,SYNTHETIC / SIMULATED — NOT REAL STUDENT DATA
S00012,2025-01-21T04:19:11.842620+00:00,25,DSA,Strings,Easy,24.0,0.5,0.3333333333333333,0.0,0.5,0.5,0.5,0.0,0.0,0.5,0.5,0.0,168.0,0,0.524433,SYNTHETIC / SIMULATED — NOT REAL STUDENT DATA
S00012,2025-01-22T12:11:40.600383+00:00,26,DSA,Hashing,Medium,25.0,0.52,0.42857142857142855,1.0,0.0,0.0,0.0,151.2,0.0,0.0,0.0,0.0,68.3019511738889,0,0.084679,SYNTHETIC / SIMULATED — NOT REAL STUDENT DATA
S00012,2025-01-22T20:39:57.719408+00:00,27,DSA,Trees,Medium,26.0,0.5,0.375,1.0,0.0,0.0,0.0,140.57,0.0,0.0,0.0,0.0,103.72470342416668,0,0.207117,SYNTHETIC / SIMULATED — NOT REAL STUDENT DATA
S00012,2025-01-23T06:12:49.467987+00:00,28,Computer Networks,TCP,Medium,27.0,0.5185185185185185,0.5714285714285714,0.0,0.5,0.5,0.5,0.0,0.0,0.5,0.5,0.0,168.0,0,0.250952,SYNTHETIC / SIMULATED — NOT REAL STUDENT DATA
S00012,2025-01-23T18:34:54.541756+00:00,29,DBMS,Normalization,Medium,28.0,0.5,0.8,0.0,0.5,0.5,0.5,0.0,0.0,0.5,0.5,0.0,168.0,0,0.320189,SYNTHETIC / SIMULATED — NOT REAL STUDENT DATA
S00012,2025-01-24T06:51:06.286055+00:00,30,DSA,Dynamic Programming,Easy,29.0,0.4827586206896552,0.4444444444444444,0.0,0.5,0.5,0.5,0.0,0.0,0.5,0.5,0.0,168.0,0,0.27281,SYNTHETIC / SIMULATED — NOT REAL STUDENT DATA
S00012,2025-01-25T15:39:58.095779+00:00,31,Computer Networks,DNS,Hard,30.0,0.4666666666666667,0.5,0.0,0.5,0.5,0.5,0.0,0.0,0.5,0.5,0.0,168.0,0,0.507324,SYNTHETIC / SIMULATED — NOT REAL STUDENT DATA
S00012,2025-01-25T19:57:38.373670+00:00,32,Software Engineering,SRS,Medium,31.0,0.45161290322580644,0.0,1.0,0.0,0.0,0.0,103.67,0.0,0.0,0.0,0.0,321.70771968027776,0,0.455743,SYNTHETIC / SIMULATED — NOT REAL STUDENT DATA
S00012,2025-01-27T04:03:24.634768+00:00,33,Computer Networks,HTTP,Hard,32.0,0.46875,0.4444444444444444,3.0,0.6666666666666666,0.6666666666666666,0.6666666666666666,133.07666666666668,57.56612449078786,0.5,0.0,0.0,310.7448391094444,0,0.429872,SYNTHETIC / SIMULATED — NOT REAL STUDENT DATA
S00012,2025-01-28T15:08:09.147237+00:00,34,Software Engineering,Agile,Easy,33.0,0.45454545454545453,0.25,1.0,0.0,0.0,0.0,228.24,0.0,0.5,0.0,0.0,425.97747473472225,0,0.442203,SYNTHETIC / SIMULATED — NOT REAL STUDENT DATA
S00012,2025-01-29T12:54:35.144558+00:00,35,Software Engineering,Design Patterns,Easy,34.0,0.47058823529411764,0.4,0.0,0.5,0.5,0.5,0.0,0.0,0.5,0.5,0.0,168.0,0,0.326972,SYNTHETIC / SIMULATED — NOT REAL STUDENT DATA
S00012,2025-01-30T16:29:51.411567+00:00,36,DSA,Dynamic Programming,Medium,35.0,0.45714285714285713,0.4,1.0,0.0,0.0,0.0,69.91,0.0,0.5,0.0,0.0,153.6458681977778,0,0.275329,SYNTHETIC / SIMULATED — NOT REAL STUDENT DATA
S00012,2025-01-31T05:37:18.637245+00:00,37,DSA,Stack & Queue,Hard,36.0,0.4444444444444444,0.36363636363636365,0.0,0.5,0.5,0.5,0.0,0.0,0.5,0.5,0.0,168.0,0,0.055654,SYNTHETIC / SIMULATED — NOT REAL STUDENT DATA
S00012,2025-01-31T13:06:16.906859+00:00,38,DSA,Linked Lists,Hard,37.0,0.43243243243243246,0.3333333333333333,2.0,0.5,0.5,0.5,149.02,14.53000000000006,0.5,0.0,0.0,348.72700497499994,0,0.20628,SYNTHETIC / SIMULATED — NOT REAL STUDENT DATA
S00012,2025-01-31T20:20:42.794631+00:00,39,Computer Networks,DNS,Easy,38.0,0.42105263157894735,0.4,1.0,0.0,0.0,0.0,145.49,0.0,0.5,0.0,0.0,148.67908301444442,0,0.520243,SYNTHETIC / SIMULATED — NOT REAL STUDENT DATA
S00012,2025-01-31T23:39:35.826322+00:00,40,DSA,Trees,Hard,39.0,0.4358974358974359,0.3076923076923077,2.0,0.5,0.5,0.5,115.52,25.049999999999972,0.5,1.0,0.0,218.99391858722223,0,0.21576,SYNTHETIC / SIMULATED — NOT REAL STUDENT DATA
S00012,2025-02-02T09:31:04.447939+00:00,41,Computer Networks,HTTP,Hard,40.0,0.425,0.45454545454545453,4.0,0.5,0.5,0.5,150.9,58.637936952113186,0.3333333333333333,0.0,0.0,149.46105921416665,0,0.432695,SYNTHETIC / SIMULATED — NOT REAL STUDENT DATA
S00012,2025-02-03T11:49:14.818025+00:00,42,DSA,Strings,Easy,41.0,0.4146341463414634,0.2857142857142857,1.0,1.0,1.0,1.0,36.45,0.0,1.0,1.0,0.0,319.5008265013889,0,0.525097,SYNTHETIC / SIMULATED — NOT REAL STUDENT DATA
S00012,2025-02-03T23:51:15.196903+00:00,43,Software Engineering,Testing,Easy,42.0,0.40476190476190477,0.3333333333333333,1.0,0.0,0.0,0.0,60.91,0.0,0.0,0.0,0.0,664.5687297608333,0,0.447121,SYNTHETIC / SIMULATED — NOT REAL STUDENT DATA
S00012,2025-02-04T15:56:52.088602+00:00,44,DBMS,ER Model,Hard,43.0,0.4186046511627907,0.6666666666666666,0.0,0.5,0.5,0.5,0.0,0.0,0.5,0.5,0.0,168.0,0,0.375815,SYNTHETIC / SIMULATED — NOT REAL STUDENT DATA
S00012,2025-02-05T03:48:52.937254+00:00,45,DSA,Trees,Medium,44.0,0.4090909090909091,0.26666666666666666,3.0,0.3333333333333333,0.3333333333333333,0.3333333333333333,157.51,62.806490110497315,0.5,0.0,0.0,100.15475303666666,0,0.218507,SYNTHETIC / SIMULATED — NOT REAL STUDENT DATA
S00012,2025-02-06T10:37:00.275739+00:00,46,Software Engineering,Project Management,Medium,45.0,0.4,0.42857142857142855,0.0,0.5,0.5,0.5,0.0,0.0,0.5,0.5,0.0,168.0,0,0.551889,SYNTHETIC / SIMULATED — NOT REAL STUDENT DATA
S00012,2025-02-07T20:04:01.745892+00:00,47,Computer Networks,UDP,Hard,46.0,0.41304347826086957,0.4166666666666667,0.0,0.5,0.5,0.5,0.0,0.0,0.5,0.5,0.0,168.0,0,0.25838,SYNTHETIC / SIMULATED — NOT REAL STUDENT DATA
S00012,2025-02-07T23:21:01.243635+00:00,48,DBMS,DBMS Basics,Medium,47.0,0.40425531914893614,0.5714285714285714,0.0,0.5,0.5,0.5,0.0,0.0,0.5,0.5,0.0,168.0,0,0.444981,SYNTHETIC / SIMULATED — NOT REAL STUDENT DATA
S00012,2025-02-08T15:57:58.023027+00:00,49,Computer Networks,TCP,Easy,48.0,0.3958333333333333,0.38461538461538464,1.0,0.0,0.0,0.0,146.46,0.0,0.5,0.0,0.0,393.7523764,0,0.255739,SYNTHETIC / SIMULATED — NOT REAL STUDENT DATA
S00012,2025-02-09T11:01:03.202319+00:00,50,Computer Networks,Routing,Medium,49.0,0.3877551020408163,0.35714285714285715,1.0,0.0,0.0,0.0,85.21,0.0,0.5,0.0,0.0,720.0,0,0.504259,SYNTHETIC / SIMULATED — NOT REAL STUDENT DATA
S00012,2025-02-10T12:02:41.356115+00:00,51,Computer Networks,OSI,Medium,50.0,0.4,0.4,0.0,0.5,0.5,0.5,0.0,0.0,0.5,0.5,0.0,168.0,0,0.412701,SYNTHETIC / SIMULATED — NOT REAL STUDENT DATA
S00012,2025-02-11T13:56:06.209643+00:00,52,Operating Systems,Paging,Medium,51.0,0.39215686274509803,0.6666666666666666,1.0,1.0,1.0,1.0,117.84,0.0,1.0,1.0,0.0,720.0,0,0.485639,SYNTHETIC / SIMULATED — NOT REAL STUDENT DATA
S00012,2025-02-12T00:44:19.481869+00:00,53,DSA,Heap,Easy,52.0,0.38461538461538464,0.25,0.0,0.5,0.5,0.5,0.0,0.0,0.5,0.5,0.0,168.0,0,0.279504,SYNTHETIC / SIMULATED — NOT REAL STUDENT DATA
S00012,2025-02-12T06:57:38.069470+00:00,54,DSA,Trees,Medium,53.0,0.37735849056603776,0.23529411764705882,4.0,0.25,0.25,0.25,166.0425,56.36401395172279,0.3333333333333333,0.0,0.0,171.14587006,0,0.226283,SYNTHETIC / SIMULATED — NOT REAL STUDENT DATA
S00012,2025-02-13T14:54:53.483970+00:00,55,Operating Systems,Memory Management,Easy,54.0,0.37037037037037035,0.5,0.0,0.5,0.5,0.5,0.0,0.0,0.5,0.5,0.0,168.0,0,0.615239,SYNTHETIC / SIMULATED — NOT REAL STUDENT DATA
S00012,2025-02-14T16:37:43.191203+00:00,56,DSA,Recursion,Hard,55.0,0.38181818181818183,0.2222222222222222,0.0,0.5,0.5,0.5,0.0,0.0,0.5,0.5,0.0,168.0,0,0.200387,SYNTHETIC / SIMULATED — NOT REAL STUDENT DATA
S00012,2025-02-15T04:37:06.992926+00:00,57,Operating Systems,Threads,Medium,56.0,0.39285714285714285,0.6,0.0,0.5,0.5,0.5,0.0,0.0,0.5,0.5,0.0,168.0,0,0.526292,SYNTHETIC / SIMULATED — NOT REAL STUDENT DATA
S00012,2025-02-15T21:45:07.843620+00:00,58,DSA,Graphs,Hard,57.0,0.38596491228070173,0.2631578947368421,2.0,0.5,0.5,0.5,130.66500000000002,39.54499999999998,0.5,1.0,0.0,720.0,0,0.219889,SYNTHETIC / SIMULATED — NOT REAL STUDENT DATA
S00012,2025-02-16T17:20:43.421488+00:00,59,Operating Systems,CPU Scheduling,Hard,58.0,0.3793103448275862,0.5,0.0,0.5,0.5,0.5,0.0,0.0,0.5,0.5,0.0,168.0,0,0.437402,SYNTHETIC / SIMULATED — NOT REAL STUDENT DATA
S00012,2025-02-17T00:31:04.509877+00:00,60,DSA,Dynamic Programming,Easy,59.0,0.3728813559322034,0.25,2.0,0.0,0.0,0.0,88.68,18.76999999999995,0.0,0.0,0.0,416.02030508611114,0,0.276983,SYNTHETIC / SIMULATED — NOT REAL STUDENT DATA
S00013,2025-01-03T12:07:48.413249+00:00,1,Computer Networks,TCP,Easy,0.0,0.5,0.5,0.0,0.5,0.5,0.5,0.0,0.0,0.5,0.5,0.0,168.0,1,0.732388,SYNTHETIC / SIMULATED — NOT REAL STUDENT DATA
S00013,2025-01-04T17:01:55.775370+00:00,2,DBMS,SQL,Medium,1.0,0.0,0.5,0.0,0.5,0.5,0.5,0.0,0.0,0.5,0.5,0.0,168.0,0,0.40489,SYNTHETIC / SIMULATED — NOT REAL STUDENT DATA
S00013,2025-01-05T13:20:55.853626+00:00,3,DSA,Heap,Medium,2.0,0.0,0.5,0.0,0.5,0.5,0.5,0.0,0.0,0.5,0.5,0.0,168.0,0,0.298661,SYNTHETIC / SIMULATED — NOT REAL STUDENT DATA
S00013,2025-01-06T17:02:30.174611+00:00,4,Computer Networks,DNS,Medium,3.0,0.0,0.0,0.0,0.5,0.5,0.5,0.0,0.0,0.5,0.5,0.0,168.0,0,0.472963,SYNTHETIC / SIMULATED — NOT REAL STUDENT DATA
S00013,2025-01-07T12:05:42.872676+00:00,5,Computer Networks,DNS,Easy,4.0,0.0,0.0,1.0,0.0,0.0,0.0,97.64,0.0,0.5,0.0,0.0,19.05352724027778,0,0.483683,SYNTHETIC / SIMULATED — NOT REAL STUDENT DATA
S00013,2025-01-08T18:12:22.628827+00:00,6,Operating Systems,Security,Easy,5.0,0.2,0.5,0.0,0.5,0.5,0.5,0.0,0.0,0.5,0.5,0.0,168.0,0,0.303062,SYNTHETIC / SIMULATED — NOT REAL STUDENT DATA
S00013,2025-01-10T07:16:01.210521+00:00,7,Computer Networks,DNS,Easy,6.0,0.16666666666666666,0.3333333333333333,2.0,0.5,0.5,0.5,70.05,27.590000000000014,1.0,1.0,0.0,67.1717605125,0,0.488454,SYNTHETIC / SIMULATED — NOT REAL STUDENT DATA
S00013,2025-01-11T08:07:41.603899+00:00,8,DBMS,Normalization,Medium,7.0,0.14285714285714285,0.0,0.0,0.5,0.5,0.5,0.0,0.0,0.5,0.5,0.0,168.0,0,0.490405,SYNTHETIC / SIMULATED — NOT REAL STUDENT DATA
S00013,2025-01-12T09:07:11.943768+00:00,9,DBMS,SQL,Hard,8.0,0.125,0.0,1.0,0.0,0.0,0.0,124.32,0.0,0.5,0.0,0.0,184.087824555,0,0.409264,SYNTHETIC / SIMULATED — NOT REAL STUDENT DATA
S00013,2025-01-13T12:02:57.017225+00:00,10,Operating Systems,I/O Management,Medium,9.0,0.1111111111111111,0.0,0.0,0.5,0.5,0.5,0.0,0.0,0.5,0.5,0.0,168.0,0,0.343445,SYNTHETIC / SIMULATED — NOT REAL STUDENT DATA
S00013,2025-01-13T21:59:17.672160+00:00,11,Operating Systems,Deadlocks,Easy,10.0,0.1,0.0,0.0,0.5,0.5,0.5,0.0,0.0,0.5,0.5,0.0,168.0,0,0.577441,SYNTHETIC / SIMULATED — NOT REAL STUDENT DATA
S00013,2025-01-15T11:54:18.853889+00:00,12,Computer Networks,TCP/IP,Medium,11.0,0.18181818181818182,0.25,0.0,0.5,0.5,0.5,0.0,0.0,0.5,0.5,0.0,168.0,0,0.619592,SYNTHETIC / SIMULATED — NOT REAL STUDENT DATA
S00013,2025-01-16T12:10:03.271636+00:00,13,DSA,Arrays,Medium,12.0,0.16666666666666666,0.0,0.0,0.5,0.5,0.5,0.0,0.0,0.5,0.5,0.0,168.0,0,0.521632,SYNTHETIC / SIMULATED — NOT REAL STUDENT DATA
S00013,2025-01-16T17:00:18.353733+00:00,14,Computer Networks,TCP/IP,Medium,13.0,0.23076923076923078,0.2,1.0,0.0,0.0,0.0,83.56,0.0,0.0,0.0,0.0,29.09986106777778,0,0.636399,SYNTHETIC / SIMULATED — NOT REAL STUDENT DATA
S00013,2025-01-17T07:47:35.261592+00:00,15,Software Engineering,UML,Easy,14.0,0.2857142857142857,0.5,0.0,0.5,0.5,0.5,0.0,0.0,0.5,0.5,0.0,168.0,0,0.485864,SYNTHETIC / SIMULATED — NOT REAL STUDENT DATA
S00013,2025-01-18T17:33:48.943024+00:00,16,DSA,Arrays,Medium,15.0,0.26666666666666666,0.5,1.0,1.0,1.0,1.0,86.18,0.0,1.0,1.0,0.0,53.39601983,0,0.538265,SYNTHETIC / SIMULATED — NOT REAL STUDENT DATA
S00013,2025-01-19T19:57:27.139607+00:00,17,Software Engineering,Agile,Easy,16.0,0.3125,0.0,0.0,0.5,0.5,0.5,0.0,0.0,0.5,0.5,0.0,168.0,0,0.519614,SYNTHETIC / SIMULATED — NOT REAL STUDENT DATA
S00013,2025-01-21T08:35:35.044671+00:00,18,Operating Systems,Security,Hard,17.0,0.35294117647058826,0.3333333333333333,1.0,0.0,0.0,0.0,38.55,0.0,0.5,0.0,0.0,302.3867821788889,0,0.309293,SYNTHETIC / SIMULATED — NOT REAL STUDENT DATA
S00013,2025-01-22T22:31:14.816249+00:00,19,DSA,Recursion,Medium,18.0,0.3333333333333333,0.6666666666666666,0.0,0.5,0.5,0.5,0.0,0.0,0.5,0.5,0.0,168.0,0,0.516265,SYNTHETIC / SIMULATED — NOT REAL STUDENT DATA
S00013,2025-01-23T23:16:48.767196+00:00,20,Software Engineering,UML,Easy,19.0,0.3157894736842105,0.5,1.0,0.0,0.0,0.0,65.47,0.0,0.0,0.0,0.0,159.48708488999998,0,0.490981,SYNTHETIC / SIMULATED — NOT REAL STUDENT DATA
S00013,2025-01-24T21:47:05.524141+00:00,21,DBMS,Relational Algebra,Medium,20.0,0.3,0.0,0.0,0.5,0.5,0.5,0.0,0.0,0.5,0.5,0.0,168.0,0,0.637516,SYNTHETIC / SIMULATED — NOT REAL STUDENT DATA
S00013,2025-01-25T04:13:39.163417+00:00,22,Software Engineering,Design Patterns,Easy,21.0,0.2857142857142857,0.3333333333333333,0.0,0.5,0.5,0.5,0.0,0.0,0.5,0.5,0.0,168.0,0,0.260348,SYNTHETIC / SIMULATED — NOT REAL STUDENT DATA
S00013,2025-01-26T14:01:55.961610+00:00,23,DBMS,Concurrency Control,Easy,22.0,0.2727272727272727,0.0,0.0,0.5,0.5,0.5,0.0,0.0,0.5,0.5,0.0,168.0,0,0.405595,SYNTHETIC / SIMULATED — NOT REAL STUDENT DATA
S00013,2025-01-27T08:02:35.749915+00:00,24,Operating Systems,Processes,Medium,23.0,0.30434782608695654,0.25,0.0,0.5,0.5,0.5,0.0,0.0,0.5,0.5,0.0,168.0,0,0.558212,SYNTHETIC / SIMULATED — NOT REAL STUDENT DATA
S00013,2025-01-28T12:59:48.015668+00:00,25,Operating Systems,Synchronization,Medium,24.0,0.2916666666666667,0.2,0.0,0.5,0.5,0.5,0.0,0.0,0.5,0.5,0.0,168.0,0,0.368988,SYNTHETIC / SIMULATED — NOT REAL STUDENT DATA
S00013,2025-01-29T13:04:02.113731+00:00,26,Software Engineering,UML,Easy,25.0,0.28,0.25,2.0,0.0,0.0,0.0,58.015,7.455000000000004,0.0,0.0,0.0,133.78704070416669,0,0.507924,SYNTHETIC / SIMULATED — NOT REAL STUDENT DATA
S00013,2025-01-29T23:04:01.888755+00:00,27,DBMS,DBMS Basics,Easy,26.0,0.3076923076923077,0.2,0.0,0.5,0.5,0.5,0.0,0.0,0.5,0.5,0.0,168.0,0,0.251715,SYNTHETIC / SIMULATED — NOT REAL STUDENT DATA
S00013,2025-01-31T03:35:19.953333+00:00,28,DSA,Arrays,Hard,27.0,0.3333333333333333,0.5,2.0,1.0,1.0,1.0,89.495,3.3150000000000395,0.5,1.0,0.0,298.0252806413889,0,0.542939,SYNTHETIC / SIMULATED — NOT REAL STUDENT DATA
S00013,2025-02-01T04:33:18.312063+00:00,29,Operating Systems,Threads,Medium,28.0,0.32142857142857145,0.16666666666666666,0.0,0.5,0.5,0.5,0.0,0.0,0.5,0.5,0.0,168.0,0,0.482804,SYNTHETIC / SIMULATED — NOT REAL STUDENT DATA
S00013,2025-02-02T13:06:35.424969+00:00,30,DSA,Stack & Queue,Medium,29.0,0.3448275862068966,0.4,0.0,0.5,0.5,0.5,0.0,0.0,0.5,0.5,0.0,168.0,0,0.511249,SYNTHETIC / SIMULATED — NOT REAL STUDENT DATA
S00013,2025-02-03T00:37:11.723023+00:00,31,Software Engineering,Waterfall,Easy,30.0,0.3333333333333333,0.4,0.0,0.5,0.5,0.5,0.0,0.0,0.5,0.5,0.0,168.0,0,0.473393,SYNTHETIC / SIMULATED — NOT REAL STUDENT DATA
S00013,2025-02-03T10:51:33.734674+00:00,32,Computer Networks,HTTP,Easy,31.0,0.3548387096774194,0.3333333333333333,0.0,0.5,0.5,0.5,0.0,0.0,0.5,0.5,0.0,168.0,0,0.570249,SYNTHETIC / SIMULATED — NOT REAL STUDENT DATA
S00013,2025-02-04T13:57:58.785401+00:00,33,DSA,Arrays,Hard,32.0,0.34375,0.3333333333333333,3.0,0.6666666666666666,0.6666666666666666,0.6666666666666666,101.10333333333334,16.63829785631793,0.0,0.0,0.0,106.37745335222222,0,0.549605,SYNTHETIC / SIMULATED — NOT REAL STUDENT DATA
S00013,2025-02-05T08:24:16.329822+00:00,34,Computer Networks,TCP/IP,Easy,33.0,0.3333333333333333,0.2857142857142857,2.0,0.5,0.5,0.5,82.685,0.8750000000005197,0.5,1.0,0.0,471.3994378025,0,0.637666,SYNTHETIC / SIMULATED — NOT REAL STUDENT DATA
S00013,2025-02-06T04:39:46.528102+00:00,35,DBMS,Keys,Hard,34.0,0.3235294117647059,0.3333333333333333,0.0,0.5,0.5,0.5,0.0,0.0,0.5,0.5,0.0,168.0,0,0.395976,SYNTHETIC / SIMULATED — NOT REAL STUDENT DATA
S00013,2025-02-06T20:11:05.252608+00:00,36,Computer Networks,Network Security,Hard,35.0,0.3142857142857143,0.25,0.0,0.5,0.5,0.5,0.0,0.0,0.5,0.5,0.0,168.0,1,0.83832,SYNTHETIC / SIMULATED — NOT REAL STUDENT DATA
S00013,2025-02-07T00:54:29.710729+00:00,37,DBMS,Relational Algebra,Hard,36.0,0.3333333333333333,0.2857142857142857,1.0,0.0,0.0,0.0,106.95,0.0,0.5,0.0,0.0,315.12338516333335,0,0.652004,SYNTHETIC / SIMULATED — NOT REAL STUDENT DATA
S00013,2025-02-08T14:15:21.302808+00:00,38,DBMS,Relational Algebra,Easy,37.0,0.35135135135135137,0.375,2.0,0.5,0.5,0.5,117.45,10.5,0.5,1.0,0.0,37.347664466388885,0,0.661744,SYNTHETIC / SIMULATED — NOT REAL STUDENT DATA
S00013,2025-02-09T05:15:22.344771+00:00,39,Computer Networks,IP Addressing,Easy,38.0,0.3684210526315789,0.3333333333333333,0.0,0.5,0.5,0.5,0.0,0.0,0.5,0.5,0.0,168.0,1,0.921449,SYNTHETIC / SIMULATED — NOT REAL STUDENT DATA
S00013,2025-02-10T18:40:43.544395+00:00,40,DSA,Stack & Queue,Hard,39.0,0.38461538461538464,0.2857142857142857,1.0,0.0,0.0,0.0,95.04,0.0,0.5,0.0,0.0,197.5689220627778,0,0.515144,SYNTHETIC / SIMULATED — NOT REAL STUDENT DATA
S00013,2025-02-11T23:25:03.981110+00:00,41,DBMS,ER Model,Easy,40.0,0.375,0.4444444444444444,0.0,0.5,0.5,0.5,0.0,0.0,0.5,0.5,0.0,168.0,0,0.51332,SYNTHETIC / SIMULATED — NOT REAL STUDENT DATA
S00013,2025-02-13T01:22:38.913964+00:00,42,Computer Networks,Network Security,Medium,41.0,0.3902439024390244,0.4,1.0,1.0,1.0,1.0,85.05,0.0,0.5,1.0,0.0,149.19268371,1,0.844495,SYNTHETIC / SIMULATED — NOT REAL STUDENT DATA
S00013,2025-02-14T09:50:43.605376+00:00,43,DSA,Dynamic Programming,Easy,42.0,0.40476190476190477,0.25,0.0,0.5,0.5,0.5,0.0,0.0,0.5,0.5,0.0,168.0,0,0.482143,SYNTHETIC / SIMULATED — NOT REAL STUDENT DATA
S00013,2025-02-15T09:04:44.925101+00:00,44,DBMS,DBMS Basics,Easy,43.0,0.4186046511627907,0.5,1.0,1.0,1.0,1.0,78.72,0.0,1.0,1.0,0.0,394.0119545405555,0,0.271684,SYNTHETIC / SIMULATED — NOT REAL STUDENT DATA
S00013,2025-02-16T21:54:14.415664+00:00,45,DSA,Arrays,Easy,44.0,0.4318181818181818,0.3333333333333333,4.0,0.5,0.5,0.5,114.16499999999999,26.82249289309255,0.5,0.0,0.0,295.9376750730556,0,0.563005,SYNTHETIC / SIMULATED — NOT REAL STUDENT DATA
S00013,2025-02-17T13:15:55.033077+00:00,46,DBMS,Concurrency Control,Medium,45.0,0.4444444444444444,0.5454545454545454,1.0,1.0,1.0,1.0,63.27,0.0,0.5,1.0,0.0,527.2330754075,0,0.426744,SYNTHETIC / SIMULATED — NOT REAL STUDENT DATA
S00013,2025-02-18T13:47:25.969600+00:00,47,DSA,Recursion,Easy,46.0,0.45652173913043476,0.4,1.0,0.0,0.0,0.0,116.79,0.0,0.5,0.0,0.0,639.2697648197222,0,0.521855,SYNTHETIC / SIMULATED — NOT REAL STUDENT DATA
S00013,2025-02-18T21:13:08.742357+00:00,48,DBMS,Joins,Hard,47.0,0.44680851063829785,0.5833333333333334,0.0,0.5,0.5,0.5,0.0,0.0,0.5,0.5,0.0,168.0,0,0.654984,SYNTHETIC / SIMULATED — NOT REAL STUDENT DATA
S00013,2025-02-19T02:24:55.180904+00:00,49,Computer Networks,UDP,Hard,48.0,0.4583333333333333,0.45454545454545453,0.0,0.5,0.5,0.5,0.0,0.0,0.5,0.5,0.0,168.0,1,0.878151,SYNTHETIC / SIMULATED — NOT REAL STUDENT DATA
S00013,2025-02-19T07:57:02.563664+00:00,50,Operating Systems,CPU Scheduling,Easy,49.0,0.46938775510204084,0.2857142857142857,0.0,0.5,0.5,0.5,0.0,0.0,0.5,0.5,0.0,168.0,0,0.477483,SYNTHETIC / SIMULATED — NOT REAL STUDENT DATA
S00013,2025-02-20T20:58:36.754561+00:00,51,Software Engineering,Agile,Easy,50.0,0.48,0.5,1.0,1.0,1.0,1.0,49.14,0.0,1.0,1.0,0.0,720.0,0,0.533907,SYNTHETIC / SIMULATED — NOT REAL STUDENT DATA
S00013,2025-02-21T04:05:31.229578+00:00,52,Computer Networks,UDP,Medium,51.0,0.49019607843137253,0.5,1.0,1.0,1.0,1.0,132.67,0.0,0.5,1.0,0.0,49.67668018722222,1,0.882616,SYNTHETIC / SIMULATED — NOT REAL STUDENT DATA
S00013,2025-02-21T15:41:34.102239+00:00,53,Operating Systems,Threads,Hard,52.0,0.5,0.375,1.0,1.0,1.0,1.0,63.35,0.0,0.5,1.0,0.0,491.13771949333335,0,0.507175,SYNTHETIC / SIMULATED — NOT REAL STUDENT DATA
S00013,2025-02-22T03:38:33.424326+00:00,54,Operating Systems,I/O Management,Hard,53.0,0.5094339622641509,0.4444444444444444,1.0,0.0,0.0,0.0,94.15,0.0,0.5,0.0,0.0,720.0,0,0.366005,SYNTHETIC / SIMULATED — NOT REAL STUDENT DATA
S00013,2025-02-22T16:59:16.464885+00:00,55,Computer Networks,DHCP,Hard,54.0,0.5185185185185185,0.5384615384615384,0.0,0.5,0.5,0.5,0.0,0.0,0.5,0.5,0.0,168.0,0,0.644354,SYNTHETIC / SIMULATED — NOT REAL STUDENT DATA
S00013,2025-02-22T20:53:27.249639+00:00,56,DBMS,Transactions,Easy,55.0,0.5272727272727272,0.6153846153846154,0.0,0.5,0.5,0.5,0.0,0.0,0.5,0.5,0.0,168.0,0,0.491725,SYNTHETIC / SIMULATED — NOT REAL STUDENT DATA
S00013,2025-02-23T08:40:48.735288+00:00,57,DBMS,ER Model,Medium,56.0,0.5357142857142857,0.6428571428571429,1.0,1.0,1.0,1.0,36.89,0.0,0.5,1.0,0.0,273.2624317161111,0,0.517316,SYNTHETIC / SIMULATED — NOT REAL STUDENT DATA
S00013,2025-02-23T17:04:09.757303+00:00,58,DSA,Stack & Queue,Easy,57.0,0.5263157894736842,0.36363636363636365,2.0,0.0,0.0,0.0,176.875,81.83500000000001,0.5,0.0,0.0,310.39061469666666,0,0.520315,SYNTHETIC / SIMULATED — NOT REAL STUDENT DATA
S00013,2025-02-25T00:02:30.723550+00:00,59,Operating Systems,Synchronization,Medium,58.0,0.5172413793103449,0.5,1.0,0.0,0.0,0.0,126.31,0.0,0.0,0.0,0.0,659.045196633889,0,0.394285,SYNTHETIC / SIMULATED — NOT REAL STUDENT DATA
S00013,2025-02-26T09:27:49.809589+00:00,60,Software Engineering,Testing,Medium,59.0,0.5254237288135594,0.5714285714285714,0.0,0.5,0.5,0.5,0.0,0.0,0.5,0.5,0.0,168.0,0,0.429458,SYNTHETIC / SIMULATED — NOT REAL STUDENT DATA
S00014,2025-01-03T01:37:00.677620+00:00,1,DBMS,Normalization,Medium,0.0,0.5,0.5,0.0,0.5,0.5,0.5,0.0,0.0,0.5,0.5,0.0,168.0,0,0.475482,SYNTHETIC / SIMULATED — NOT REAL STUDENT DATA
S00014,2025-01-03T16:55:28.228910+00:00,2,DSA,Dynamic Programming,Medium,1.0,0.0,0.5,0.0,0.5,0.5,0.5,0.0,0.0,0.5,0.5,0.0,168.0,1,0.901682,SYNTHETIC / SIMULATED — NOT REAL STUDENT DATA
S00014,2025-01-03T21:57:26.411592+00:00,3,Computer Networks,DHCP,Easy,2.0,0.5,0.5,0.0,0.5,0.5,0.5,0.0,0.0,0.5,0.5,0.0,168.0,1,0.742859,SYNTHETIC / SIMULATED — NOT REAL STUDENT DATA
S00014,2025-01-04T13:41:03.193507+00:00,4,Computer Networks,OSI,Medium,3.0,0.6666666666666666,1.0,0.0,0.5,0.5,0.5,0.0,0.0,0.5,0.5,0.0,168.0,1,0.77508,SYNTHETIC / SIMULATED — NOT REAL STUDENT DATA
S00014,2025-01-05T14:57:57.476109+00:00,5,DBMS,Normalization,Hard,4.0,0.5,0.0,1.0,0.0,0.0,0.0,114.48,0.0,0.5,0.0,0.0,61.349110691388894,0,0.47559,SYNTHETIC / SIMULATED — NOT REAL STUDENT DATA
S00014,2025-01-06T20:57:59.143225+00:00,6,DBMS,SQL,Easy,5.0,0.4,0.0,0.0,0.5,0.5,0.5,0.0,0.0,0.5,0.5,0.0,168.0,1,0.722184,SYNTHETIC / SIMULATED — NOT REAL STUDENT DATA
S00014,2025-01-08T05:38:23.120316+00:00,7,Operating Systems,File Systems,Hard,6.0,0.3333333333333333,0.5,0.0,0.5,0.5,0.5,0.0,0.0,0.5,0.5,0.0,168.0,1,0.981418,SYNTHETIC / SIMULATED — NOT REAL STUDENT DATA
S00014,2025-01-09T01:53:07.745939+00:00,8,Operating Systems,File Systems,Medium,7.0,0.2857142857142857,0.0,1.0,0.0,0.0,0.0,105.18,0.0,0.5,0.0,0.0,20.24572933972222,1,0.981477,SYNTHETIC / SIMULATED — NOT REAL STUDENT DATA
S00014,2025-01-10T12:06:54.291135+00:00,9,Operating Systems,I/O Management,Hard,8.0,0.375,0.5,0.0,0.5,0.5,0.5,0.0,0.0,0.5,0.5,0.0,168.0,1,0.877059,SYNTHETIC / SIMULATED — NOT REAL STUDENT DATA
S00014,2025-01-11T21:51:39.579941+00:00,10,Operating Systems,Memory Management,Easy,9.0,0.3333333333333333,0.3333333333333333,0.0,0.5,0.5,0.5,0.0,0.0,0.5,0.5,0.0,168.0,1,0.786135,SYNTHETIC / SIMULATED — NOT REAL STUDENT DATA
S00014,2025-01-12T04:07:52.947799+00:00,11,Operating Systems,I/O Management,Hard,10.0,0.4,0.5,1.0,0.0,0.0,0.0,119.72,0.0,0.0,0.0,0.0,40.01629351777778,1,0.877559,SYNTHETIC / SIMULATED — NOT REAL STUDENT DATA
S00014,2025-01-13T11:30:37.627643+00:00,12,DSA,Hashing,Easy,11.0,0.36363636363636365,1.0,0.0,0.5,0.5,0.5,0.0,0.0,0.5,0.5,0.0,168.0,1,0.828475,SYNTHETIC / SIMULATED — NOT REAL STUDENT DATA
S00014,2025-01-13T20:12:48.647893+00:00,13,DSA,Graphs,Medium,12.0,0.3333333333333333,0.5,0.0,0.5,0.5,0.5,0.0,0.0,0.5,0.5,0.0,168.0,1,0.895819,SYNTHETIC / SIMULATED — NOT REAL STUDENT DATA
S00014,2025-01-15T06:34:39.614013+00:00,14,Software Engineering,SDLC,Medium,13.0,0.38461538461538464,0.5,0.0,0.5,0.5,0.5,0.0,0.0,0.5,0.5,0.0,168.0,1,0.797051,SYNTHETIC / SIMULATED — NOT REAL STUDENT DATA
S00014,2025-01-15T10:47:47.388550+00:00,15,Software Engineering,Project Management,Hard,14.0,0.42857142857142855,1.0,0.0,0.5,0.5,0.5,0.0,0.0,0.5,0.5,0.0,168.0,0,0.589998,SYNTHETIC / SIMULATED — NOT REAL STUDENT DATA
S00014,2025-01-16T06:20:32.267661+00:00,16,DSA,Strings,Medium,15.0,0.4666666666666667,0.6666666666666666,0.0,0.5,0.5,0.5,0.0,0.0,0.5,0.5,0.0,168.0,1,0.723581,SYNTHETIC / SIMULATED — NOT REAL STUDENT DATA
S00014,2025-01-16T22:20:46.276731+00:00,17,Operating Systems,Synchronization,Medium,16.0,0.5,0.4,0.0,0.5,0.5,0.5,0.0,0.0,0.5,0.5,0.0,168.0,1,0.979995,SYNTHETIC / SIMULATED — NOT REAL STUDENT DATA
S00014,2025-01-18T10:12:19.490384+00:00,18,Software Engineering,Design Patterns,Medium,17.0,0.5294117647058824,1.0,0.0,0.5,0.5,0.5,0.0,0.0,0.5,0.5,0.0,168.0,1,0.771225,SYNTHETIC / SIMULATED — NOT REAL STUDENT DATA
S00014,2025-01-19T22:12:09.761725+00:00,19,Operating Systems,I/O Management,Easy,18.0,0.5,0.5,2.0,0.0,0.0,0.0,135.23000000000002,15.509999999999843,0.5,0.0,0.0,186.07133720166667,1,0.878224,SYNTHETIC / SIMULATED — NOT REAL STUDENT DATA
S00014,2025-01-20T08:14:54.190287+00:00,20,DSA,Heap,Hard,19.0,0.5263157894736842,0.75,0.0,0.5,0.5,0.5,0.0,0.0,0.5,0.5,0.0,168.0,1,0.937675,SYNTHETIC / SIMULATED — NOT REAL STUDENT DATA
S00014,2025-01-20T15:16:08.699770+00:00,21,Computer Networks,DNS,Medium,20.0,0.55,0.5,0.0,0.5,0.5,0.5,0.0,0.0,0.5,0.5,0.0,168.0,0,0.596097,SYNTHETIC / SIMULATED — NOT REAL STUDENT DATA
S00014,2025-01-21T12:51:36.139840+00:00,22,Computer Networks,DNS,Easy,21.0,0.5238095238095238,0.3333333333333333,1.0,0.0,0.0,0.0,119.81,0.0,0.5,0.0,0.0,21.590955575,0,0.598118,SYNTHETIC / SIMULATED — NOT REAL STUDENT DATA
S00014,2025-01-22T00:07:40.881748+00:00,23,DBMS,Indexing,Medium,22.0,0.5,0.0,0.0,0.5,0.5,0.5,0.0,0.0,0.5,0.5,0.0,168.0,0,0.647852,SYNTHETIC / SIMULATED — NOT REAL STUDENT DATA
S00014,2025-01-22T10:51:42.246126+00:00,24,DBMS,Joins,Medium,23.0,0.5217391304347826,0.25,0.0,0.5,0.5,0.5,0.0,0.0,0.5,0.5,0.0,168.0,0,0.686247,SYNTHETIC / SIMULATED — NOT REAL STUDENT DATA
S00014,2025-01-22T20:22:03.021560+00:00,25,DBMS,ER Model,Medium,24.0,0.5,0.2,0.0,0.5,0.5,0.5,0.0,0.0,0.5,0.5,0.0,168.0,1,0.733412,SYNTHETIC / SIMULATED — NOT REAL STUDENT DATA
S00014,2025-01-24T02:49:24.399806+00:00,26,Software Engineering,SDLC,Easy,25.0,0.48,0.6666666666666666,1.0,1.0,1.0,1.0,78.91,0.0,0.5,1.0,0.0,212.2457738313889,1,0.802907,SYNTHETIC / SIMULATED — NOT REAL STUDENT DATA
S00014,2025-01-24T20:50:48.634728+00:00,27,DBMS,Normalization,Easy,26.0,0.5,0.16666666666666666,2.0,0.0,0.0,0.0,134.705,20.224999999999998,0.5,0.0,0.0,461.8808773941667,0,0.476845,SYNTHETIC / SIMULATED — NOT REAL STUDENT DATA
S00014,2025-01-25T17:02:01.751126+00:00,28,Computer Networks,TCP/IP,Medium,27.0,0.48148148148148145,0.25,0.0,0.5,0.5,0.5,0.0,0.0,0.5,0.5,0.0,168.0,0,0.615116,SYNTHETIC / SIMULATED — NOT REAL STUDENT DATA
S00014,2025-01-27T00:56:30.900669+00:00,29,Software Engineering,SRS,Easy,28.0,0.4642857142857143,0.75,0.0,0.5,0.5,0.5,0.0,0.0,0.5,0.5,0.0,168.0,1,0.77083,SYNTHETIC / SIMULATED — NOT REAL STUDENT DATA
S00014,2025-01-27T17:14:53.747097+00:00,30,DBMS,Transactions,Easy,29.0,0.4827586206896552,0.14285714285714285,0.0,0.5,0.5,0.5,0.0,0.0,0.5,0.5,0.0,168.0,0,0.667512,SYNTHETIC / SIMULATED — NOT REAL STUDENT DATA
S00014,2025-01-28T08:09:50.188651+00:00,31,Computer Networks,TCP,Medium,30.0,0.5,0.2,0.0,0.5,0.5,0.5,0.0,0.0,0.5,0.5,0.0,168.0,1,0.797741,SYNTHETIC / SIMULATED — NOT REAL STUDENT DATA
S00014,2025-01-29T19:31:57.641180+00:00,32,Operating Systems,Deadlocks,Easy,31.0,0.4838709677419355,0.5714285714285714,0.0,0.5,0.5,0.5,0.0,0.0,0.5,0.5,0.0,168.0,1,0.859293,SYNTHETIC / SIMULATED — NOT REAL STUDENT DATA
S00014,2025-01-30T08:02:52.128292+00:00,33,DBMS,ER Model,Easy,32.0,0.5,0.25,1.0,0.0,0.0,0.0,72.63,0.0,0.5,0.0,0.0,179.68030742555555,1,0.733711,SYNTHETIC / SIMULATED — NOT REAL STUDENT DATA
S00014,2025-01-30T17:34:25.729650+00:00,34,Software Engineering,UML,Hard,33.0,0.48484848484848486,0.8,0.0,0.5,0.5,0.5,0.0,0.0,0.5,0.5,0.0,168.0,0,0.638726,SYNTHETIC / SIMULATED — NOT REAL STUDENT DATA
S00014,2025-02-01T03:41:00.811239+00:00,35,Software Engineering,SRS,Medium,34.0,0.47058823529411764,0.6666666666666666,1.0,1.0,1.0,1.0,30.89,0.0,0.5,1.0,0.0,122.741641825,1,0.77552,SYNTHETIC / SIMULATED — NOT REAL STUDENT DATA
S00014,2025-02-01T14:08:10.056904+00:00,36,DSA,Stack & Queue,Medium,35.0,0.45714285714285713,0.8,0.0,0.5,0.5,0.5,0.0,0.0,0.5,0.5,0.0,168.0,1,0.978789,SYNTHETIC / SIMULATED — NOT REAL STUDENT DATA
S00014,2025-02-02T10:34:15.615083+00:00,37,Computer Networks,UDP,Hard,36.0,0.4722222222222222,0.16666666666666666,0.0,0.5,0.5,0.5,0.0,0.0,0.5,0.5,0.0,168.0,1,0.768015,SYNTHETIC / SIMULATED — NOT REAL STUDENT DATA
S00014,2025-02-03T21:28:23.156108+00:00,38,Software Engineering,SDLC,Hard,37.0,0.4864864864864865,0.5714285714285714,2.0,1.0,1.0,1.0,62.504999999999995,16.40500000000003,0.5,1.0,0.0,258.6496545283333,1,0.808813,SYNTHETIC / SIMULATED — NOT REAL STUDENT DATA
S00014,2025-02-04T06:12:02.082832+00:00,39,DSA,Dynamic Programming,Hard,38.0,0.5,0.8333333333333334,1.0,1.0,1.0,1.0,59.14,0.0,0.5,1.0,0.0,720.0,1,0.905056,SYNTHETIC / SIMULATED — NOT REAL STUDENT DATA
S00014,2025-02-05T09:00:25.665585+00:00,40,Computer Networks,HTTP,Hard,39.0,0.5128205128205128,0.2857142857142857,0.0,0.5,0.5,0.5,0.0,0.0,0.5,0.5,0.0,168.0,1,0.746475,SYNTHETIC / SIMULATED — NOT REAL STUDENT DATA
S00014,2025-02-06T18:53:32.190903+00:00,41,Operating Systems,Processes,Medium,40.0,0.5,0.625,0.0,0.5,0.5,0.5,0.0,0.0,0.5,0.5,0.0,168.0,1,0.895074,SYNTHETIC / SIMULATED — NOT REAL STUDENT DATA
S00014,2025-02-07T23:52:04.359708+00:00,42,Computer Networks,HTTP,Easy,41.0,0.5121951219512195,0.25,1.0,0.0,0.0,0.0,87.94,0.0,0.5,0.0,0.0,62.8607483675,1,0.753555,SYNTHETIC / SIMULATED — NOT REAL STUDENT DATA
S00014,2025-02-08T07:24:57.680822+00:00,43,Software Engineering,Project Management,Medium,42.0,0.5238095238095238,0.625,1.0,1.0,1.0,1.0,110.8,0.0,0.5,1.0,0.0,572.6195256311112,0,0.595094,SYNTHETIC / SIMULATED — NOT REAL STUDENT DATA
S00014,2025-02-08T14:04:06.215553+00:00,44,Software Engineering,Waterfall,Medium,43.0,0.5116279069767442,0.5555555555555556,0.0,0.5,0.5,0.5,0.0,0.0,0.5,0.5,0.0,168.0,0,0.666046,SYNTHETIC / SIMULATED — NOT REAL STUDENT DATA
S00014,2025-02-10T00:35:40.254849+00:00,45,Software Engineering,Software Quality,Medium,44.0,0.5227272727272727,0.6,0.0,0.5,0.5,0.5,0.0,0.0,0.5,0.5,0.0,168.0,1,0.832346,SYNTHETIC / SIMULATED — NOT REAL STUDENT DATA
S00014,2025-02-11T04:41:53.364257+00:00,46,DBMS,Transactions,Easy,45.0,0.5111111111111111,0.2222222222222222,1.0,1.0,1.0,1.0,56.83,0.0,1.0,1.0,0.0,347.4498936555555,0,0.677895,SYNTHETIC / SIMULATED — NOT REAL STUDENT DATA
S00014,2025-02-12T04:44:28.463331+00:00,47,DBMS,Transactions,Hard,46.0,0.5217391304347826,0.3,2.0,1.0,1.0,1.0,39.485,17.34499999999999,0.5,1.0,0.0,24.04308307611111,0,0.680139,SYNTHETIC / SIMULATED — NOT REAL STUDENT DATA
S00014,2025-02-13T07:06:28.405327+00:00,48,DSA,Heap,Hard,47.0,0.5106382978723404,0.8571428571428571,1.0,1.0,1.0,1.0,171.5,0.0,1.0,1.0,0.0,574.8595041777778,1,0.939835,SYNTHETIC / SIMULATED — NOT REAL STUDENT DATA
S00014,2025-02-14T20:57:32.471231+00:00,49,Computer Networks,DNS,Easy,48.0,0.5208333333333334,0.3333333333333333,2.0,0.0,0.0,0.0,78.2,41.61,0.0,0.0,0.0,584.0989809419445,0,0.60396,SYNTHETIC / SIMULATED — NOT REAL STUDENT DATA
S00014,2025-02-15T01:18:09.599548+00:00,50,Software Engineering,Software Quality,Hard,49.0,0.5102040816326531,0.5454545454545454,1.0,0.0,0.0,0.0,55.69,0.0,0.5,0.0,0.0,120.70815130527778,1,0.832948,SYNTHETIC / SIMULATED — NOT REAL STUDENT DATA
S00014,2025-02-16T06:13:12.550407+00:00,51,Software Engineering,Project Management,Easy,50.0,0.5,0.5,2.0,0.5,0.5,0.5,95.315,15.484999999999989,0.5,0.0,0.0,190.80413044027776,0,0.607895,SYNTHETIC / SIMULATED — NOT REAL STUDENT DATA
S00014,2025-02-16T22:25:05.284963+00:00,52,DBMS,SQL,Easy,51.0,0.5098039215686274,0.2727272727272727,1.0,0.0,0.0,0.0,24.38,0.0,0.0,0.0,0.0,720.0,1,0.733367,SYNTHETIC / SIMULATED — NOT REAL STUDENT DATA
S00014,2025-02-17T18:36:40.896462+00:00,53,DSA,Hashing,Medium,52.0,0.5192307692307693,0.875,1.0,0.0,0.0,0.0,53.11,0.0,0.5,0.0,0.0,720.0,1,0.83066,SYNTHETIC / SIMULATED — NOT REAL STUDENT DATA
S00014,2025-02-18T04:14:33.936318+00:00,54,DBMS,Indexing,Hard,53.0,0.5094339622641509,0.3333333333333333,1.0,1.0,1.0,1.0,104.59,0.0,0.5,1.0,0.0,652.1147373805557,0,0.648564,SYNTHETIC / SIMULATED — NOT REAL STUDENT DATA
S00014,2025-02-19T07:04:10.418613+00:00,55,Operating Systems,CPU Scheduling,Medium,54.0,0.5,0.6666666666666666,0.0,0.5,0.5,0.5,0.0,0.0,0.5,0.5,0.0,168.0,0,0.643974,SYNTHETIC / SIMULATED — NOT REAL STUDENT DATA
S00014,2025-02-19T17:47:06.460590+00:00,56,Software Engineering,UML,Easy,55.0,0.509090909090909,0.5384615384615384,1.0,0.0,0.0,0.0,73.98,0.0,0.5,0.0,0.0,480.21131414999996,0,0.648118,SYNTHETIC / SIMULATED — NOT REAL STUDENT DATA
S00014,2025-02-20T09:07:42.681139+00:00,57,Computer Networks,TCP/IP,Hard,56.0,0.5178571428571429,0.3,1.0,0.0,0.0,0.0,78.8,0.0,0.5,0.0,0.0,616.094702781389,0,0.63034,SYNTHETIC / SIMULATED — NOT REAL STUDENT DATA
S00014,2025-02-20T22:55:33.389975+00:00,58,Computer Networks,DHCP,Medium,57.0,0.5263157894736842,0.36363636363636365,1.0,1.0,1.0,1.0,23.79,0.0,0.5,1.0,0.0,720.0,1,0.745511,SYNTHETIC / SIMULATED — NOT REAL STUDENT DATA
S00014,2025-02-22T06:45:45.800204+00:00,59,DBMS,Relational Algebra,Medium,58.0,0.5172413793103449,0.3076923076923077,0.0,0.5,0.5,0.5,0.0,0.0,0.5,0.5,0.0,168.0,0,0.662754,SYNTHETIC / SIMULATED — NOT REAL STUDENT DATA
S00014,2025-02-23T11:19:11.481541+00:00,60,DSA,Graphs,Medium,59.0,0.5084745762711864,0.7777777777777778,1.0,1.0,1.0,1.0,33.66,0.0,1.0,1.0,0.0,720.0,1,0.904159,SYNTHETIC / SIMULATED — NOT REAL STUDENT DATA
S00015,2025-01-02T13:12:10.319365+00:00,1,DBMS,Relational Algebra,Easy,0.0,0.5,0.5,0.0,0.5,0.5,0.5,0.0,0.0,0.5,0.5,0.0,168.0,1,0.822774,SYNTHETIC / SIMULATED — NOT REAL STUDENT DATA
S00015,2025-01-03T00:20:19.027058+00:00,2,Operating Systems,CPU Scheduling,Medium,1.0,1.0,0.5,0.0,0.5,0.5,0.5,0.0,0.0,0.5,0.5,0.0,168.0,0,0.550858,SYNTHETIC / SIMULATED — NOT REAL STUDENT DATA
S00015,2025-01-03T14:30:21.930895+00:00,3,Operating Systems,Paging,Easy,2.0,1.0,1.0,0.0,0.5,0.5,0.5,0.0,0.0,0.5,0.5,0.0,168.0,0,0.686216,SYNTHETIC / SIMULATED — NOT REAL STUDENT DATA
S00015,2025-01-04T11:53:52.880487+00:00,4,Software Engineering,Agile,Medium,3.0,1.0,0.5,0.0,0.5,0.5,0.5,0.0,0.0,0.5,0.5,0.0,168.0,1,0.976489,SYNTHETIC / SIMULATED — NOT REAL STUDENT DATA
S00015,2025-01-05T15:07:17.275539+00:00,5,DSA,Heap,Hard,4.0,1.0,0.5,0.0,0.5,0.5,0.5,0.0,0.0,0.5,0.5,0.0,168.0,1,0.76749,SYNTHETIC / SIMULATED — NOT REAL STUDENT DATA
S00015,2025-01-07T00:58:29.151541+00:00,6,DBMS,Joins,Easy,5.0,0.8,1.0,0.0,0.5,0.5,0.5,0.0,0.0,0.5,0.5,0.0,168.0,1,0.718335,SYNTHETIC / SIMULATED — NOT REAL STUDENT DATA
S00015,2025-01-07T07:05:30.479281+00:00,7,DBMS,DBMS Basics,Hard,6.0,0.8333333333333334,1.0,0.0,0.5,0.5,0.5,0.0,0.0,0.5,0.5,0.0,168.0,1,0.761629,SYNTHETIC / SIMULATED — NOT REAL STUDENT DATA
S00015,2025-01-07T23:11:47.198081+00:00,8,Computer Networks,Routing,Medium,7.0,0.7142857142857143,0.5,0.0,0.5,0.5,0.5,0.0,0.0,0.5,0.5,0.0,168.0,1,0.978447,SYNTHETIC / SIMULATED — NOT REAL STUDENT DATA
S00015,2025-01-08T15:25:38.347951+00:00,9,DBMS,Concurrency Control,Easy,8.0,0.75,0.6666666666666666,0.0,0.5,0.5,0.5,0.0,0.0,0.5,0.5,0.0,168.0,0,0.654687,SYNTHETIC / SIMULATED — NOT REAL STUDENT DATA
S00015,2025-01-09T23:22:44.895284+00:00,10,Operating Systems,Synchronization,Easy,9.0,0.6666666666666666,1.0,0.0,0.5,0.5,0.5,0.0,0.0,0.5,0.5,0.0,168.0,0,0.687033,SYNTHETIC / SIMULATED — NOT REAL STUDENT DATA
S00015,2025-01-10T08:50:09.604643+00:00,11,DBMS,Indexing,Easy,10.0,0.7,0.5,0.0,0.5,0.5,0.5,0.0,0.0,0.5,0.5,0.0,168.0,1,0.742451,SYNTHETIC / SIMULATED — NOT REAL STUDENT DATA
S00015,2025-01-11T04:47:37.523074+00:00,12,Operating Systems,Synchronization,Easy,11.0,0.7272727272727273,1.0,1.0,1.0,1.0,1.0,29.85,0.0,1.0,1.0,0.0,29.414618830555554,0,0.690407,SYNTHETIC / SIMULATED — NOT REAL STUDENT DATA
S00015,2025-01-11T10:22:37.161487+00:00,13,Operating Systems,Threads,Hard,12.0,0.6666666666666666,0.75,0.0,0.5,0.5,0.5,0.0,0.0,0.5,0.5,0.0,168.0,1,0.820667,SYNTHETIC / SIMULATED — NOT REAL STUDENT DATA
S00015,2025-01-12T03:32:06.555334+00:00,14,DBMS,Concurrency Control,Medium,13.0,0.6153846153846154,0.6,1.0,0.0,0.0,0.0,62.99,0.0,0.5,0.0,0.0,84.10783538416666,0,0.667063,SYNTHETIC / SIMULATED — NOT REAL STUDENT DATA
S00015,2025-01-12T22:44:38.763053+00:00,15,DSA,Heap,Hard,14.0,0.6428571428571429,0.0,1.0,0.0,0.0,0.0,137.86,0.0,0.0,0.0,0.0,175.62263542055555,1,0.775906,SYNTHETIC / SIMULATED — NOT REAL STUDENT DATA
S00015,2025-01-13T04:03:04.052939+00:00,16,Operating Systems,Security,Hard,15.0,0.6666666666666666,0.6,0.0,0.5,0.5,0.5,0.0,0.0,0.5,0.5,0.0,168.0,1,0.730645,SYNTHETIC / SIMULATED — NOT REAL STUDENT DATA
S00015,2025-01-14T11:28:25.702113+00:00,17,DBMS,Indexing,Easy,16.0,0.6875,0.6666666666666666,1.0,1.0,1.0,1.0,56.6,0.0,1.0,1.0,0.0,98.63780485277778,1,0.750744,SYNTHETIC / SIMULATED — NOT REAL STUDENT DATA
S00015,2025-01-15T22:29:24.289011+00:00,18,Computer Networks,Network Security,Medium,17.0,0.7058823529411765,1.0,0.0,0.5,0.5,0.5,0.0,0.0,0.5,0.5,0.0,168.0,1,0.967181,SYNTHETIC / SIMULATED — NOT REAL STUDENT DATA
S00015,2025-01-17T00:55:02.348568+00:00,19,DBMS,Concurrency Control,Medium,18.0,0.7222222222222222,0.7142857142857143,2.0,0.5,0.5,0.5,66.87,3.879999999999998,1.0,1.0,0.0,117.38216478722222,0,0.669308,SYNTHETIC / SIMULATED — NOT REAL STUDENT DATA
S00015,2025-01-18T12:11:06.773913+00:00,20,Computer Networks,DNS,Medium,19.0,0.6842105263157895,1.0,0.0,0.5,0.5,0.5,0.0,0.0,0.5,0.5,0.0,168.0,1,0.925891,SYNTHETIC / SIMULATED — NOT REAL STUDENT DATA
S00015,2025-01-19T15:11:50.732902+00:00,21,DSA,Strings,Medium,20.0,0.7,0.5,0.0,0.5,0.5,0.5,0.0,0.0,0.5,0.5,0.0,168.0,1,0.820883,SYNTHETIC / SIMULATED — NOT REAL STUDENT DATA
S00015,2025-01-19T21:16:57.373982+00:00,22,DBMS,ER Model,Easy,21.0,0.7142857142857143,0.625,0.0,0.5,0.5,0.5,0.0,0.0,0.5,0.5,0.0,168.0,1,0.819616,SYNTHETIC / SIMULATED — NOT REAL STUDENT DATA
S00015,2025-01-20T01:10:19.930337+00:00,23,Operating Systems,Synchronization,Medium,22.0,0.7272727272727273,0.6666666666666666,2.0,0.5,0.5,0.5,37.045,7.19499999999999,0.5,0.0,0.0,212.37844646194446,1,0.700207,SYNTHETIC / SIMULATED — NOT REAL STUDENT DATA
S00015,2025-01-20T15:49:59.546853+00:00,24,DSA,Arrays,Hard,23.0,0.7391304347826086,0.6666666666666666,0.0,0.5,0.5,0.5,0.0,0.0,0.5,0.5,0.0,168.0,1,0.917961,SYNTHETIC / SIMULATED — NOT REAL STUDENT DATA
S00015,2025-01-21T01:05:22.477665+00:00,25,Computer Networks,TCP/IP,Hard,24.0,0.7083333333333334,1.0,0.0,0.5,0.5,0.5,0.0,0.0,0.5,0.5,0.0,168.0,1,0.914944,SYNTHETIC / SIMULATED — NOT REAL STUDENT DATA
S00015,2025-01-22T12:14:29.033914+00:00,26,Computer Networks,TCP,Easy,25.0,0.72,1.0,0.0,0.5,0.5,0.5,0.0,0.0,0.5,0.5,0.0,168.0,1,0.876661,SYNTHETIC / SIMULATED — NOT REAL STUDENT DATA
S00015,2025-01-23T19:38:06.031777+00:00,27,Software Engineering,Waterfall,Easy,26.0,0.7307692307692307,1.0,0.0,0.5,0.5,0.5,0.0,0.0,0.5,0.5,0.0,168.0,1,0.98161,SYNTHETIC / SIMULATED — NOT REAL STUDENT DATA
S00015,2025-01-25T03:03:04.871057+00:00,28,DBMS,ER Model,Easy,27.0,0.7407407407407407,0.6666666666666666,1.0,1.0,1.0,1.0,19.54,0.0,1.0,1.0,0.0,125.7687491875,1,0.818119,SYNTHETIC / SIMULATED — NOT REAL STUDENT DATA
S00015,2025-01-25T12:43:15.568469+00:00,29,DBMS,ER Model,Easy,28.0,0.7142857142857143,0.6,2.0,0.5,0.5,0.5,32.94,13.400000000000015,0.5,0.0,0.0,9.66963817,1,0.825798,SYNTHETIC / SIMULATED — NOT REAL STUDENT DATA
S00015,2025-01-25T23:04:21.404899+00:00,30,Operating Systems,Paging,Easy,29.0,0.7241379310344828,0.7142857142857143,1.0,1.0,1.0,1.0,38.56,0.0,1.0,1.0,0.0,536.5665205566667,0,0.694996,SYNTHETIC / SIMULATED — NOT REAL STUDENT DATA
S00015,2025-01-26T02:13:57.876544+00:00,31,DBMS,Concurrency Control,Hard,30.0,0.7333333333333333,0.6363636363636364,3.0,0.3333333333333333,0.3333333333333333,0.3333333333333333,71.73333333333333,7.572337082360341,0.5,0.0,0.0,217.31542443777778,0,0.674795,SYNTHETIC / SIMULATED — NOT REAL STUDENT DATA
S00015,2025-01-26T19:49:42.253625+00:00,32,DSA,Trees,Easy,31.0,0.7096774193548387,0.5,0.0,0.5,0.5,0.5,0.0,0.0,0.5,0.5,0.0,168.0,1,0.981098,SYNTHETIC / SIMULATED — NOT REAL STUDENT DATA
S00015,2025-01-27T15:58:05.715562+00:00,33,Software Engineering,Project Management,Hard,32.0,0.71875,1.0,0.0,0.5,0.5,0.5,0.0,0.0,0.5,0.5,0.0,168.0,1,0.906891,SYNTHETIC / SIMULATED — NOT REAL STUDENT DATA
S00015,2025-01-28T17:17:55.978821+00:00,34,Computer Networks,Network Security,Medium,33.0,0.7272727272727273,1.0,1.0,1.0,1.0,1.0,37.15,0.0,1.0,1.0,0.0,306.80880272499996,1,0.968045,SYNTHETIC / SIMULATED — NOT REAL STUDENT DATA
S00015,2025-01-29T00:17:37.002581+00:00,35,Software Engineering,Agile,Easy,34.0,0.7352941176470589,1.0,1.0,1.0,1.0,1.0,56.32,0.0,0.5,1.0,0.0,588.3955894705556,1,0.978266,SYNTHETIC / SIMULATED — NOT REAL STUDENT DATA
S00015,2025-01-29T19:27:14.540925+00:00,36,Software Engineering,SDLC,Medium,35.0,0.7428571428571429,1.0,0.0,0.5,0.5,0.5,0.0,0.0,0.5,0.5,0.0,168.0,1,0.946115,SYNTHETIC / SIMULATED — NOT REAL STUDENT DATA
S00015,2025-01-30T03:04:32.009217+00:00,37,DSA,Dynamic Programming,Easy,36.0,0.7222222222222222,0.6,0.0,0.5,0.5,0.5,0.0,0.0,0.5,0.5,0.0,168.0,1,0.874141,SYNTHETIC / SIMULATED — NOT REAL STUDENT DATA
S00015,2025-01-30T20:39:19.348768+00:00,38,DBMS,Transactions,Medium,37.0,0.7027027027027027,0.5833333333333334,0.0,0.5,0.5,0.5,0.0,0.0,0.5,0.5,0.0,168.0,1,0.828394,SYNTHETIC / SIMULATED — NOT REAL STUDENT DATA
S00015,2025-02-01T02:32:11.189021+00:00,39,Computer Networks,TCP,Easy,38.0,0.7105263157894737,1.0,1.0,1.0,1.0,1.0,17.42,0.0,1.0,1.0,0.0,230.2950430852778,1,0.88178,SYNTHETIC / SIMULATED — NOT REAL STUDENT DATA
S00015,2025-02-01T06:06:15.290122+00:00,40,Operating Systems,Synchronization,Hard,39.0,0.717948717948718,0.75,3.0,0.6666666666666666,0.6666666666666666,0.6666666666666666,44.0,11.456704005370234,0.5,1.0,0.0,292.93204438472225,1,0.70188,SYNTHETIC / SIMULATED — NOT REAL STUDENT DATA
S00015,2025-02-02T16:55:44.538248+00:00,41,DBMS,DBMS Basics,Easy,40.0,0.7,0.6153846153846154,1.0,0.0,0.0,0.0,151.66,0.0,0.5,0.0,0.0,633.8372386019444,1,0.769692,SYNTHETIC / SIMULATED — NOT REAL STUDENT DATA
S00015,2025-02-04T05:08:37.096240+00:00,42,DBMS,Joins,Hard,41.0,0.7073170731707317,0.6428571428571429,1.0,1.0,1.0,1.0,44.6,0.0,0.5,1.0,0.0,676.1688735275001,1,0.728369,SYNTHETIC / SIMULATED — NOT REAL STUDENT DATA
S00015,2025-02-05T05:42:17.056749+00:00,43,DBMS,DBMS Basics,Easy,42.0,0.7142857142857143,0.6666666666666666,2.0,0.5,0.5,0.5,90.96,60.70000000000001,1.0,1.0,0.0,60.775699583611114,1,0.776801,SYNTHETIC / SIMULATED — NOT REAL STUDENT DATA
S00015,2025-02-06T02:28:06.607381+00:00,44,Software Engineering,Design Patterns,Medium,43.0,0.7209302325581395,0.8,0.0,0.5,0.5,0.5,0.0,0.0,0.5,0.5,0.0,168.0,1,0.979065,SYNTHETIC / SIMULATED — NOT REAL STUDENT DATA
S00015,2025-02-07T08:30:12.232004+00:00,45,DBMS,DBMS Basics,Medium,44.0,0.7272727272727273,0.6875,3.0,0.6666666666666666,0.6666666666666666,0.6666666666666666,71.04333333333334,57.0059109995524,0.5,1.0,0.0,50.798659793055556,1,0.78044,SYNTHETIC / SIMULATED — NOT REAL STUDENT DATA
S00015,2025-02-08T02:33:52.364863+00:00,46,Operating Systems,Threads,Hard,45.0,0.7111111111111111,0.6666666666666666,1.0,0.0,0.0,0.0,119.54,0.0,0.0,0.0,0.0,664.1875564933333,1,0.822185,SYNTHETIC / SIMULATED — NOT REAL STUDENT DATA
S00015,2025-02-09T08:04:47.538470+00:00,47,Operating Systems,Paging,Hard,46.0,0.6956521739130435,0.6,2.0,1.0,1.0,1.0,47.59,9.029999999999973,0.5,1.0,0.0,345.0072593252778,0,0.699623,SYNTHETIC / SIMULATED — NOT REAL STUDENT DATA
S00015,2025-02-09T20:47:09.432194+00:00,48,DSA,Linked Lists,Medium,47.0,0.6808510638297872,0.5,0.0,0.5,0.5,0.5,0.0,0.0,0.5,0.5,0.0,168.0,1,0.792184,SYNTHETIC / SIMULATED — NOT REAL STUDENT DATA
S00015,2025-02-11T05:19:23.120278+00:00,49,DBMS,SQL,Easy,48.0,0.6875,0.6470588235294118,0.0,0.5,0.5,0.5,0.0,0.0,0.5,0.5,0.0,168.0,1,0.822776,SYNTHETIC / SIMULATED — NOT REAL STUDENT DATA
S00015,2025-02-12T04:27:57.373748+00:00,50,Operating Systems,I/O Management,Easy,49.0,0.6938775510204082,0.5454545454545454,0.0,0.5,0.5,0.5,0.0,0.0,0.5,0.5,0.0,168.0,0,0.355527,SYNTHETIC / SIMULATED — NOT REAL STUDENT DATA
S00015,2025-02-12T09:17:01.753466+00:00,51,DBMS,Transactions,Medium,50.0,0.68,0.6666666666666666,1.0,1.0,1.0,1.0,78.08,0.0,1.0,1.0,0.0,300.62844574944444,1,0.831696,SYNTHETIC / SIMULATED — NOT REAL STUDENT DATA
S00015,2025-02-13T04:38:30.146743+00:00,52,Software Engineering,SDLC,Hard,51.0,0.6862745098039216,0.8333333333333334,1.0,0.0,0.0,0.0,96.37,0.0,0.5,0.0,0.0,345.18766828277774,1,0.942146,SYNTHETIC / SIMULATED — NOT REAL STUDENT DATA
S00015,2025-02-14T15:45:05.204730+00:00,53,Operating Systems,Security,Medium,52.0,0.6730769230769231,0.5,1.0,1.0,1.0,1.0,102.5,0.0,0.5,1.0,0.0,720.0,1,0.741216,SYNTHETIC / SIMULATED — NOT REAL STUDENT DATA
S00015,2025-02-14T20:03:12.000424+00:00,54,Operating Systems,Threads,Easy,53.0,0.6792452830188679,0.5384615384615384,2.0,0.0,0.0,0.0,90.765,28.77500000000001,0.5,0.0,0.0,161.48878765583333,1,0.829435,SYNTHETIC / SIMULATED — NOT REAL STUDENT DATA
S00015,2025-02-16T04:37:06.073480+00:00,55,DBMS,DBMS Basics,Hard,54.0,0.6851851851851852,0.6842105263157895,4.0,0.5,0.5,0.5,74.7975,49.7949467190196,0.0,0.0,0.0,212.11495596555557,1,0.781663,SYNTHETIC / SIMULATED — NOT REAL STUDENT DATA
S00015,2025-02-17T10:40:37.567922+00:00,56,DBMS,Keys,Medium,55.0,0.6727272727272727,0.65,0.0,0.5,0.5,0.5,0.0,0.0,0.5,0.5,0.0,168.0,1,0.723344,SYNTHETIC / SIMULATED — NOT REAL STUDENT DATA
S00015,2025-02-17T19:36:13.246418+00:00,57,DBMS,Keys,Easy,56.0,0.6785714285714286,0.6666666666666666,1.0,1.0,1.0,1.0,68.57,0.0,0.5,1.0,0.0,8.92657736,1,0.727648,SYNTHETIC / SIMULATED — NOT REAL STUDENT DATA
S00015,2025-02-18T05:43:29.810928+00:00,58,Operating Systems,Synchronization,Medium,57.0,0.6842105263157895,0.5714285714285714,4.0,0.5,0.5,0.5,77.70750000000001,59.22017155285857,1.0,0.0,0.0,407.6207002238889,1,0.706868,SYNTHETIC / SIMULATED — NOT REAL STUDENT DATA
S00015,2025-02-18T08:49:39.008730+00:00,59,Operating Systems,Paging,Hard,58.0,0.6724137931034483,0.5333333333333333,3.0,0.6666666666666666,0.6666666666666666,0.6666666666666666,87.66000000000001,57.14516952464135,0.0,0.0,0.0,216.74763062777777,1,0.712837,SYNTHETIC / SIMULATED — NOT REAL STUDENT DATA
S00015,2025-02-19T01:48:51.399643+00:00,60,Operating Systems,Deadlocks,Easy,59.0,0.6779661016949152,0.5625,0.0,0.5,0.5,0.5,0.0,0.0,0.5,0.5,0.0,168.0,0,0.432971,SYNTHETIC / SIMULATED — NOT REAL STUDENT DATA
S00016,2025-01-03T01:37:26.821801+00:00,1,Computer Networks,IP Addressing,Medium,0.0,0.5,0.5,0.0,0.5,0.5,0.5,0.0,0.0,0.5,0.5,0.0,168.0,0,0.061215,SYNTHETIC / SIMULATED — NOT REAL STUDENT DATA
S00016,2025-01-04T00:19:32.085793+00:00,2,DBMS,Concurrency Control,Medium,1.0,0.0,0.5,0.0,0.5,0.5,0.5,0.0,0.0,0.5,0.5,0.0,168.0,0,0.304149,SYNTHETIC / SIMULATED — NOT REAL STUDENT DATA
S00016,2025-01-04T14:40:41.391821+00:00,3,Operating Systems,Processes,Easy,2.0,0.5,0.5,0.0,0.5,0.5,0.5,0.0,0.0,0.5,0.5,0.0,168.0,0,0.461305,SYNTHETIC / SIMULATED — NOT REAL STUDENT DATA
S00016,2025-01-06T03:32:39.406796+00:00,4,DBMS,Keys,Medium,3.0,0.6666666666666666,1.0,0.0,0.5,0.5,0.5,0.0,0.0,0.5,0.5,0.0,168.0,0,0.213994,SYNTHETIC / SIMULATED — NOT REAL STUDENT DATA
S00016,2025-01-07T10:14:26.518561+00:00,5,Computer Networks,Network Security,Medium,4.0,0.5,0.0,0.0,0.5,0.5,0.5,0.0,0.0,0.5,0.5,0.0,168.0,0,0.156446,SYNTHETIC / SIMULATED — NOT REAL STUDENT DATA
S00016,2025-01-08T16:08:23.572283+00:00,6,DSA,Trees,Medium,5.0,0.4,0.5,0.0,0.5,0.5,0.5,0.0,0.0,0.5,0.5,0.0,168.0,0,0.324893,SYNTHETIC / SIMULATED — NOT REAL STUDENT DATA
S00016,2025-01-09T22:36:59.765716+00:00,7,Operating Systems,I/O Management,Easy,6.0,0.3333333333333333,1.0,0.0,0.5,0.5,0.5,0.0,0.0,0.5,0.5,0.0,168.0,0,0.615561,SYNTHETIC / SIMULATED — NOT REAL STUDENT DATA
S00016,2025-01-11T01:06:55.619045+00:00,8,Computer Networks,UDP,Hard,7.0,0.42857142857142855,0.0,0.0,0.5,0.5,0.5,0.0,0.0,0.5,0.5,0.0,168.0,0,0.058196,SYNTHETIC / SIMULATED — NOT REAL STUDENT DATA
S00016,2025-01-11T14:24:25.605956+00:00,9,Computer Networks,TCP,Hard,8.0,0.375,0.0,0.0,0.5,0.5,0.5,0.0,0.0,0.5,0.5,0.0,168.0,0,0.057647,SYNTHETIC / SIMULATED — NOT REAL STUDENT DATA
S00016,2025-01-13T02:55:32.901499+00:00,10,DSA,Heap,Easy,9.0,0.3333333333333333,0.0,0.0,0.5,0.5,0.5,0.0,0.0,0.5,0.5,0.0,168.0,0,0.428851,SYNTHETIC / SIMULATED — NOT REAL STUDENT DATA
S00016,2025-01-13T20:11:45.075651+00:00,11,Operating Systems,I/O Management,Medium,10.0,0.4,1.0,1.0,1.0,1.0,1.0,36.28,0.0,0.5,1.0,0.0,93.57925275972222,0,0.627524,SYNTHETIC / SIMULATED — NOT REAL STUDENT DATA
S00016,2025-01-14T12:22:45.152526+00:00,12,Operating Systems,Memory Management,Easy,11.0,0.45454545454545453,1.0,0.0,0.5,0.5,0.5,0.0,0.0,0.5,0.5,0.0,168.0,0,0.58354,SYNTHETIC / SIMULATED — NOT REAL STUDENT DATA
S00016,2025-01-15T03:23:46.686337+00:00,13,Operating Systems,Processes,Easy,12.0,0.5,1.0,1.0,1.0,1.0,1.0,50.01,0.0,1.0,1.0,0.0,252.71813736555555,0,0.477464,SYNTHETIC / SIMULATED — NOT REAL STUDENT DATA
S00016,2025-01-15T08:29:36.009082+00:00,14,Software Engineering,Testing,Easy,13.0,0.5384615384615384,0.5,0.0,0.5,0.5,0.5,0.0,0.0,0.5,0.5,0.0,168.0,0,0.178723,SYNTHETIC / SIMULATED — NOT REAL STUDENT DATA
S00016,2025-01-15T12:39:03.368435+00:00,15,DBMS,SQL,Hard,14.0,0.5,0.5,0.0,0.5,0.5,0.5,0.0,0.0,0.5,0.5,0.0,168.0,0,0.275905,SYNTHETIC / SIMULATED — NOT REAL STUDENT DATA
S00016,2025-01-16T22:54:03.014796+00:00,16,DSA,Trees,Hard,15.0,0.4666666666666667,0.5,1.0,0.0,0.0,0.0,95.62,0.0,0.5,0.0,0.0,198.7609562536111,0,0.3308,SYNTHETIC / SIMULATED — NOT REAL STUDENT DATA
S00016,2025-01-18T11:10:09.615857+00:00,17,Software Engineering,Software Quality,Medium,16.0,0.4375,0.0,0.0,0.5,0.5,0.5,0.0,0.0,0.5,0.5,0.0,168.0,0,0.101297,SYNTHETIC / SIMULATED — NOT REAL STUDENT DATA
S00016,2025-01-18T17:25:50.521962+00:00,18,Software Engineering,Testing,Easy,17.0,0.4117647058823529,0.0,1.0,0.0,0.0,0.0,66.52,0.0,0.0,0.0,0.0,80.93736468888889,0,0.204367,SYNTHETIC / SIMULATED — NOT REAL STUDENT DATA
S00016,2025-01-18T20:49:25.999812+00:00,19,Computer Networks,IP Addressing,Easy,18.0,0.4444444444444444,0.0,1.0,0.0,0.0,0.0,115.88,0.0,0.5,0.0,0.0,379.1997716697222,0,0.064511,SYNTHETIC / SIMULATED — NOT REAL STUDENT DATA
S00016,2025-01-20T10:00:25.570320+00:00,20,DBMS,Transactions,Hard,19.0,0.42105263157894735,0.3333333333333333,0.0,0.5,0.5,0.5,0.0,0.0,0.5,0.5,0.0,168.0,0,0.368292,SYNTHETIC / SIMULATED — NOT REAL STUDENT DATA
S00016,2025-01-21T13:59:27.516961+00:00,21,DSA,Stack & Queue,Easy,20.0,0.4,0.3333333333333333,0.0,0.5,0.5,0.5,0.0,0.0,0.5,0.5,0.0,168.0,0,0.585627,SYNTHETIC / SIMULATED — NOT REAL STUDENT DATA
S00016,2025-01-22T00:07:06.828177+00:00,22,Computer Networks,Network Security,Easy,21.0,0.42857142857142855,0.0,1.0,0.0,0.0,0.0,258.13,0.0,0.5,0.0,0.0,349.8778637822222,0,0.184309,SYNTHETIC / SIMULATED — NOT REAL STUDENT DATA
S00016,2025-01-22T21:16:38.681959+00:00,23,Operating Systems,File Systems,Medium,22.0,0.45454545454545453,1.0,0.0,0.5,0.5,0.5,0.0,0.0,0.5,0.5,0.0,168.0,0,0.351612,SYNTHETIC / SIMULATED — NOT REAL STUDENT DATA
S00016,2025-01-24T08:55:42.507648+00:00,24,DSA,Trees,Easy,23.0,0.4782608695652174,0.5,2.0,0.0,0.0,0.0,140.64,45.02000000000004,0.5,0.0,0.0,178.02763690333336,0,0.333682,SYNTHETIC / SIMULATED — NOT REAL STUDENT DATA
S00016,2025-01-24T22:40:40.961069+00:00,25,Software Engineering,Software Quality,Easy,24.0,0.4583333333333333,0.3333333333333333,1.0,0.0,0.0,0.0,109.06,0.0,0.5,0.0,0.0,155.5087070033333,0,0.107913,SYNTHETIC / SIMULATED — NOT REAL STUDENT DATA
S00016,2025-01-25T10:57:51.553032+00:00,26,DSA,Strings,Medium,25.0,0.44,0.4,0.0,0.5,0.5,0.5,0.0,0.0,0.5,0.5,0.0,168.0,0,0.544755,SYNTHETIC / SIMULATED — NOT REAL STUDENT DATA
S00016,2025-01-26T14:13:51.042114+00:00,27,DSA,Dynamic Programming,Medium,26.0,0.4230769230769231,0.3333333333333333,0.0,0.5,0.5,0.5,0.0,0.0,0.5,0.5,0.0,168.0,0,0.609661,SYNTHETIC / SIMULATED — NOT REAL STUDENT DATA
S00016,2025-01-26T18:20:42.113164+00:00,28,Software Engineering,Git/Version Control,Hard,27.0,0.4444444444444444,0.25,0.0,0.5,0.5,0.5,0.0,0.0,0.5,0.5,0.0,168.0,0,0.24432,SYNTHETIC / SIMULATED — NOT REAL STUDENT DATA
S00016,2025-01-27T11:07:25.250377+00:00,29,Operating Systems,Synchronization,Easy,28.0,0.4642857142857143,1.0,0.0,0.5,0.5,0.5,0.0,0.0,0.5,0.5,0.0,168.0,0,0.335013,SYNTHETIC / SIMULATED — NOT REAL STUDENT DATA
S00016,2025-01-28T07:58:11.212683+00:00,30,DBMS,SQL,Easy,29.0,0.4827586206896552,0.25,1.0,0.0,0.0,0.0,130.49,0.0,0.5,0.0,0.0,307.31884562444446,0,0.277867,SYNTHETIC / SIMULATED — NOT REAL STUDENT DATA
S00016,2025-01-29T13:53:43.989272+00:00,31,DSA,Recursion,Medium,30.0,0.4666666666666667,0.42857142857142855,0.0,0.5,0.5,0.5,0.0,0.0,0.5,0.5,0.0,168.0,0,0.379366,SYNTHETIC / SIMULATED — NOT REAL STUDENT DATA
S00016,2025-01-30T13:18:22.904288+00:00,32,DSA,Arrays,Easy,31.0,0.45161290322580644,0.375,0.0,0.5,0.5,0.5,0.0,0.0,0.5,0.5,0.0,168.0,0,0.546506,SYNTHETIC / SIMULATED — NOT REAL STUDENT DATA
S00016,2025-01-30T23:40:20.974755+00:00,33,Operating Systems,Synchronization,Easy,32.0,0.46875,1.0,1.0,1.0,1.0,1.0,50.41,0.0,1.0,1.0,0.0,84.54881232722222,0,0.355496,SYNTHETIC / SIMULATED — NOT REAL STUDENT DATA
S00016,2025-01-31T16:49:21.209917+00:00,34,Computer Networks,IP Addressing,Easy,33.0,0.48484848484848486,0.16666666666666666,2.0,0.0,0.0,0.0,103.08,12.799999999999935,0.0,0.0,0.0,307.99866947361113,0,0.065982,SYNTHETIC / SIMULATED — NOT REAL STUDENT DATA
S00016,2025-02-01T21:32:20.595023+00:00,35,DSA,Trees,Easy,34.0,0.47058823529411764,0.4444444444444444,3.0,0.0,0.0,0.0,115.24333333333333,51.392427673950394,0.0,0.0,0.0,204.61057982638889,0,0.341046,SYNTHETIC / SIMULATED — NOT REAL STUDENT DATA
S00016,2025-02-02T01:46:10.379575+00:00,36,DBMS,Concurrency Control,Medium,35.0,0.45714285714285713,0.2,1.0,1.0,1.0,1.0,129.97,0.0,1.0,1.0,0.0,697.443970495,0,0.309946,SYNTHETIC / SIMULATED — NOT REAL STUDENT DATA
S00016,2025-02-02T07:52:27.521041+00:00,37,DBMS,Concurrency Control,Easy,36.0,0.4444444444444444,0.16666666666666666,2.0,0.5,0.5,0.5,122.09,7.879999999999997,0.5,0.0,0.0,6.1047615183333335,0,0.329845,SYNTHETIC / SIMULATED — NOT REAL STUDENT DATA
S00016,2025-02-02T14:09:48.732015+00:00,38,Software Engineering,Testing,Hard,37.0,0.4594594594594595,0.4,2.0,0.5,0.5,0.5,68.965,2.4449999999998844,0.5,1.0,0.0,356.73283612583333,0,0.210844,SYNTHETIC / SIMULATED — NOT REAL STUDENT DATA
S00016,2025-02-02T21:08:15.911260+00:00,39,Computer Networks,Network Security,Easy,38.0,0.4473684210526316,0.14285714285714285,2.0,0.5,0.5,0.5,164.825,93.30500000000005,1.0,1.0,0.0,285.0191897452778,0,0.206186,SYNTHETIC / SIMULATED — NOT REAL STUDENT DATA
S00016,2025-02-03T20:55:48.582238+00:00,40,Computer Networks,Routing,Hard,39.0,0.46153846153846156,0.25,0.0,0.5,0.5,0.5,0.0,0.0,0.5,0.5,0.0,168.0,0,0.057608,SYNTHETIC / SIMULATED — NOT REAL STUDENT DATA
S00016,2025-02-05T09:53:14.470445+00:00,41,Software Engineering,Software Quality,Easy,40.0,0.45,0.3333333333333333,2.0,0.0,0.0,0.0,100.205,8.85500000000007,0.0,0.0,0.0,275.20930816000003,0,0.112444,SYNTHETIC / SIMULATED — NOT REAL STUDENT DATA
S00016,2025-02-06T13:12:22.953462+00:00,42,Software Engineering,Agile,Medium,41.0,0.43902439024390244,0.2857142857142857,0.0,0.5,0.5,0.5,0.0,0.0,0.5,0.5,0.0,168.0,0,0.265126,SYNTHETIC / SIMULATED — NOT REAL STUDENT DATA
S00016,2025-02-07T05:23:41.536488+00:00,43,Computer Networks,Routing,Easy,42.0,0.42857142857142855,0.2222222222222222,1.0,0.0,0.0,0.0,225.49,0.0,0.5,0.0,0.0,80.46470951388889,0,0.062695,SYNTHETIC / SIMULATED — NOT REAL STUDENT DATA
S00016,2025-02-08T15:02:06.718585+00:00,44,DBMS,Transactions,Easy,43.0,0.4186046511627907,0.2857142857142857,1.0,0.0,0.0,0.0,173.32,0.0,0.5,0.0,0.0,461.02809674027776,0,0.386175,SYNTHETIC / SIMULATED — NOT REAL STUDENT DATA
S00016,2025-02-09T13:17:44.027113+00:00,45,Computer Networks,DHCP,Easy,44.0,0.4318181818181818,0.2,0.0,0.5,0.5,0.5,0.0,0.0,0.5,0.5,0.0,168.0,0,0.2256,SYNTHETIC / SIMULATED — NOT REAL STUDENT DATA
S00016,2025-02-09T22:39:40.362611+00:00,46,DSA,Stack & Queue,Medium,45.0,0.4222222222222222,0.4,1.0,1.0,1.0,1.0,33.4,0.0,0.5,1.0,0.0,464.6702349027778,0,0.598688,SYNTHETIC / SIMULATED — NOT REAL STUDENT DATA
S00016,2025-02-10T11:30:56.852781+00:00,47,Operating Systems,Synchronization,Hard,46.0,0.43478260869565216,1.0,2.0,1.0,1.0,1.0,50.989999999999995,0.5800000000005124,0.5,1.0,0.0,251.84329945166667,0,0.379241,SYNTHETIC / SIMULATED — NOT REAL STUDENT DATA
S00016,2025-02-11T18:15:36.284029+00:00,48,DSA,Trees,Easy,47.0,0.44680851063829785,0.45454545454545453,4.0,0.0,0.0,0.0,102.35749999999999,49.78976118390209,0.0,0.0,0.0,236.72102472388886,0,0.346242,SYNTHETIC / SIMULATED — NOT REAL STUDENT DATA
S00016,2025-02-13T02:08:44.423191+00:00,49,DBMS,DBMS Basics,Easy,48.0,0.4375,0.375,0.0,0.5,0.5,0.5,0.0,0.0,0.5,0.5,0.0,168.0,0,0.249267,SYNTHETIC / SIMULATED — NOT REAL STUDENT DATA
S00016,2025-02-13T06:03:15.384397+00:00,50,Operating Systems,Memory Management,Easy,49.0,0.4489795918367347,1.0,1.0,1.0,1.0,1.0,75.78,0.0,1.0,1.0,0.0,713.6750644086111,0,0.595312,SYNTHETIC / SIMULATED — NOT REAL STUDENT DATA
S00016,2025-02-14T06:44:43.333098+00:00,51,DSA,Heap,Easy,50.0,0.46,0.4166666666666667,1.0,1.0,1.0,1.0,74.45,0.0,1.0,1.0,0.0,720.0,0,0.446028,SYNTHETIC / SIMULATED — NOT REAL STUDENT DATA
S00016,2025-02-15T12:20:08.966838+00:00,52,DSA,Graphs,Medium,51.0,0.47058823529411764,0.46153846153846156,0.0,0.5,0.5,0.5,0.0,0.0,0.5,0.5,0.0,168.0,0,0.48946,SYNTHETIC / SIMULATED — NOT REAL STUDENT DATA
S00016,2025-02-16T15:13:51.686063+00:00,53,DBMS,SQL,Easy,52.0,0.46153846153846156,0.4444444444444444,2.0,0.0,0.0,0.0,92.555,37.935,0.0,0.0,0.0,463.2612426055556,0,0.296866,SYNTHETIC / SIMULATED — NOT REAL STUDENT DATA
S00016,2025-02-17T03:53:17.695099+00:00,54,Computer Networks,Routing,Easy,53.0,0.4716981132075472,0.18181818181818182,2.0,0.0,0.0,0.0,159.715,65.77499999999999,0.0,0.0,0.0,238.49337739194445,0,0.066571,SYNTHETIC / SIMULATED — NOT REAL STUDENT DATA
S00016,2025-02-18T13:33:29.958035+00:00,55,Software Engineering,Git/Version Control,Easy,54.0,0.46296296296296297,0.25,1.0,1.0,1.0,1.0,105.71,0.0,0.5,1.0,0.0,547.2132902419444,0,0.249814,SYNTHETIC / SIMULATED — NOT REAL STUDENT DATA
S00016,2025-02-19T10:30:08.725738+00:00,56,Computer Networks,UDP,Hard,55.0,0.45454545454545453,0.16666666666666666,1.0,0.0,0.0,0.0,274.15,0.0,0.0,0.0,0.0,720.0,0,0.064692,SYNTHETIC / SIMULATED — NOT REAL STUDENT DATA
S00016,2025-02-20T07:41:24.281070+00:00,57,DBMS,Relational Algebra,Medium,56.0,0.44642857142857145,0.5,0.0,0.5,0.5,0.5,0.0,0.0,0.5,0.5,0.0,168.0,0,0.055145,SYNTHETIC / SIMULATED — NOT REAL STUDENT DATA
S00016,2025-02-21T01:56:08.654598+00:00,58,Computer Networks,TCP/IP,Easy,57.0,0.43859649122807015,0.15384615384615385,0.0,0.5,0.5,0.5,0.0,0.0,0.5,0.5,0.0,168.0,0,0.055745,SYNTHETIC / SIMULATED — NOT REAL STUDENT DATA
S00016,2025-02-22T14:50:54.895258+00:00,59,DSA,Graphs,Easy,58.0,0.43103448275862066,0.42857142857142855,1.0,0.0,0.0,0.0,109.69,0.0,0.5,0.0,0.0,170.51275789444443,0,0.506021,SYNTHETIC / SIMULATED — NOT REAL STUDENT DATA
S00016,2025-02-23T20:06:32.261087+00:00,60,Computer Networks,DHCP,Hard,59.0,0.4406779661016949,0.14285714285714285,1.0,0.0,0.0,0.0,75.32,0.0,0.5,0.0,0.0,342.8133983261111,0,0.231446,SYNTHETIC / SIMULATED — NOT REAL STUDENT DATA
S00017,2025-01-03T00:36:23.590119+00:00,1,Software Engineering,SDLC,Easy,0.0,0.5,0.5,0.0,0.5,0.5,0.5,0.0,0.0,0.5,0.5,0.0,168.0,0,0.504285,SYNTHETIC / SIMULATED — NOT REAL STUDENT DATA
S00017,2025-01-03T12:35:38.401811+00:00,2,Computer Networks,DNS,Hard,1.0,1.0,0.5,0.0,0.5,0.5,0.5,0.0,0.0,0.5,0.5,0.0,168.0,0,0.056524,SYNTHETIC / SIMULATED — NOT REAL STUDENT DATA
S00017,2025-01-04T00:28:46.255052+00:00,3,Computer Networks,TCP,Easy,2.0,0.5,0.0,0.0,0.5,0.5,0.5,0.0,0.0,0.5,0.5,0.0,168.0,0,0.308977,SYNTHETIC / SIMULATED — NOT REAL STUDENT DATA
S00017,2025-01-05T03:17:35.005420+00:00,4,Computer Networks,TCP,Easy,3.0,0.6666666666666666,0.5,1.0,1.0,1.0,1.0,94.87,0.0,1.0,1.0,0.0,26.813541768888886,0,0.327895,SYNTHETIC / SIMULATED — NOT REAL STUDENT DATA
S00017,2025-01-05T11:15:35.520560+00:00,5,Computer Networks,OSI,Easy,4.0,0.75,0.6666666666666666,0.0,0.5,0.5,0.5,0.0,0.0,0.5,0.5,0.0,168.0,0,0.285321,SYNTHETIC / SIMULATED — NOT REAL STUDENT DATA
S00017,2025-01-06T20:54:22.237470+00:00,6,Computer Networks,HTTP,Medium,5.0,0.6,0.5,0.0,0.5,0.5,0.5,0.0,0.0,0.5,0.5,0.0,168.0,0,0.30356,SYNTHETIC / SIMULATED — NOT REAL STUDENT DATA
S00017,2025-01-07T14:25:51.096340+00:00,7,Software Engineering,Waterfall,Easy,6.0,0.5,1.0,0.0,0.5,0.5,0.5,0.0,0.0,0.5,0.5,0.0,168.0,0,0.278789,SYNTHETIC / SIMULATED — NOT REAL STUDENT DATA
S00017,2025-01-08T11:04:09.679327+00:00,8,Operating Systems,Security,Easy,7.0,0.42857142857142855,0.5,0.0,0.5,0.5,0.5,0.0,0.0,0.5,0.5,0.0,168.0,0,0.399022,SYNTHETIC / SIMULATED — NOT REAL STUDENT DATA
S00017,2025-01-09T11:18:01.032831+00:00,9,Software Engineering,UML,Easy,8.0,0.5,0.5,0.0,0.5,0.5,0.5,0.0,0.0,0.5,0.5,0.0,168.0,0,0.127134,SYNTHETIC / SIMULATED — NOT REAL STUDENT DATA
S00017,2025-01-10T01:48:32.064573+00:00,10,Software Engineering,Design Patterns,Medium,9.0,0.5555555555555556,0.6666666666666666,0.0,0.5,0.5,0.5,0.0,0.0,0.5,0.5,0.0,168.0,0,0.219709,SYNTHETIC / SIMULATED — NOT REAL STUDENT DATA
S00017,2025-01-11T04:39:55.040931+00:00,11,Computer Networks,UDP,Hard,10.0,0.6,0.4,0.0,0.5,0.5,0.5,0.0,0.0,0.5,0.5,0.0,168.0,0,0.058448,SYNTHETIC / SIMULATED — NOT REAL STUDENT DATA
S00017,2025-01-12T03:57:20.199839+00:00,12,Software Engineering,Software Quality,Easy,11.0,0.5454545454545454,0.75,0.0,0.5,0.5,0.5,0.0,0.0,0.5,0.5,0.0,168.0,0,0.238795,SYNTHETIC / SIMULATED — NOT REAL STUDENT DATA
S00017,2025-01-13T05:24:38.570612+00:00,13,Operating Systems,File Systems,Easy,12.0,0.5833333333333334,1.0,0.0,0.5,0.5,0.5,0.0,0.0,0.5,0.5,0.0,168.0,0,0.460145,SYNTHETIC / SIMULATED — NOT REAL STUDENT DATA
S00017,2025-01-13T18:02:59.451695+00:00,14,Computer Networks,TCP/IP,Medium,13.0,0.5384615384615384,0.3333333333333333,0.0,0.5,0.5,0.5,0.0,0.0,0.5,0.5,0.0,168.0,0,0.057491,SYNTHETIC / SIMULATED — NOT REAL STUDENT DATA
S00017,2025-01-14T02:53:50.094177+00:00,15,Computer Networks,OSI,Hard,14.0,0.5,0.2857142857142857,1.0,0.0,0.0,0.0,111.61,0.0,0.5,0.0,0.0,207.6373815602778,0,0.291133,SYNTHETIC / SIMULATED — NOT REAL STUDENT DATA
S00017,2025-01-15T04:10:08.921033+00:00,16,Computer Networks,TCP/IP,Easy,15.0,0.4666666666666667,0.25,1.0,0.0,0.0,0.0,109.61,0.0,0.5,0.0,0.0,34.11929703833333,0,0.081547,SYNTHETIC / SIMULATED — NOT REAL STUDENT DATA
S00017,2025-01-16T01:43:41.934447+00:00,17,Computer Networks,OSI,Easy,16.0,0.5,0.3333333333333333,2.0,0.0,0.0,0.0,168.145,56.53499999999998,0.0,0.0,0.0,46.83106674166666,0,0.313186,SYNTHETIC / SIMULATED — NOT REAL STUDENT DATA
S00017,2025-01-17T11:31:12.877032+00:00,18,Operating Systems,Threads,Hard,17.0,0.5294117647058824,0.5,0.0,0.5,0.5,0.5,0.0,0.0,0.5,0.5,0.0,168.0,0,0.413074,SYNTHETIC / SIMULATED — NOT REAL STUDENT DATA
S00017,2025-01-18T14:09:12.099704+00:00,19,Software Engineering,Project Management,Medium,18.0,0.5,0.8,0.0,0.5,0.5,0.5,0.0,0.0,0.5,0.5,0.0,168.0,0,0.067232,SYNTHETIC / SIMULATED — NOT REAL STUDENT DATA
S00017,2025-01-19T21:31:22.917894+00:00,20,Computer Networks,Routing,Easy,19.0,0.47368421052631576,0.4,0.0,0.5,0.5,0.5,0.0,0.0,0.5,0.5,0.0,168.0,0,0.163114,SYNTHETIC / SIMULATED — NOT REAL STUDENT DATA
S00017,2025-01-20T09:15:00.544386+00:00,21,Software Engineering,UML,Easy,20.0,0.45,0.6666666666666666,1.0,1.0,1.0,1.0,75.74,0.0,1.0,1.0,0.0,261.94986432083334,0,0.135956,SYNTHETIC / SIMULATED — NOT REAL STUDENT DATA
S00017,2025-01-20T22:22:08.715061+00:00,22,DBMS,DBMS Basics,Hard,21.0,0.42857142857142855,0.5,0.0,0.5,0.5,0.5,0.0,0.0,0.5,0.5,0.0,168.0,0,0.191116,SYNTHETIC / SIMULATED — NOT REAL STUDENT DATA
S00017,2025-01-21T17:12:23.379993+00:00,23,DSA,Dynamic Programming,Medium,22.0,0.4090909090909091,0.5,0.0,0.5,0.5,0.5,0.0,0.0,0.5,0.5,0.0,168.0,0,0.42378,SYNTHETIC / SIMULATED — NOT REAL STUDENT DATA
S00017,2025-01-22T21:04:44.383759+00:00,24,Computer Networks,Network Security,Medium,23.0,0.43478260869565216,0.36363636363636365,0.0,0.5,0.5,0.5,0.0,0.0,0.5,0.5,0.0,168.0,0,0.411641,SYNTHETIC / SIMULATED — NOT REAL STUDENT DATA
S00017,2025-01-23T07:28:24.354129+00:00,25,Computer Networks,UDP,Easy,24.0,0.4166666666666667,0.3333333333333333,1.0,0.0,0.0,0.0,179.23,0.0,0.5,0.0,0.0,290.80814255499996,0,0.065252,SYNTHETIC / SIMULATED — NOT REAL STUDENT DATA
S00017,2025-01-24T11:07:44.324444+00:00,26,DSA,Hashing,Medium,25.0,0.4,1.0,0.0,0.5,0.5,0.5,0.0,0.0,0.5,0.5,0.0,168.0,0,0.354476,SYNTHETIC / SIMULATED — NOT REAL STUDENT DATA
S00017,2025-01-25T22:03:08.960466+00:00,27,Software Engineering,UML,Hard,26.0,0.38461538461538464,0.5714285714285714,2.0,0.5,0.5,0.5,77.50999999999999,1.7700000000001463,0.5,0.0,0.0,132.8023378,0,0.141483,SYNTHETIC / SIMULATED — NOT REAL STUDENT DATA
S00017,2025-01-26T04:41:22.375847+00:00,28,Computer Networks,IP Addressing,Hard,27.0,0.37037037037037035,0.3076923076923077,0.0,0.5,0.5,0.5,0.0,0.0,0.5,0.5,0.0,168.0,0,0.111881,SYNTHETIC / SIMULATED — NOT REAL STUDENT DATA
S00017,2025-01-27T01:12:36.305383+00:00,29,Software Engineering,Project Management,Hard,28.0,0.35714285714285715,0.5,1.0,0.0,0.0,0.0,192.71,0.0,0.5,0.0,0.0,203.05672379972222,0,0.071381,SYNTHETIC / SIMULATED — NOT REAL STUDENT DATA
S00017,2025-01-27T17:47:31.938685+00:00,30,DSA,Heap,Hard,29.0,0.3448275862068966,0.5,0.0,0.5,0.5,0.5,0.0,0.0,0.5,0.5,0.0,168.0,0,0.29055,SYNTHETIC / SIMULATED — NOT REAL STUDENT DATA
S00017,2025-01-28T11:12:20.256891+00:00,31,Computer Networks,TCP/IP,Easy,30.0,0.3333333333333333,0.2857142857142857,2.0,0.5,0.5,0.5,81.075,28.534999999999997,1.0,1.0,0.0,319.0364821827778,0,0.085754,SYNTHETIC / SIMULATED — NOT REAL STUDENT DATA
S00017,2025-01-29T07:30:52.668073+00:00,32,Software Engineering,Design Patterns,Medium,31.0,0.3225806451612903,0.4444444444444444,1.0,1.0,1.0,1.0,120.49,0.0,1.0,1.0,0.0,461.70572319444443,0,0.252013,SYNTHETIC / SIMULATED — NOT REAL STUDENT DATA
S00017,2025-01-29T14:48:09.010851+00:00,33,DBMS,SQL,Easy,32.0,0.34375,0.0,0.0,0.5,0.5,0.5,0.0,0.0,0.5,0.5,0.0,168.0,0,0.208911,SYNTHETIC / SIMULATED — NOT REAL STUDENT DATA
S00017,2025-01-30T03:39:23.246002+00:00,34,Operating Systems,Synchronization,Easy,33.0,0.36363636363636365,0.3333333333333333,0.0,0.5,0.5,0.5,0.0,0.0,0.5,0.5,0.0,168.0,0,0.376599,SYNTHETIC / SIMULATED — NOT REAL STUDENT DATA
S00017,2025-01-30T09:23:28.996132+00:00,35,Computer Networks,IP Addressing,Easy,34.0,0.35294117647058826,0.26666666666666666,1.0,0.0,0.0,0.0,128.89,0.0,0.5,0.0,0.0,100.70183896805555,0,0.118775,SYNTHETIC / SIMULATED — NOT REAL STUDENT DATA
S00017,2025-01-30T15:38:08.632765+00:00,36,Operating Systems,Processes,Medium,35.0,0.34285714285714286,0.25,0.0,0.5,0.5,0.5,0.0,0.0,0.5,0.5,0.0,168.0,0,0.425811,SYNTHETIC / SIMULATED — NOT REAL STUDENT DATA
S00017,2025-01-31T03:53:56.999127+00:00,37,Operating Systems,CPU Scheduling,Easy,36.0,0.3333333333333333,0.2,0.0,0.5,0.5,0.5,0.0,0.0,0.5,0.5,0.0,168.0,0,0.234903,SYNTHETIC / SIMULATED — NOT REAL STUDENT DATA
S00017,2025-01-31T21:39:56.643030+00:00,38,Operating Systems,Processes,Easy,37.0,0.35135135135135137,0.3333333333333333,1.0,0.0,0.0,0.0,177.87,0.0,0.5,0.0,0.0,30.03000285138889,0,0.431558,SYNTHETIC / SIMULATED — NOT REAL STUDENT DATA
S00017,2025-02-02T08:49:07.403173+00:00,39,Operating Systems,Security,Medium,38.0,0.34210526315789475,0.2857142857142857,1.0,1.0,1.0,1.0,47.33,0.0,0.5,1.0,0.0,597.7493677350001,0,0.421417,SYNTHETIC / SIMULATED — NOT REAL STUDENT DATA
S00017,2025-02-03T05:14:53.036277+00:00,40,DSA,Trees,Medium,39.0,0.358974358974359,0.3333333333333333,0.0,0.5,0.5,0.5,0.0,0.0,0.5,0.5,0.0,168.0,0,0.554515,SYNTHETIC / SIMULATED — NOT REAL STUDENT DATA
S00017,2025-02-04T07:17:08.448544+00:00,41,Operating Systems,CPU Scheduling,Easy,40.0,0.35,0.375,1.0,1.0,1.0,1.0,77.9,0.0,1.0,1.0,0.0,99.38651372694444,0,0.257066,SYNTHETIC / SIMULATED — NOT REAL STUDENT DATA
S00017,2025-02-05T19:44:12.037607+00:00,42,Operating Systems,CPU Scheduling,Hard,41.0,0.36585365853658536,0.4444444444444444,2.0,1.0,1.0,1.0,59.115,18.785,0.5,1.0,0.0,36.45099696194444,0,0.260414,SYNTHETIC / SIMULATED — NOT REAL STUDENT DATA
S00017,2025-02-06T07:47:36.783299+00:00,43,Software Engineering,SRS,Hard,42.0,0.35714285714285715,0.5,0.0,0.5,0.5,0.5,0.0,0.0,0.5,0.5,0.0,168.0,0,0.421171,SYNTHETIC / SIMULATED — NOT REAL STUDENT DATA
S00017,2025-02-07T02:49:10.828442+00:00,44,DBMS,Joins,Hard,43.0,0.3488372093023256,0.5,0.0,0.5,0.5,0.5,0.0,0.0,0.5,0.5,0.0,168.0,0,0.186378,SYNTHETIC / SIMULATED — NOT REAL STUDENT DATA
S00017,2025-02-07T12:59:44.041973+00:00,45,DSA,Dynamic Programming,Hard,44.0,0.3409090909090909,0.25,1.0,1.0,1.0,1.0,119.94,0.0,0.5,1.0,0.0,403.78907277222226,0,0.426442,SYNTHETIC / SIMULATED — NOT REAL STUDENT DATA
S00017,2025-02-07T22:24:08.527309+00:00,46,DSA,Arrays,Medium,45.0,0.3333333333333333,0.2,0.0,0.5,0.5,0.5,0.0,0.0,0.5,0.5,0.0,168.0,0,0.339,SYNTHETIC / SIMULATED — NOT REAL STUDENT DATA
S00017,2025-02-08T03:11:07.784602+00:00,47,Operating Systems,Memory Management,Easy,46.0,0.34782608695652173,0.4,0.0,0.5,0.5,0.5,0.0,0.0,0.5,0.5,0.0,168.0,0,0.47589,SYNTHETIC / SIMULATED — NOT REAL STUDENT DATA
S00017,2025-02-08T12:30:16.153292+00:00,48,Operating Systems,CPU Scheduling,Hard,47.0,0.3617021276595745,0.45454545454545453,3.0,0.6666666666666666,0.6666666666666666,0.6666666666666666,128.26666666666668,98.99069058362115,0.0,0.0,0.0,64.7678099125,0,0.26285,SYNTHETIC / SIMULATED — NOT REAL STUDENT DATA
S00017,2025-02-09T14:21:06.222747+00:00,49,Operating Systems,Processes,Easy,48.0,0.3541666666666667,0.4166666666666667,2.0,0.0,0.0,0.0,113.36500000000001,64.505,0.0,0.0,0.0,208.68599436583332,0,0.447436,SYNTHETIC / SIMULATED — NOT REAL STUDENT DATA
S00017,2025-02-10T00:57:34.493862+00:00,50,Operating Systems,Paging,Medium,49.0,0.3673469387755102,0.46153846153846156,0.0,0.5,0.5,0.5,0.0,0.0,0.5,0.5,0.0,168.0,0,0.455387,SYNTHETIC / SIMULATED — NOT REAL STUDENT DATA
S00017,2025-02-10T18:15:18.699082+00:00,51,Computer Networks,UDP,Easy,50.0,0.36,0.25,2.0,0.0,0.0,0.0,125.865,53.36499999999997,0.0,0.0,0.0,442.78176248694444,0,0.092219,SYNTHETIC / SIMULATED — NOT REAL STUDENT DATA
S00017,2025-02-11T11:20:43.743672+00:00,52,Operating Systems,Memory Management,Medium,51.0,0.37254901960784315,0.42857142857142855,1.0,1.0,1.0,1.0,67.98,0.0,0.5,1.0,0.0,80.15998863055555,0,0.49511,SYNTHETIC / SIMULATED — NOT REAL STUDENT DATA
S00017,2025-02-12T16:41:00.996339+00:00,53,DSA,Linked Lists,Medium,52.0,0.38461538461538464,0.3333333333333333,0.0,0.5,0.5,0.5,0.0,0.0,0.5,0.5,0.0,168.0,0,0.529727,SYNTHETIC / SIMULATED — NOT REAL STUDENT DATA
S00017,2025-02-14T01:18:10.192647+00:00,54,Computer Networks,TCP/IP,Medium,53.0,0.37735849056603776,0.29411764705882354,3.0,0.3333333333333333,0.3333333333333333,0.3333333333333333,79.66666666666667,23.38370420233331,0.0,0.0,0.0,398.09720437666664,0,0.089541,SYNTHETIC / SIMULATED — NOT REAL STUDENT DATA
S00017,2025-02-14T05:57:33.237948+00:00,55,DSA,Graphs,Easy,54.0,0.37037037037037035,0.2857142857142857,0.0,0.5,0.5,0.5,0.0,0.0,0.5,0.5,0.0,168.0,0,0.166156,SYNTHETIC / SIMULATED — NOT REAL STUDENT DATA
S00017,2025-02-15T16:44:51.138959+00:00,56,DBMS,DBMS Basics,Medium,55.0,0.36363636363636365,0.3333333333333333,1.0,0.0,0.0,0.0,234.26,0.0,0.5,0.0,0.0,618.3784510827777,0,0.199473,SYNTHETIC / SIMULATED — NOT REAL STUDENT DATA
S00017,2025-02-16T08:40:30.156893+00:00,57,DBMS,DBMS Basics,Easy,56.0,0.35714285714285715,0.25,2.0,0.0,0.0,0.0,187.76999999999998,46.490000000000045,0.5,0.0,0.0,15.927504981666667,0,0.220943,SYNTHETIC / SIMULATED — NOT REAL STUDENT DATA
S00017,2025-02-17T11:50:55.520979+00:00,58,DBMS,DBMS Basics,Medium,57.0,0.3684210526315789,0.4,3.0,0.3333333333333333,0.3333333333333333,0.3333333333333333,145.45666666666665,70.86407003709442,0.0,1.0,0.0,27.173712246111112,0,0.224637,SYNTHETIC / SIMULATED — NOT REAL STUDENT DATA
S00017,2025-02-18T03:35:58.183339+00:00,59,DBMS,SQL,Hard,58.0,0.3620689655172414,0.3333333333333333,1.0,1.0,1.0,1.0,51.21,0.0,0.5,1.0,0.0,468.79699235777775,0,0.218544,SYNTHETIC / SIMULATED — NOT REAL STUDENT DATA
S00017,2025-02-19T16:25:47.256805+00:00,60,DSA,Stack & Queue,Medium,59.0,0.3559322033898305,0.25,0.0,0.5,0.5,0.5,0.0,0.0,0.5,0.5,0.0,168.0,0,0.576461,SYNTHETIC / SIMULATED — NOT REAL STUDENT DATA
S00018,2025-01-02T12:18:30.207646+00:00,1,Software Engineering,Testing,Hard,0.0,0.5,0.5,0.0,0.5,0.5,0.5,0.0,0.0,0.5,0.5,0.0,168.0,0,0.060374,SYNTHETIC / SIMULATED — NOT REAL STUDENT DATA
S00018,2025-01-03T08:29:06.086265+00:00,2,Operating Systems,Security,Easy,1.0,0.0,0.5,0.0,0.5,0.5,0.5,0.0,0.0,0.5,0.5,0.0,168.0,0,0.49194,SYNTHETIC / SIMULATED — NOT REAL STUDENT DATA
S00018,2025-01-04T00:30:37.127987+00:00,3,DBMS,ER Model,Hard,2.0,0.0,0.5,0.0,0.5,0.5,0.5,0.0,0.0,0.5,0.5,0.0,168.0,0,0.381857,SYNTHETIC / SIMULATED — NOT REAL STUDENT DATA
S00018,2025-01-05T02:15:25.232240+00:00,4,Software Engineering,Software Quality,Easy,3.0,0.0,0.0,0.0,0.5,0.5,0.5,0.0,0.0,0.5,0.5,0.0,168.0,0,0.121962,SYNTHETIC / SIMULATED — NOT REAL STUDENT DATA
S00018,2025-01-06T01:24:04.337868+00:00,5,Software Engineering,SRS,Hard,4.0,0.0,0.0,0.0,0.5,0.5,0.5,0.0,0.0,0.5,0.5,0.0,168.0,0,0.081515,SYNTHETIC / SIMULATED — NOT REAL STUDENT DATA
S00018,2025-01-06T09:38:25.040227+00:00,6,Software Engineering,Git/Version Control,Easy,5.0,0.2,0.3333333333333333,0.0,0.5,0.5,0.5,0.0,0.0,0.5,0.5,0.0,168.0,0,0.123487,SYNTHETIC / SIMULATED — NOT REAL STUDENT DATA
S00018,2025-01-06T22:29:32.929419+00:00,7,DBMS,Concurrency Control,Medium,6.0,0.16666666666666666,0.0,0.0,0.5,0.5,0.5,0.0,0.0,0.5,0.5,0.0,168.0,0,0.520789,SYNTHETIC / SIMULATED — NOT REAL STUDENT DATA
S00018,2025-01-08T01:36:47.906515+00:00,8,DBMS,Relational Algebra,Easy,7.0,0.14285714285714285,0.0,0.0,0.5,0.5,0.5,0.0,0.0,0.5,0.5,0.0,168.0,0,0.377799,SYNTHETIC / SIMULATED — NOT REAL STUDENT DATA
S00018,2025-01-09T15:23:04.061543+00:00,9,DSA,Recursion,Medium,8.0,0.25,0.5,0.0,0.5,0.5,0.5,0.0,0.0,0.5,0.5,0.0,168.0,0,0.233472,SYNTHETIC / SIMULATED — NOT REAL STUDENT DATA
S00018,2025-01-11T05:12:22.311180+00:00,10,DBMS,Concurrency Control,Hard,9.0,0.2222222222222222,0.3333333333333333,1.0,0.0,0.0,0.0,139.5,0.0,0.5,0.0,0.0,102.71371715583334,0,0.525698,SYNTHETIC / SIMULATED — NOT REAL STUDENT DATA
S00018,2025-01-12T17:49:25.347589+00:00,11,Computer Networks,HTTP,Hard,10.0,0.2,0.5,0.0,0.5,0.5,0.5,0.0,0.0,0.5,0.5,0.0,168.0,0,0.370184,SYNTHETIC / SIMULATED — NOT REAL STUDENT DATA
S00018,2025-01-13T22:04:51.583378+00:00,12,Computer Networks,Network Security,Easy,11.0,0.18181818181818182,0.0,0.0,0.5,0.5,0.5,0.0,0.0,0.5,0.5,0.0,168.0,0,0.218897,SYNTHETIC / SIMULATED — NOT REAL STUDENT DATA
S00018,2025-01-14T15:02:01.033077+00:00,13,Operating Systems,Deadlocks,Medium,12.0,0.16666666666666666,0.0,0.0,0.5,0.5,0.5,0.0,0.0,0.5,0.5,0.0,168.0,0,0.564022,SYNTHETIC / SIMULATED — NOT REAL STUDENT DATA
S00018,2025-01-15T19:12:49.374341+00:00,14,Computer Networks,TCP/IP,Hard,13.0,0.15384615384615385,0.0,0.0,0.5,0.5,0.5,0.0,0.0,0.5,0.5,0.0,168.0,0,0.280906,SYNTHETIC / SIMULATED — NOT REAL STUDENT DATA
S00018,2025-01-16T03:27:02.652864+00:00,15,DSA,Graphs,Hard,14.0,0.14285714285714285,0.0,0.0,0.5,0.5,0.5,0.0,0.0,0.5,0.5,0.0,168.0,0,0.497471,SYNTHETIC / SIMULATED — NOT REAL STUDENT DATA
S00018,2025-01-17T01:27:58.008735+00:00,16,DBMS,Indexing,Medium,15.0,0.2,0.25,0.0,0.5,0.5,0.5,0.0,0.0,0.5,0.5,0.0,168.0,0,0.461295,SYNTHETIC / SIMULATED — NOT REAL STUDENT DATA
S00018,2025-01-18T09:45:42.421362+00:00,17,Computer Networks,HTTP,Medium,16.0,0.1875,0.0,1.0,0.0,0.0,0.0,193.57,0.0,0.5,0.0,0.0,135.93807604805556,0,0.376307,SYNTHETIC / SIMULATED — NOT REAL STUDENT DATA
S00018,2025-01-19T21:31:09.671378+00:00,18,Computer Networks,DHCP,Easy,17.0,0.17647058823529413,0.0,0.0,0.5,0.5,0.5,0.0,0.0,0.5,0.5,0.0,168.0,0,0.32371,SYNTHETIC / SIMULATED — NOT REAL STUDENT DATA
S00018,2025-01-21T09:49:09.626518+00:00,19,DBMS,SQL,Easy,18.0,0.16666666666666666,0.2,0.0,0.5,0.5,0.5,0.0,0.0,0.5,0.5,0.0,168.0,0,0.503746,SYNTHETIC / SIMULATED — NOT REAL STUDENT DATA
S00018,2025-01-22T01:52:37.134840+00:00,20,DSA,Hashing,Medium,19.0,0.15789473684210525,0.5,0.0,0.5,0.5,0.5,0.0,0.0,0.5,0.5,0.0,168.0,0,0.323703,SYNTHETIC / SIMULATED — NOT REAL STUDENT DATA
S00018,2025-01-22T19:33:41.792039+00:00,21,Operating Systems,I/O Management,Easy,20.0,0.2,0.0,0.0,0.5,0.5,0.5,0.0,0.0,0.5,0.5,0.0,168.0,0,0.573462,SYNTHETIC / SIMULATED — NOT REAL STUDENT DATA
S00018,2025-01-23T01:23:07.356789+00:00,22,Computer Networks,Routing,Medium,21.0,0.19047619047619047,0.0,0.0,0.5,0.5,0.5,0.0,0.0,0.5,0.5,0.0,168.0,0,0.471628,SYNTHETIC / SIMULATED — NOT REAL STUDENT DATA
S00018,2025-01-24T13:28:20.234637+00:00,23,Computer Networks,DNS,Medium,22.0,0.22727272727272727,0.16666666666666666,0.0,0.5,0.5,0.5,0.0,0.0,0.5,0.5,0.0,168.0,0,0.255373,SYNTHETIC / SIMULATED — NOT REAL STUDENT DATA
S00018,2025-01-25T15:09:38.513626+00:00,24,Operating Systems,Memory Management,Medium,23.0,0.2608695652173913,0.0,0.0,0.5,0.5,0.5,0.0,0.0,0.5,0.5,0.0,168.0,0,0.633304,SYNTHETIC / SIMULATED — NOT REAL STUDENT DATA
S00018,2025-01-26T08:59:44.997974+00:00,25,Operating Systems,File Systems,Hard,24.0,0.2916666666666667,0.25,0.0,0.5,0.5,0.5,0.0,0.0,0.5,0.5,0.0,168.0,0,0.596661,SYNTHETIC / SIMULATED — NOT REAL STUDENT DATA
S00018,2025-01-27T14:41:22.225435+00:00,26,Software Engineering,Agile,Medium,25.0,0.28,0.25,0.0,0.5,0.5,0.5,0.0,0.0,0.5,0.5,0.0,168.0,0,0.057708,SYNTHETIC / SIMULATED — NOT REAL STUDENT DATA
S00018,2025-01-28T19:09:56.697792+00:00,27,Software Engineering,Waterfall,Easy,26.0,0.2692307692307692,0.2,0.0,0.5,0.5,0.5,0.0,0.0,0.5,0.5,0.0,168.0,0,0.113893,SYNTHETIC / SIMULATED — NOT REAL STUDENT DATA
S00018,2025-01-30T06:16:23.086669+00:00,28,DBMS,SQL,Easy,27.0,0.2962962962962963,0.16666666666666666,1.0,0.0,0.0,0.0,100.61,0.0,0.0,0.0,0.0,212.4537389308333,0,0.517811,SYNTHETIC / SIMULATED — NOT REAL STUDENT DATA
S00018,2025-01-30T19:11:58.647085+00:00,29,Operating Systems,CPU Scheduling,Medium,28.0,0.32142857142857145,0.2,0.0,0.5,0.5,0.5,0.0,0.0,0.5,0.5,0.0,168.0,1,0.731866,SYNTHETIC / SIMULATED — NOT REAL STUDENT DATA
S00018,2025-01-31T08:53:51.603416+00:00,30,Computer Networks,IP Addressing,Medium,29.0,0.3103448275862069,0.2857142857142857,0.0,0.5,0.5,0.5,0.0,0.0,0.5,0.5,0.0,168.0,0,0.130734,SYNTHETIC / SIMULATED — NOT REAL STUDENT DATA
S00018,2025-02-01T14:07:37.706094+00:00,31,DBMS,DBMS Basics,Hard,30.0,0.3,0.2857142857142857,0.0,0.5,0.5,0.5,0.0,0.0,0.5,0.5,0.0,168.0,0,0.237924,SYNTHETIC / SIMULATED — NOT REAL STUDENT DATA
S00018,2025-02-02T22:09:34.896447+00:00,32,Software Engineering,Git/Version Control,Hard,31.0,0.2903225806451613,0.3333333333333333,1.0,0.0,0.0,0.0,67.51,0.0,0.5,0.0,0.0,660.5194045055556,0,0.12974,SYNTHETIC / SIMULATED — NOT REAL STUDENT DATA
S00018,2025-02-04T03:58:20.550450+00:00,33,Software Engineering,Project Management,Medium,32.0,0.28125,0.2857142857142857,0.0,0.5,0.5,0.5,0.0,0.0,0.5,0.5,0.0,168.0,0,0.164211,SYNTHETIC / SIMULATED — NOT REAL STUDENT DATA
S00018,2025-02-05T10:58:47.261076+00:00,34,Operating Systems,File Systems,Easy,33.0,0.30303030303030304,0.16666666666666666,1.0,0.0,0.0,0.0,205.33,0.0,0.5,0.0,0.0,241.98396197277776,0,0.608653,SYNTHETIC / SIMULATED — NOT REAL STUDENT DATA
S00018,2025-02-06T20:50:37.814762+00:00,35,DBMS,Transactions,Medium,34.0,0.3235294117647059,0.25,0.0,0.5,0.5,0.5,0.0,0.0,0.5,0.5,0.0,168.0,0,0.254504,SYNTHETIC / SIMULATED — NOT REAL STUDENT DATA
S00018,2025-02-07T22:48:19.244922+00:00,36,Computer Networks,Routing,Easy,35.0,0.3142857142857143,0.25,1.0,1.0,1.0,1.0,89.13,0.0,0.5,1.0,0.0,381.4199689258333,0,0.487217,SYNTHETIC / SIMULATED — NOT REAL STUDENT DATA
S00018,2025-02-08T22:45:15.425220+00:00,37,DBMS,Normalization,Hard,36.0,0.3333333333333333,0.2222222222222222,0.0,0.5,0.5,0.5,0.0,0.0,0.5,0.5,0.0,168.0,0,0.462457,SYNTHETIC / SIMULATED — NOT REAL STUDENT DATA
S00018,2025-02-09T05:14:49.017948+00:00,38,Computer Networks,DNS,Easy,37.0,0.32432432432432434,0.3333333333333333,1.0,1.0,1.0,1.0,94.38,0.0,0.5,1.0,0.0,375.7746620308334,0,0.276204,SYNTHETIC / SIMULATED — NOT REAL STUDENT DATA
S00018,2025-02-10T12:40:25.233362+00:00,39,DBMS,ER Model,Easy,38.0,0.34210526315789475,0.2,1.0,0.0,0.0,0.0,201.0,0.0,0.5,0.0,0.0,720.0,0,0.386916,SYNTHETIC / SIMULATED — NOT REAL STUDENT DATA
S00018,2025-02-12T00:50:05.534493+00:00,40,Operating Systems,Memory Management,Hard,39.0,0.3333333333333333,0.2857142857142857,1.0,1.0,1.0,1.0,87.01,0.0,0.5,1.0,0.0,417.6741724630556,0,0.635487,SYNTHETIC / SIMULATED — NOT REAL STUDENT DATA
S00018,2025-02-12T18:19:30.258479+00:00,41,DBMS,Relational Algebra,Hard,40.0,0.325,0.18181818181818182,1.0,1.0,1.0,1.0,32.04,0.0,0.5,1.0,0.0,720.0,0,0.382091,SYNTHETIC / SIMULATED — NOT REAL STUDENT DATA
S00018,2025-02-14T02:43:11.606823+00:00,42,DBMS,Keys,Medium,41.0,0.3170731707317073,0.16666666666666666,0.0,0.5,0.5,0.5,0.0,0.0,0.5,0.5,0.0,168.0,0,0.461484,SYNTHETIC / SIMULATED — NOT REAL STUDENT DATA
S00018,2025-02-15T04:56:51.253403+00:00,43,DSA,Heap,Hard,42.0,0.3333333333333333,0.6666666666666666,0.0,0.5,0.5,0.5,0.0,0.0,0.5,0.5,0.0,168.0,0,0.182075,SYNTHETIC / SIMULATED — NOT REAL STUDENT DATA
S00018,2025-02-16T16:34:48.673657+00:00,44,Software Engineering,Git/Version Control,Easy,43.0,0.32558139534883723,0.375,2.0,0.0,0.0,0.0,155.185,87.67500000000001,0.0,0.0,0.0,330.42049366944445,0,0.15496,SYNTHETIC / SIMULATED — NOT REAL STUDENT DATA
S00018,2025-02-17T15:00:50.281384+00:00,45,DSA,Dynamic Programming,Medium,44.0,0.3409090909090909,0.5,0.0,0.5,0.5,0.5,0.0,0.0,0.5,0.5,0.0,168.0,0,0.400601,SYNTHETIC / SIMULATED — NOT REAL STUDENT DATA
S00018,2025-02-18T14:39:40.102260+00:00,46,DBMS,SQL,Easy,45.0,0.3333333333333333,0.23076923076923078,2.0,0.5,0.5,0.5,71.595,29.01500000000001,0.5,1.0,0.0,464.3880598863889,0,0.531878,SYNTHETIC / SIMULATED — NOT REAL STUDENT DATA
S00018,2025-02-19T23:12:18.548437+00:00,47,Software Engineering,SDLC,Medium,46.0,0.34782608695652173,0.4444444444444444,0.0,0.5,0.5,0.5,0.0,0.0,0.5,0.5,0.0,168.0,0,0.05851,SYNTHETIC / SIMULATED — NOT REAL STUDENT DATA
S00018,2025-02-20T18:29:53.115504+00:00,48,DSA,Strings,Easy,47.0,0.3404255319148936,0.4,0.0,0.5,0.5,0.5,0.0,0.0,0.5,0.5,0.0,168.0,0,0.349617,SYNTHETIC / SIMULATED — NOT REAL STUDENT DATA
S00018,2025-02-21T12:24:11.955306+00:00,49,DBMS,Concurrency Control,Easy,48.0,0.3541666666666667,0.2857142857142857,2.0,0.0,0.0,0.0,150.6,11.100000000000124,0.5,0.0,0.0,720.0,0,0.539659,SYNTHETIC / SIMULATED — NOT REAL STUDENT DATA
S00018,2025-02-22T12:50:57.516418+00:00,50,Computer Networks,DNS,Hard,49.0,0.3673469387755102,0.4,2.0,1.0,1.0,1.0,80.1,14.279999999999985,0.5,1.0,0.0,319.6023606861111,0,0.28309,SYNTHETIC / SIMULATED — NOT REAL STUDENT DATA
S00018,2025-02-23T09:59:30.509750+00:00,51,DSA,Stack & Queue,Medium,50.0,0.36,0.5,0.0,0.5,0.5,0.5,0.0,0.0,0.5,0.5,0.0,168.0,0,0.440208,SYNTHETIC / SIMULATED — NOT REAL STUDENT DATA
S00018,2025-02-24T23:56:29.545002+00:00,52,DBMS,Transactions,Medium,51.0,0.37254901960784315,0.3333333333333333,1.0,0.0,0.0,0.0,194.16,0.0,0.0,0.0,0.0,435.0977028444444,0,0.262877,SYNTHETIC / SIMULATED — NOT REAL STUDENT DATA
S00018,2025-02-26T00:29:03.432040+00:00,53,DBMS,Indexing,Hard,52.0,0.36538461538461536,0.3125,1.0,0.0,0.0,0.0,99.11,0.0,0.5,0.0,0.0,720.0,0,0.462826,SYNTHETIC / SIMULATED — NOT REAL STUDENT DATA
S00018,2025-02-27T02:18:39.780545+00:00,54,DBMS,Transactions,Easy,53.0,0.3584905660377358,0.29411764705882354,2.0,0.0,0.0,0.0,155.055,39.10499999999993,0.5,0.0,0.0,50.369509873055556,0,0.281843,SYNTHETIC / SIMULATED — NOT REAL STUDENT DATA
S00018,2025-02-28T00:14:40.053375+00:00,55,Computer Networks,DHCP,Easy,54.0,0.37037037037037035,0.36363636363636365,1.0,0.0,0.0,0.0,43.32,0.0,0.0,0.0,0.0,720.0,0,0.343147,SYNTHETIC / SIMULATED — NOT REAL STUDENT DATA
S00018,2025-03-01T05:34:32.358737+00:00,56,DSA,Heap,Medium,55.0,0.38181818181818183,0.5714285714285714,1.0,0.0,0.0,0.0,294.71,0.0,0.5,0.0,0.0,336.62808481499997,0,0.188839,SYNTHETIC / SIMULATED — NOT REAL STUDENT DATA
S00018,2025-03-01T09:00:12.132822+00:00,57,DSA,Trees,Medium,56.0,0.375,0.5,0.0,0.5,0.5,0.5,0.0,0.0,0.5,0.5,0.0,168.0,0,0.223779,SYNTHETIC / SIMULATED — NOT REAL STUDENT DATA
S00018,2025-03-02T20:38:20.915077+00:00,58,DSA,Dynamic Programming,Easy,57.0,0.3684210526315789,0.4444444444444444,1.0,0.0,0.0,0.0,112.45,0.0,0.5,0.0,0.0,317.62517602583335,0,0.417897,SYNTHETIC / SIMULATED — NOT REAL STUDENT DATA
S00018,2025-03-03T01:41:00.488795+00:00,59,DSA,Linked Lists,Hard,58.0,0.3793103448275862,0.5,0.0,0.5,0.5,0.5,0.0,0.0,0.5,0.5,0.0,168.0,0,0.379772,SYNTHETIC / SIMULATED — NOT REAL STUDENT DATA
S00018,2025-03-03T10:59:06.486716+00:00,60,DSA,Strings,Easy,59.0,0.3728813559322034,0.45454545454545453,1.0,1.0,1.0,1.0,69.01,0.0,1.0,1.0,0.0,256.4870475588889,0,0.36676,SYNTHETIC / SIMULATED — NOT REAL STUDENT DATA
S00019,2025-01-02T12:39:05.237999+00:00,1,DSA,Hashing,Easy,0.0,0.5,0.5,0.0,0.5,0.5,0.5,0.0,0.0,0.5,0.5,0.0,168.0,0,0.248501,SYNTHETIC / SIMULATED — NOT REAL STUDENT DATA
S00019,2025-01-02T23:27:32.429183+00:00,2,DBMS,Relational Algebra,Medium,1.0,1.0,0.5,0.0,0.5,0.5,0.5,0.0,0.0,0.5,0.5,0.0,168.0,0,0.495845,SYNTHETIC / SIMULATED — NOT REAL STUDENT DATA
S00019,2025-01-04T07:05:52.492423+00:00,3,DBMS,DBMS Basics,Easy,2.0,0.5,0.0,0.0,0.5,0.5,0.5,0.0,0.0,0.5,0.5,0.0,168.0,0,0.662065,SYNTHETIC / SIMULATED — NOT REAL STUDENT DATA
S00019,2025-01-05T06:03:06.011924+00:00,4,DBMS,Transactions,Easy,3.0,0.6666666666666666,0.5,0.0,0.5,0.5,0.5,0.0,0.0,0.5,0.5,0.0,168.0,0,0.570544,SYNTHETIC / SIMULATED — NOT REAL STUDENT DATA
S00019,2025-01-05T14:19:33.947016+00:00,5,DSA,Arrays,Easy,4.0,0.5,1.0,0.0,0.5,0.5,0.5,0.0,0.0,0.5,0.5,0.0,168.0,0,0.315205,SYNTHETIC / SIMULATED — NOT REAL STUDENT DATA
S00019,2025-01-06T06:42:23.298862+00:00,6,Computer Networks,HTTP,Hard,5.0,0.6,0.5,0.0,0.5,0.5,0.5,0.0,0.0,0.5,0.5,0.0,168.0,1,0.71035,SYNTHETIC / SIMULATED — NOT REAL STUDENT DATA
S00019,2025-01-07T03:10:44.716733+00:00,7,DSA,Trees,Hard,6.0,0.5,1.0,0.0,0.5,0.5,0.5,0.0,0.0,0.5,0.5,0.0,168.0,0,0.236302,SYNTHETIC / SIMULATED — NOT REAL STUDENT DATA
S00019,2025-01-07T06:48:37.612548+00:00,8,DBMS,Keys,Easy,7.0,0.42857142857142855,0.3333333333333333,0.0,0.5,0.5,0.5,0.0,0.0,0.5,0.5,0.0,168.0,0,0.635671,SYNTHETIC / SIMULATED — NOT REAL STUDENT DATA
S00019,2025-01-07T15:38:35.784834+00:00,9,Software Engineering,SDLC,Medium,8.0,0.375,0.5,0.0,0.5,0.5,0.5,0.0,0.0,0.5,0.5,0.0,168.0,0,0.49411,SYNTHETIC / SIMULATED — NOT REAL STUDENT DATA
S00019,2025-01-07T20:34:56.166870+00:00,10,DSA,Hashing,Medium,9.0,0.4444444444444444,0.6666666666666666,1.0,1.0,1.0,1.0,54.95,0.0,0.5,1.0,0.0,127.93081357527778,0,0.278681,SYNTHETIC / SIMULATED — NOT REAL STUDENT DATA
S00019,2025-01-08T02:13:34.859168+00:00,11,Software Engineering,Testing,Hard,10.0,0.5,1.0,0.0,0.5,0.5,0.5,0.0,0.0,0.5,0.5,0.0,168.0,0,0.639275,SYNTHETIC / SIMULATED — NOT REAL STUDENT DATA
S00019,2025-01-08T22:39:28.674152+00:00,12,Operating Systems,Memory Management,Hard,11.0,0.45454545454545453,0.5,0.0,0.5,0.5,0.5,0.0,0.0,0.5,0.5,0.0,168.0,0,0.509187,SYNTHETIC / SIMULATED — NOT REAL STUDENT DATA
S00019,2025-01-09T05:55:19.097730+00:00,13,Operating Systems,Paging,Hard,12.0,0.4166666666666667,0.0,0.0,0.5,0.5,0.5,0.0,0.0,0.5,0.5,0.0,168.0,1,0.792818,SYNTHETIC / SIMULATED — NOT REAL STUDENT DATA
S00019,2025-01-09T21:02:19.566918+00:00,14,Software Engineering,Design Patterns,Medium,13.0,0.46153846153846156,0.5,0.0,0.5,0.5,0.5,0.0,0.0,0.5,0.5,0.0,168.0,0,0.652323,SYNTHETIC / SIMULATED — NOT REAL STUDENT DATA
S00019,2025-01-10T11:59:56.272231+00:00,15,Operating Systems,Memory Management,Easy,14.0,0.5,0.5,1.0,0.0,0.0,0.0,143.97,0.0,0.5,0.0,0.0,37.34099946638889,0,0.511265,SYNTHETIC / SIMULATED — NOT REAL STUDENT DATA
S00019,2025-01-11T07:08:34.524839+00:00,16,Software Engineering,Waterfall,Medium,15.0,0.4666666666666667,0.6666666666666666,0.0,0.5,0.5,0.5,0.0,0.0,0.5,0.5,0.0,168.0,0,0.439291,SYNTHETIC / SIMULATED — NOT REAL STUDENT DATA
S00019,2025-01-11T23:41:38.364560+00:00,17,Computer Networks,DNS,Medium,16.0,0.5,0.0,0.0,0.5,0.5,0.5,0.0,0.0,0.5,0.5,0.0,168.0,0,0.640881,SYNTHETIC / SIMULATED — NOT REAL STUDENT DATA
S00019,2025-01-12T10:02:54.195712+00:00,18,DSA,Trees,Easy,17.0,0.47058823529411764,0.75,1.0,0.0,0.0,0.0,286.98,0.0,0.5,0.0,0.0,126.8692997163889,0,0.239064,SYNTHETIC / SIMULATED — NOT REAL STUDENT DATA
S00019,2025-01-13T23:29:31.623990+00:00,19,DSA,Dynamic Programming,Easy,18.0,0.4444444444444444,0.6,0.0,0.5,0.5,0.5,0.0,0.0,0.5,0.5,0.0,168.0,0,0.427625,SYNTHETIC / SIMULATED — NOT REAL STUDENT DATA
S00019,2025-01-14T22:20:27.858913+00:00,20,Operating Systems,Memory Management,Easy,19.0,0.47368421052631576,0.3333333333333333,2.0,0.0,0.0,0.0,105.035,38.93500000000001,0.0,0.0,0.0,106.34210741166667,0,0.525378,SYNTHETIC / SIMULATED — NOT REAL STUDENT DATA
S00019,2025-01-16T04:50:18.156477+00:00,21,Computer Networks,HTTP,Medium,20.0,0.5,0.0,1.0,0.0,0.0,0.0,286.23,0.0,0.5,0.0,0.0,238.13190489305555,1,0.714472,SYNTHETIC / SIMULATED — NOT REAL STUDENT DATA
S00019,2025-01-17T08:28:03.892394+00:00,22,Operating Systems,Threads,Hard,21.0,0.47619047619047616,0.5,0.0,0.5,0.5,0.5,0.0,0.0,0.5,0.5,0.0,168.0,0,0.511935,SYNTHETIC / SIMULATED — NOT REAL STUDENT DATA
S00019,2025-01-18T20:39:02.406959+00:00,23,DBMS,ER Model,Medium,22.0,0.45454545454545453,0.25,0.0,0.5,0.5,0.5,0.0,0.0,0.5,0.5,0.0,168.0,0,0.453435,SYNTHETIC / SIMULATED — NOT REAL STUDENT DATA
S00019,2025-01-20T06:05:04.090082+00:00,24,DSA,Trees,Easy,23.0,0.43478260869565216,0.6666666666666666,2.0,0.0,0.0,0.0,160.94,126.04,0.0,0.0,0.0,188.03608176944445,0,0.241286,SYNTHETIC / SIMULATED — NOT REAL STUDENT DATA
S00019,2025-01-21T13:58:34.870052+00:00,25,Computer Networks,UDP,Easy,24.0,0.4166666666666667,0.0,0.0,0.5,0.5,0.5,0.0,0.0,0.5,0.5,0.0,168.0,1,0.856119,SYNTHETIC / SIMULATED — NOT REAL STUDENT DATA
S00019,2025-01-22T09:12:26.596043+00:00,26,DSA,Heap,Medium,25.0,0.44,0.5714285714285714,0.0,0.5,0.5,0.5,0.0,0.0,0.5,0.5,0.0,168.0,0,0.2975,SYNTHETIC / SIMULATED — NOT REAL STUDENT DATA
S00019,2025-01-23T07:38:23.394663+00:00,27,Software Engineering,Waterfall,Medium,26.0,0.4230769230769231,0.75,1.0,1.0,1.0,1.0,131.42,0.0,1.0,1.0,0.0,288.4969082844445,0,0.446143,SYNTHETIC / SIMULATED — NOT REAL STUDENT DATA
S00019,2025-01-24T07:44:48.745693+00:00,28,DSA,Stack & Queue,Easy,27.0,0.4074074074074074,0.5,0.0,0.5,0.5,0.5,0.0,0.0,0.5,0.5,0.0,168.0,0,0.452981,SYNTHETIC / SIMULATED — NOT REAL STUDENT DATA
S00019,2025-01-25T02:16:44.185825+00:00,29,DBMS,Relational Algebra,Easy,28.0,0.42857142857142855,0.2,1.0,0.0,0.0,0.0,73.84,0.0,0.5,0.0,0.0,530.8199324005556,0,0.51276,SYNTHETIC / SIMULATED — NOT REAL STUDENT DATA
S00019,2025-01-25T14:25:34.778599+00:00,30,Computer Networks,Routing,Medium,29.0,0.4482758620689655,0.25,0.0,0.5,0.5,0.5,0.0,0.0,0.5,0.5,0.0,168.0,1,0.893181,SYNTHETIC / SIMULATED — NOT REAL STUDENT DATA
S00019,2025-01-25T21:37:30.494525+00:00,31,Software Engineering,Project Management,Hard,30.0,0.4666666666666667,0.6,0.0,0.5,0.5,0.5,0.0,0.0,0.5,0.5,0.0,168.0,1,0.785892,SYNTHETIC / SIMULATED — NOT REAL STUDENT DATA
S00019,2025-01-26T14:56:21.171832+00:00,32,Operating Systems,Paging,Hard,31.0,0.45161290322580644,0.4,1.0,1.0,1.0,1.0,139.1,0.0,1.0,1.0,0.0,417.01724280611114,1,0.800363,SYNTHETIC / SIMULATED — NOT REAL STUDENT DATA
S00019,2025-01-27T06:38:11.207726+00:00,33,Computer Networks,HTTP,Easy,32.0,0.46875,0.4,2.0,0.0,0.0,0.0,183.37,102.86000000000001,0.5,0.0,0.0,265.7980697913889,1,0.719511,SYNTHETIC / SIMULATED — NOT REAL STUDENT DATA
S00019,2025-01-28T18:46:54.675506+00:00,34,DSA,Heap,Easy,33.0,0.48484848484848486,0.5555555555555556,1.0,0.0,0.0,0.0,176.92,0.0,0.5,0.0,0.0,153.57446651749999,0,0.30307,SYNTHETIC / SIMULATED — NOT REAL STUDENT DATA
S00019,2025-01-29T07:08:58.694766+00:00,35,Operating Systems,Synchronization,Easy,34.0,0.47058823529411764,0.5,0.0,0.5,0.5,0.5,0.0,0.0,0.5,0.5,0.0,168.0,0,0.346005,SYNTHETIC / SIMULATED — NOT REAL STUDENT DATA
S00019,2025-01-30T15:24:25.077437+00:00,36,Software Engineering,Waterfall,Easy,35.0,0.4857142857142857,0.5,2.0,0.5,0.5,0.5,128.805,2.614999999999211,0.5,0.0,0.0,175.76713410388888,0,0.458062,SYNTHETIC / SIMULATED — NOT REAL STUDENT DATA
S00019,2025-02-01T02:28:07.445631+00:00,37,DBMS,Concurrency Control,Easy,36.0,0.5,0.3333333333333333,0.0,0.5,0.5,0.5,0.0,0.0,0.5,0.5,0.0,168.0,0,0.631885,SYNTHETIC / SIMULATED — NOT REAL STUDENT DATA
S00019,2025-02-01T09:57:59.384211+00:00,38,DSA,Recursion,Medium,37.0,0.5135135135135135,0.5,0.0,0.5,0.5,0.5,0.0,0.0,0.5,0.5,0.0,168.0,0,0.32405,SYNTHETIC / SIMULATED — NOT REAL STUDENT DATA
S00019,2025-02-02T05:06:01.844567+00:00,39,Operating Systems,Threads,Hard,38.0,0.5,0.5714285714285714,1.0,0.0,0.0,0.0,211.49,0.0,0.0,0.0,0.0,380.6327644925,0,0.530852,SYNTHETIC / SIMULATED — NOT REAL STUDENT DATA
S00019,2025-02-02T10:32:39.675548+00:00,40,DBMS,Transactions,Easy,39.0,0.5128205128205128,0.42857142857142855,1.0,0.0,0.0,0.0,70.53,0.0,0.0,0.0,0.0,676.49268434,0,0.571591,SYNTHETIC / SIMULATED — NOT REAL STUDENT DATA
S00019,2025-02-03T14:35:39.462613+00:00,41,DBMS,Concurrency Control,Hard,40.0,0.5,0.375,1.0,1.0,1.0,1.0,51.54,0.0,0.5,1.0,0.0,60.125560272777776,0,0.632932,SYNTHETIC / SIMULATED — NOT REAL STUDENT DATA
S00019,2025-02-05T02:59:41.442351+00:00,42,Operating Systems,CPU Scheduling,Hard,41.0,0.4878048780487805,0.625,0.0,0.5,0.5,0.5,0.0,0.0,0.5,0.5,0.0,168.0,0,0.351539,SYNTHETIC / SIMULATED — NOT REAL STUDENT DATA
S00019,2025-02-06T14:28:43.110136+00:00,43,DBMS,Concurrency Control,Easy,42.0,0.47619047619047616,0.3333333333333333,2.0,0.5,0.5,0.5,126.25,74.71,1.0,0.0,0.0,71.88434653416667,0,0.64114,SYNTHETIC / SIMULATED — NOT REAL STUDENT DATA
S00019,2025-02-07T06:18:14.055563+00:00,44,DSA,Graphs,Medium,43.0,0.4883720930232558,0.45454545454545453,0.0,0.5,0.5,0.5,0.0,0.0,0.5,0.5,0.0,168.0,0,0.352663,SYNTHETIC / SIMULATED — NOT REAL STUDENT DATA
S00019,2025-02-08T04:45:13.888243+00:00,45,DBMS,Joins,Easy,44.0,0.4772727272727273,0.4,0.0,0.5,0.5,0.5,0.0,0.0,0.5,0.5,0.0,168.0,0,0.648087,SYNTHETIC / SIMULATED — NOT REAL STUDENT DATA
S00019,2025-02-08T23:40:38.113937+00:00,46,Operating Systems,I/O Management,Medium,45.0,0.4888888888888889,0.5555555555555556,0.0,0.5,0.5,0.5,0.0,0.0,0.5,0.5,0.0,168.0,0,0.558398,SYNTHETIC / SIMULATED — NOT REAL STUDENT DATA
S00019,2025-02-09T08:54:34.996626+00:00,47,DSA,Arrays,Medium,46.0,0.5,0.4166666666666667,1.0,1.0,1.0,1.0,97.43,0.0,0.5,1.0,0.0,720.0,0,0.318629,SYNTHETIC / SIMULATED — NOT REAL STUDENT DATA
S00019,2025-02-10T07:39:20.476853+00:00,48,Operating Systems,Security,Easy,47.0,0.48936170212765956,0.6,0.0,0.5,0.5,0.5,0.0,0.0,0.5,0.5,0.0,168.0,0,0.516535,SYNTHETIC / SIMULATED — NOT REAL STUDENT DATA
S00019,2025-02-11T15:39:49.612877+00:00,49,Operating Systems,Synchronization,Medium,48.0,0.5,0.6363636363636364,1.0,1.0,1.0,1.0,46.61,0.0,0.5,1.0,0.0,320.51414391972224,0,0.353355,SYNTHETIC / SIMULATED — NOT REAL STUDENT DATA
S00019,2025-02-12T23:59:26.175099+00:00,50,DSA,Hashing,Medium,49.0,0.4897959183673469,0.38461538461538464,2.0,1.0,1.0,1.0,99.72,44.769999999999996,1.0,1.0,0.0,720.0,0,0.302906,SYNTHETIC / SIMULATED — NOT REAL STUDENT DATA
S00019,2025-02-13T17:23:52.588996+00:00,51,Software Engineering,Software Quality,Medium,50.0,0.5,0.5714285714285714,0.0,0.5,0.5,0.5,0.0,0.0,0.5,0.5,0.0,168.0,0,0.559033,SYNTHETIC / SIMULATED — NOT REAL STUDENT DATA
S00019,2025-02-14T02:32:52.402009+00:00,52,Computer Networks,TCP/IP,Hard,51.0,0.5098039215686274,0.5,0.0,0.5,0.5,0.5,0.0,0.0,0.5,0.5,0.0,168.0,1,0.88964,SYNTHETIC / SIMULATED — NOT REAL STUDENT DATA
S00019,2025-02-15T12:04:20.743753+00:00,53,Computer Networks,OSI,Medium,52.0,0.5192307692307693,0.5714285714285714,0.0,0.5,0.5,0.5,0.0,0.0,0.5,0.5,0.0,168.0,0,0.696529,SYNTHETIC / SIMULATED — NOT REAL STUDENT DATA
S00019,2025-02-16T16:24:26.348953+00:00,54,DSA,Hashing,Easy,53.0,0.5094339622641509,0.42857142857142855,3.0,1.0,1.0,1.0,97.7,36.66600696376231,1.0,1.0,0.0,88.41671495944445,0,0.308241,SYNTHETIC / SIMULATED — NOT REAL STUDENT DATA
S00019,2025-02-17T12:54:16.854321+00:00,55,DSA,Trees,Easy,54.0,0.5,0.4,3.0,0.0,0.0,0.0,164.27,103.01892479863427,0.0,0.0,0.0,678.8202122886112,0,0.244404,SYNTHETIC / SIMULATED — NOT REAL STUDENT DATA
S00019,2025-02-17T17:21:37.715527+00:00,56,DBMS,Keys,Medium,55.0,0.4909090909090909,0.45454545454545453,1.0,0.0,0.0,0.0,64.31,0.0,0.5,0.0,0.0,720.0,0,0.651715,SYNTHETIC / SIMULATED — NOT REAL STUDENT DATA
S00019,2025-02-18T16:59:40.182243+00:00,57,Computer Networks,Network Security,Medium,56.0,0.5,0.5,0.0,0.5,0.5,0.5,0.0,0.0,0.5,0.5,0.0,168.0,1,0.708207,SYNTHETIC / SIMULATED — NOT REAL STUDENT DATA
S00019,2025-02-20T05:43:15.631189+00:00,58,Computer Networks,Network Security,Easy,57.0,0.49122807017543857,0.4444444444444444,1.0,0.0,0.0,0.0,65.0,0.0,0.5,0.0,0.0,36.72651359611111,1,0.716526,SYNTHETIC / SIMULATED — NOT REAL STUDENT DATA
S00019,2025-02-20T21:42:33.827985+00:00,59,Software Engineering,Software Quality,Hard,58.0,0.5,0.625,1.0,1.0,1.0,1.0,75.2,0.0,0.5,1.0,0.0,172.31145527472222,0,0.566216,SYNTHETIC / SIMULATED — NOT REAL STUDENT DATA
S00019,2025-02-21T18:01:36.321306+00:00,60,DSA,Linked Lists,Easy,59.0,0.4915254237288136,0.375,0.0,0.5,0.5,0.5,0.0,0.0,0.5,0.5,0.0,168.0,0,0.43296,SYNTHETIC / SIMULATED — NOT REAL STUDENT DATA
S00020,2025-01-03T06:20:36.953317+00:00,1,DSA,Dynamic Programming,Medium,0.0,0.5,0.5,0.0,0.5,0.5,0.5,0.0,0.0,0.5,0.5,0.0,168.0,0,0.334816,SYNTHETIC / SIMULATED — NOT REAL STUDENT DATA
S00020,2025-01-04T19:08:12.691550+00:00,2,Software Engineering,SRS,Medium,1.0,0.0,0.5,0.0,0.5,0.5,0.5,0.0,0.0,0.5,0.5,0.0,168.0,0,0.262666,SYNTHETIC / SIMULATED — NOT REAL STUDENT DATA
S00020,2025-01-05T02:50:32.832967+00:00,3,DBMS,Relational Algebra,Medium,2.0,0.0,0.5,0.0,0.5,0.5,0.5,0.0,0.0,0.5,0.5,0.0,168.0,0,0.265287,SYNTHETIC / SIMULATED — NOT REAL STUDENT DATA
S00020,2025-01-05T22:03:23.989537+00:00,4,Software Engineering,SDLC,Medium,3.0,0.0,0.0,0.0,0.5,0.5,0.5,0.0,0.0,0.5,0.5,0.0,168.0,0,0.264081,SYNTHETIC / SIMULATED — NOT REAL STUDENT DATA
S00020,2025-01-06T14:36:57.567452+00:00,5,DSA,Heap,Easy,4.0,0.0,0.0,0.0,0.5,0.5,0.5,0.0,0.0,0.5,0.5,0.0,168.0,0,0.424966,SYNTHETIC / SIMULATED — NOT REAL STUDENT DATA
S00020,2025-01-07T10:40:49.707961+00:00,6,Software Engineering,Software Quality,Medium,5.0,0.2,0.0,0.0,0.5,0.5,0.5,0.0,0.0,0.5,0.5,0.0,168.0,0,0.446918,SYNTHETIC / SIMULATED — NOT REAL STUDENT DATA
S00020,2025-01-08T07:23:38.436504+00:00,7,DSA,Arrays,Hard,6.0,0.16666666666666666,0.5,0.0,0.5,0.5,0.5,0.0,0.0,0.5,0.5,0.0,168.0,0,0.330605,SYNTHETIC / SIMULATED — NOT REAL STUDENT DATA
S00020,2025-01-09T05:31:17.078555+00:00,8,DBMS,Joins,Easy,7.0,0.14285714285714285,0.0,0.0,0.5,0.5,0.5,0.0,0.0,0.5,0.5,0.0,168.0,0,0.351149,SYNTHETIC / SIMULATED — NOT REAL STUDENT DATA
S00020,2025-01-09T15:42:41.549289+00:00,9,DSA,Linked Lists,Medium,8.0,0.125,0.3333333333333333,0.0,0.5,0.5,0.5,0.0,0.0,0.5,0.5,0.0,168.0,0,0.181145,SYNTHETIC / SIMULATED — NOT REAL STUDENT DATA
S00020,2025-01-10T02:46:51.160442+00:00,10,Software Engineering,SRS,Easy,9.0,0.2222222222222222,0.0,1.0,0.0,0.0,0.0,85.86,0.0,0.5,0.0,0.0,127.64401913666666,0,0.282545,SYNTHETIC / SIMULATED — NOT REAL STUDENT DATA
S00020,2025-01-10T12:55:37.418636+00:00,11,Software Engineering,Waterfall,Easy,10.0,0.3,0.25,0.0,0.5,0.5,0.5,0.0,0.0,0.5,0.5,0.0,168.0,0,0.185369,SYNTHETIC / SIMULATED — NOT REAL STUDENT DATA
S00020,2025-01-11T01:56:18.346796+00:00,12,Operating Systems,Synchronization,Easy,11.0,0.2727272727272727,0.5,0.0,0.5,0.5,0.5,0.0,0.0,0.5,0.5,0.0,168.0,0,0.386758,SYNTHETIC / SIMULATED — NOT REAL STUDENT DATA
S00020,2025-01-12T06:33:21.650627+00:00,13,Software Engineering,Testing,Medium,12.0,0.25,0.2,0.0,0.5,0.5,0.5,0.0,0.0,0.5,0.5,0.0,168.0,0,0.210213,SYNTHETIC / SIMULATED — NOT REAL STUDENT DATA
S00020,2025-01-13T02:56:06.587602+00:00,14,DBMS,Indexing,Medium,13.0,0.23076923076923078,0.0,0.0,0.5,0.5,0.5,0.0,0.0,0.5,0.5,0.0,168.0,0,0.276793,SYNTHETIC / SIMULATED — NOT REAL STUDENT DATA
S00020,2025-01-13T22:43:55.250855+00:00,15,DSA,Heap,Easy,14.0,0.21428571428571427,0.5,1.0,1.0,1.0,1.0,41.98,0.0,1.0,1.0,0.0,176.1160231675,0,0.430378,SYNTHETIC / SIMULATED — NOT REAL STUDENT DATA
S00020,2025-01-14T20:48:34.784975+00:00,16,Computer Networks,TCP/IP,Medium,15.0,0.2,0.5,0.0,0.5,0.5,0.5,0.0,0.0,0.5,0.5,0.0,168.0,0,0.539699,SYNTHETIC / SIMULATED — NOT REAL STUDENT DATA
S00020,2025-01-15T03:30:53.945705+00:00,17,Operating Systems,File Systems,Hard,16.0,0.25,0.0,0.0,0.5,0.5,0.5,0.0,0.0,0.5,0.5,0.0,168.0,0,0.281654,SYNTHETIC / SIMULATED — NOT REAL STUDENT DATA
S00020,2025-01-15T09:15:25.746825+00:00,18,Software Engineering,Testing,Hard,17.0,0.23529411764705882,0.16666666666666666,1.0,0.0,0.0,0.0,78.45,0.0,0.5,0.0,0.0,74.70113783277777,0,0.240435,SYNTHETIC / SIMULATED — NOT REAL STUDENT DATA
S00020,2025-01-16T16:08:47.110489+00:00,19,Software Engineering,Agile,Hard,18.0,0.2777777777777778,0.2857142857142857,0.0,0.5,0.5,0.5,0.0,0.0,0.5,0.5,0.0,168.0,0,0.060451,SYNTHETIC / SIMULATED — NOT REAL STUDENT DATA
S00020,2025-01-17T09:35:24.448812+00:00,20,DSA,Strings,Easy,19.0,0.2631578947368421,0.4,0.0,0.5,0.5,0.5,0.0,0.0,0.5,0.5,0.0,168.0,0,0.266089,SYNTHETIC / SIMULATED — NOT REAL STUDENT DATA
S00020,2025-01-17T17:57:15.520813+00:00,21,DSA,Arrays,Hard,20.0,0.25,0.3333333333333333,1.0,0.0,0.0,0.0,231.98,0.0,0.0,0.0,0.0,226.56030119694447,0,0.332746,SYNTHETIC / SIMULATED — NOT REAL STUDENT DATA
S00020,2025-01-18T06:00:41.618691+00:00,22,Software Engineering,Software Quality,Easy,21.0,0.23809523809523808,0.25,1.0,0.0,0.0,0.0,171.26,0.0,0.5,0.0,0.0,259.3310863138889,0,0.446448,SYNTHETIC / SIMULATED — NOT REAL STUDENT DATA
S00020,2025-01-18T22:39:31.539339+00:00,23,Operating Systems,Paging,Hard,22.0,0.22727272727272727,0.0,0.0,0.5,0.5,0.5,0.0,0.0,0.5,0.5,0.0,168.0,0,0.596003,SYNTHETIC / SIMULATED — NOT REAL STUDENT DATA
S00020,2025-01-20T06:45:58.787466+00:00,24,Operating Systems,Memory Management,Medium,23.0,0.21739130434782608,0.0,0.0,0.5,0.5,0.5,0.0,0.0,0.5,0.5,0.0,168.0,0,0.520834,SYNTHETIC / SIMULATED — NOT REAL STUDENT DATA
S00020,2025-01-20T19:25:05.663066+00:00,25,Computer Networks,DNS,Medium,24.0,0.20833333333333334,1.0,0.0,0.5,0.5,0.5,0.0,0.0,0.5,0.5,0.0,168.0,0,0.489111,SYNTHETIC / SIMULATED — NOT REAL STUDENT DATA
S00020,2025-01-21T19:54:07.591692+00:00,26,Software Engineering,Testing,Medium,25.0,0.2,0.2222222222222222,2.0,0.5,0.5,0.5,108.41,29.96000000000003,0.0,1.0,0.0,154.6449569075,0,0.267859,SYNTHETIC / SIMULATED — NOT REAL STUDENT DATA
S00020,2025-01-23T07:49:50.401545+00:00,27,DBMS,Relational Algebra,Medium,26.0,0.23076923076923078,0.0,1.0,0.0,0.0,0.0,105.06,0.0,0.0,0.0,0.0,436.98821349388885,0,0.270601,SYNTHETIC / SIMULATED — NOT REAL STUDENT DATA
S00020,2025-01-24T09:30:52.400405+00:00,28,DSA,Stack & Queue,Easy,27.0,0.2222222222222222,0.2857142857142857,0.0,0.5,0.5,0.5,0.0,0.0,0.5,0.5,0.0,168.0,0,0.134322,SYNTHETIC / SIMULATED — NOT REAL STUDENT DATA
S00020,2025-01-25T07:29:05.572456+00:00,29,Operating Systems,Processes,Easy,28.0,0.21428571428571427,0.0,0.0,0.5,0.5,0.5,0.0,0.0,0.5,0.5,0.0,168.0,0,0.272687,SYNTHETIC / SIMULATED — NOT REAL STUDENT DATA
S00020,2025-01-26T06:18:09.055482+00:00,30,DSA,Hashing,Medium,29.0,0.2413793103448276,0.25,0.0,0.5,0.5,0.5,0.0,0.0,0.5,0.5,0.0,168.0,0,0.31845,SYNTHETIC / SIMULATED — NOT REAL STUDENT DATA
S00020,2025-01-27T13:57:49.002587+00:00,31,DBMS,Transactions,Hard,30.0,0.23333333333333334,0.0,0.0,0.5,0.5,0.5,0.0,0.0,0.5,0.5,0.0,168.0,0,0.339845,SYNTHETIC / SIMULATED — NOT REAL STUDENT DATA
S00020,2025-01-29T02:22:36.335632+00:00,32,DBMS,SQL,Medium,31.0,0.22580645161290322,0.0,0.0,0.5,0.5,0.5,0.0,0.0,0.5,0.5,0.0,168.0,0,0.262588,SYNTHETIC / SIMULATED — NOT REAL STUDENT DATA
S00020,2025-01-30T13:04:01.313539+00:00,33,Operating Systems,Memory Management,Easy,32.0,0.21875,0.2,1.0,0.0,0.0,0.0,123.42,0.0,0.5,0.0,0.0,246.30070168694445,0,0.530662,SYNTHETIC / SIMULATED — NOT REAL STUDENT DATA
S00020,2025-01-31T12:06:29.110998+00:00,34,Software Engineering,Git/Version Control,Easy,33.0,0.24242424242424243,0.3,0.0,0.5,0.5,0.5,0.0,0.0,0.5,0.5,0.0,168.0,0,0.290411,SYNTHETIC / SIMULATED — NOT REAL STUDENT DATA
S00020,2025-01-31T19:33:56.037630+00:00,35,DBMS,Joins,Easy,34.0,0.2647058823529412,0.0,1.0,0.0,0.0,0.0,68.48,0.0,0.0,0.0,0.0,542.044155298611,0,0.370117,SYNTHETIC / SIMULATED — NOT REAL STUDENT DATA
S00020,2025-02-01T22:43:13.866263+00:00,36,Computer Networks,UDP,Easy,35.0,0.2857142857142857,0.5,0.0,0.5,0.5,0.5,0.0,0.0,0.5,0.5,0.0,168.0,0,0.539388,SYNTHETIC / SIMULATED — NOT REAL STUDENT DATA
S00020,2025-02-02T07:00:51.930924+00:00,37,Software Engineering,Project Management,Hard,36.0,0.2777777777777778,0.36363636363636365,0.0,0.5,0.5,0.5,0.0,0.0,0.5,0.5,0.0,168.0,0,0.300184,SYNTHETIC / SIMULATED — NOT REAL STUDENT DATA
S00020,2025-02-02T16:53:48.493788+00:00,38,Software Engineering,Agile,Hard,37.0,0.2702702702702703,0.3333333333333333,1.0,0.0,0.0,0.0,340.49,0.0,0.0,0.0,0.0,408.75038424972223,0,0.06628,SYNTHETIC / SIMULATED — NOT REAL STUDENT DATA
S00020,2025-02-04T04:52:11.264734+00:00,39,Software Engineering,SDLC,Medium,38.0,0.2631578947368421,0.3076923076923077,1.0,0.0,0.0,0.0,146.96,0.0,0.0,0.0,0.0,702.8131319991666,0,0.270819,SYNTHETIC / SIMULATED — NOT REAL STUDENT DATA
S00020,2025-02-05T16:08:00.244172+00:00,40,DSA,Recursion,Hard,39.0,0.2564102564102564,0.2222222222222222,0.0,0.5,0.5,0.5,0.0,0.0,0.5,0.5,0.0,168.0,0,0.397459,SYNTHETIC / SIMULATED — NOT REAL STUDENT DATA
S00020,2025-02-06T04:26:26.301451+00:00,41,Operating Systems,CPU Scheduling,Medium,40.0,0.25,0.3333333333333333,0.0,0.5,0.5,0.5,0.0,0.0,0.5,0.5,0.0,168.0,0,0.320985,SYNTHETIC / SIMULATED — NOT REAL STUDENT DATA
S00020,2025-02-06T09:56:01.708986+00:00,42,DBMS,Keys,Easy,41.0,0.24390243902439024,0.14285714285714285,0.0,0.5,0.5,0.5,0.0,0.0,0.5,0.5,0.0,168.0,0,0.392362,SYNTHETIC / SIMULATED — NOT REAL STUDENT DATA
S00020,2025-02-07T07:47:04.317631+00:00,43,Software Engineering,Agile,Easy,42.0,0.23809523809523808,0.2857142857142857,2.0,0.0,0.0,0.0,278.05,62.43999999999997,0.5,0.0,0.0,110.88772884527778,0,0.070591,SYNTHETIC / SIMULATED — NOT REAL STUDENT DATA
S00020,2025-02-08T11:15:28.006090+00:00,44,Computer Networks,DNS,Medium,43.0,0.23255813953488372,0.3333333333333333,1.0,0.0,0.0,0.0,53.97,0.0,0.0,0.0,0.0,447.8395397288889,0,0.506034,SYNTHETIC / SIMULATED — NOT REAL STUDENT DATA
S00020,2025-02-09T05:47:54.609834+00:00,45,Computer Networks,OSI,Easy,44.0,0.25,0.5,0.0,0.5,0.5,0.5,0.0,0.0,0.5,0.5,0.0,168.0,0,0.456055,SYNTHETIC / SIMULATED — NOT REAL STUDENT DATA
S00020,2025-02-09T12:52:16.949791+00:00,46,Operating Systems,Threads,Hard,45.0,0.26666666666666666,0.2857142857142857,0.0,0.5,0.5,0.5,0.0,0.0,0.5,0.5,0.0,168.0,0,0.387116,SYNTHETIC / SIMULATED — NOT REAL STUDENT DATA
S00020,2025-02-10T22:54:31.656001+00:00,47,DBMS,Keys,Easy,46.0,0.2608695652173913,0.125,1.0,0.0,0.0,0.0,53.5,0.0,0.0,0.0,0.0,108.97498528194444,0,0.397703,SYNTHETIC / SIMULATED — NOT REAL STUDENT DATA
S00020,2025-02-11T14:13:15.563537+00:00,48,DSA,Strings,Medium,47.0,0.2553191489361702,0.2,1.0,0.0,0.0,0.0,61.0,0.0,0.5,0.0,0.0,604.6308652013889,0,0.269051,SYNTHETIC / SIMULATED — NOT REAL STUDENT DATA
S00020,2025-02-12T08:56:07.045339+00:00,49,Computer Networks,IP Addressing,Easy,48.0,0.25,0.6,0.0,0.5,0.5,0.5,0.0,0.0,0.5,0.5,0.0,168.0,0,0.478709,SYNTHETIC / SIMULATED — NOT REAL STUDENT DATA
S00020,2025-02-13T03:21:25.333555+00:00,50,Computer Networks,Routing,Easy,49.0,0.2653061224489796,0.6666666666666666,0.0,0.5,0.5,0.5,0.0,0.0,0.5,0.5,0.0,168.0,0,0.450856,SYNTHETIC / SIMULATED — NOT REAL STUDENT DATA
S00020,2025-02-14T04:04:40.941094+00:00,51,DBMS,Normalization,Hard,50.0,0.26,0.1111111111111111,0.0,0.5,0.5,0.5,0.0,0.0,0.5,0.5,0.0,168.0,0,0.321265,SYNTHETIC / SIMULATED — NOT REAL STUDENT DATA
S00020,2025-02-14T17:33:45.698407+00:00,52,Operating Systems,Processes,Medium,51.0,0.2549019607843137,0.25,1.0,1.0,1.0,1.0,70.02,0.0,0.5,1.0,0.0,490.07781276416665,0,0.279586,SYNTHETIC / SIMULATED — NOT REAL STUDENT DATA
S00020,2025-02-16T05:32:00.076037+00:00,53,Operating Systems,Security,Hard,52.0,0.25,0.2222222222222222,0.0,0.5,0.5,0.5,0.0,0.0,0.5,0.5,0.0,168.0,0,0.425791,SYNTHETIC / SIMULATED — NOT REAL STUDENT DATA
S00020,2025-02-16T16:16:44.673002+00:00,54,DBMS,DBMS Basics,Hard,53.0,0.24528301886792453,0.1,0.0,0.5,0.5,0.5,0.0,0.0,0.5,0.5,0.0,168.0,0,0.351936,SYNTHETIC / SIMULATED — NOT REAL STUDENT DATA
S00020,2025-02-17T15:30:10.220583+00:00,55,DBMS,Indexing,Easy,54.0,0.24074074074074073,0.09090909090909091,1.0,0.0,0.0,0.0,115.87,0.0,0.5,0.0,0.0,720.0,0,0.280822,SYNTHETIC / SIMULATED — NOT REAL STUDENT DATA
S00020,2025-02-18T02:53:10.072046+00:00,56,DBMS,SQL,Easy,55.0,0.23636363636363636,0.08333333333333333,1.0,0.0,0.0,0.0,175.39,0.0,0.5,0.0,0.0,480.5093712261111,0,0.267645,SYNTHETIC / SIMULATED — NOT REAL STUDENT DATA
S00020,2025-02-19T16:52:42.528334+00:00,57,DSA,Stack & Queue,Hard,56.0,0.23214285714285715,0.18181818181818182,1.0,0.0,0.0,0.0,76.16,0.0,0.5,0.0,0.0,631.3639244247223,0,0.140551,SYNTHETIC / SIMULATED — NOT REAL STUDENT DATA
S00020,2025-02-20T00:44:00.336246+00:00,58,DSA,Hashing,Easy,57.0,0.22807017543859648,0.16666666666666666,1.0,0.0,0.0,0.0,126.47,0.0,0.5,0.0,0.0,594.4309113233334,0,0.336784,SYNTHETIC / SIMULATED — NOT REAL STUDENT DATA
S00020,2025-02-20T15:48:47.297291+00:00,59,Computer Networks,DHCP,Hard,58.0,0.2413793103448276,0.5714285714285714,0.0,0.5,0.5,0.5,0.0,0.0,0.5,0.5,0.0,168.0,0,0.464434,SYNTHETIC / SIMULATED — NOT REAL STUDENT DATA
S00020,2025-02-21T17:36:48.052056+00:00,60,Computer Networks,TCP/IP,Easy,59.0,0.23728813559322035,0.5,1.0,1.0,1.0,1.0,104.18,0.0,0.5,1.0,0.0,720.0,0,0.542344,SYNTHETIC / SIMULATED — NOT REAL STUDENT DATA
S00021,2025-01-03T09:31:19.442199+00:00,1,Computer Networks,Routing,Medium,0.0,0.5,0.5,0.0,0.5,0.5,0.5,0.0,0.0,0.5,0.5,0.0,168.0,0,0.243822,SYNTHETIC / SIMULATED — NOT REAL STUDENT DATA
S00021,2025-01-04T22:51:11.387350+00:00,2,DSA,Strings,Hard,1.0,1.0,0.5,0.0,0.5,0.5,0.5,0.0,0.0,0.5,0.5,0.0,168.0,0,0.508977,SYNTHETIC / SIMULATED — NOT REAL STUDENT DATA
S00021,2025-01-05T17:06:37.962260+00:00,3,Computer Networks,Routing,Easy,2.0,0.5,1.0,1.0,1.0,1.0,1.0,229.53,0.0,0.5,1.0,0.0,55.588477794722216,0,0.261624,SYNTHETIC / SIMULATED — NOT REAL STUDENT DATA
S00021,2025-01-05T21:32:33.151396+00:00,4,Operating Systems,Processes,Medium,3.0,0.6666666666666666,0.5,0.0,0.5,0.5,0.5,0.0,0.0,0.5,0.5,0.0,168.0,0,0.253702,SYNTHETIC / SIMULATED — NOT REAL STUDENT DATA
S00021,2025-01-07T04:09:37.883617+00:00,5,Operating Systems,Security,Easy,4.0,0.5,0.0,0.0,0.5,0.5,0.5,0.0,0.0,0.5,0.5,0.0,168.0,0,0.432968,SYNTHETIC / SIMULATED — NOT REAL STUDENT DATA
S00021,2025-01-08T02:58:33.697696+00:00,6,Operating Systems,File Systems,Easy,5.0,0.6,0.5,0.0,0.5,0.5,0.5,0.0,0.0,0.5,0.5,0.0,168.0,0,0.403901,SYNTHETIC / SIMULATED — NOT REAL STUDENT DATA
S00021,2025-01-09T01:28:15.348411+00:00,7,Computer Networks,OSI,Hard,6.0,0.6666666666666666,1.0,0.0,0.5,0.5,0.5,0.0,0.0,0.5,0.5,0.0,168.0,0,0.305025,SYNTHETIC / SIMULATED — NOT REAL STUDENT DATA
S00021,2025-01-10T11:40:08.474922+00:00,8,Computer Networks,TCP/IP,Easy,7.0,0.5714285714285714,0.6666666666666666,0.0,0.5,0.5,0.5,0.0,0.0,0.5,0.5,0.0,168.0,0,0.124449,SYNTHETIC / SIMULATED — NOT REAL STUDENT DATA
S00021,2025-01-11T06:00:57.589740+00:00,9,DBMS,Joins,Hard,8.0,0.5,0.5,0.0,0.5,0.5,0.5,0.0,0.0,0.5,0.5,0.0,168.0,0,0.629719,SYNTHETIC / SIMULATED — NOT REAL STUDENT DATA
S00021,2025-01-12T02:36:44.064606+00:00,10,DBMS,Keys,Medium,9.0,0.4444444444444444,0.0,0.0,0.5,0.5,0.5,0.0,0.0,0.5,0.5,0.0,168.0,0,0.569965,SYNTHETIC / SIMULATED — NOT REAL STUDENT DATA
S00021,2025-01-13T09:52:37.609760+00:00,11,Computer Networks,TCP,Easy,10.0,0.5,0.5,0.0,0.5,0.5,0.5,0.0,0.0,0.5,0.5,0.0,168.0,0,0.242702,SYNTHETIC / SIMULATED — NOT REAL STUDENT DATA
S00021,2025-01-13T17:32:14.977853+00:00,12,Software Engineering,SDLC,Easy,11.0,0.5454545454545454,0.5,0.0,0.5,0.5,0.5,0.0,0.0,0.5,0.5,0.0,168.0,0,0.306104,SYNTHETIC / SIMULATED — NOT REAL STUDENT DATA
S00021,2025-01-15T05:05:02.248064+00:00,13,Software Engineering,Software Quality,Hard,12.0,0.5,0.0,0.0,0.5,0.5,0.5,0.0,0.0,0.5,0.5,0.0,168.0,0,0.443106,SYNTHETIC / SIMULATED — NOT REAL STUDENT DATA
S00021,2025-01-15T15:48:03.799371+00:00,14,Operating Systems,Security,Easy,13.0,0.46153846153846156,0.6666666666666666,1.0,1.0,1.0,1.0,55.34,0.0,1.0,1.0,0.0,203.64053215388887,0,0.436762,SYNTHETIC / SIMULATED — NOT REAL STUDENT DATA
S00021,2025-01-16T16:51:29.934558+00:00,15,Operating Systems,I/O Management,Hard,14.0,0.42857142857142855,0.5,0.0,0.5,0.5,0.5,0.0,0.0,0.5,0.5,0.0,168.0,0,0.207524,SYNTHETIC / SIMULATED — NOT REAL STUDENT DATA
S00021,2025-01-17T19:30:40.346589+00:00,16,Computer Networks,DHCP,Medium,15.0,0.4,0.6,0.0,0.5,0.5,0.5,0.0,0.0,0.5,0.5,0.0,168.0,0,0.159444,SYNTHETIC / SIMULATED — NOT REAL STUDENT DATA
S00021,2025-01-18T08:29:08.459777+00:00,17,Operating Systems,Threads,Easy,16.0,0.375,0.4,0.0,0.5,0.5,0.5,0.0,0.0,0.5,0.5,0.0,168.0,0,0.292626,SYNTHETIC / SIMULATED — NOT REAL STUDENT DATA
S00021,2025-01-19T04:32:03.540983+00:00,18,Operating Systems,Deadlocks,Medium,17.0,0.35294117647058826,0.3333333333333333,0.0,0.5,0.5,0.5,0.0,0.0,0.5,0.5,0.0,168.0,0,0.335398,SYNTHETIC / SIMULATED — NOT REAL STUDENT DATA
S00021,2025-01-19T13:06:03.163567+00:00,19,DBMS,Keys,Medium,18.0,0.3333333333333333,0.5,1.0,1.0,1.0,1.0,50.76,0.0,1.0,1.0,0.0,178.48863860027777,0,0.58401,SYNTHETIC / SIMULATED — NOT REAL STUDENT DATA
S00021,2025-01-19T18:42:59.074130+00:00,20,Computer Networks,TCP,Medium,19.0,0.3684210526315789,0.5,1.0,1.0,1.0,1.0,41.48,0.0,0.5,1.0,0.0,152.83929565833333,0,0.249991,SYNTHETIC / SIMULATED — NOT REAL STUDENT DATA
S00021,2025-01-20T07:33:32.258098+00:00,21,Operating Systems,Synchronization,Easy,20.0,0.35,0.2857142857142857,0.0,0.5,0.5,0.5,0.0,0.0,0.5,0.5,0.0,168.0,0,0.39748,SYNTHETIC / SIMULATED — NOT REAL STUDENT DATA
S00021,2025-01-20T15:55:05.335902+00:00,22,Operating Systems,Synchronization,Easy,21.0,0.38095238095238093,0.375,1.0,1.0,1.0,1.0,40.19,0.0,1.0,1.0,0.0,8.359188278888888,0,0.399789,SYNTHETIC / SIMULATED — NOT REAL STUDENT DATA
S00021,2025-01-21T01:31:49.444947+00:00,23,Computer Networks,OSI,Medium,22.0,0.36363636363636365,0.42857142857142855,1.0,0.0,0.0,0.0,287.82,0.0,0.5,0.0,0.0,288.05947126,0,0.312275,SYNTHETIC / SIMULATED — NOT REAL STUDENT DATA
S00021,2025-01-21T14:52:07.648991+00:00,24,Computer Networks,OSI,Easy,23.0,0.34782608695652173,0.375,2.0,0.0,0.0,0.0,207.58499999999998,80.23500000000006,0.5,0.0,0.0,13.338390012222222,0,0.327974,SYNTHETIC / SIMULATED — NOT REAL STUDENT DATA
S00021,2025-01-22T13:15:28.446899+00:00,25,DSA,Strings,Easy,24.0,0.375,0.0,1.0,0.0,0.0,0.0,132.49,0.0,0.5,0.0,0.0,422.40473876361114,0,0.510745,SYNTHETIC / SIMULATED — NOT REAL STUDENT DATA
S00021,2025-01-23T13:50:22.407788+00:00,26,Operating Systems,CPU Scheduling,Medium,25.0,0.36,0.3333333333333333,0.0,0.5,0.5,0.5,0.0,0.0,0.5,0.5,0.0,168.0,0,0.318171,SYNTHETIC / SIMULATED — NOT REAL STUDENT DATA
S00021,2025-01-24T11:55:41.126587+00:00,27,DBMS,SQL,Easy,26.0,0.34615384615384615,0.6666666666666666,0.0,0.5,0.5,0.5,0.0,0.0,0.5,0.5,0.0,168.0,1,0.713252,SYNTHETIC / SIMULATED — NOT REAL STUDENT DATA
S00021,2025-01-25T02:09:25.547972+00:00,28,DSA,Strings,Easy,27.0,0.37037037037037035,0.0,2.0,0.0,0.0,0.0,91.38000000000001,41.11000000000001,0.0,0.0,0.0,60.8991947425,0,0.524021,SYNTHETIC / SIMULATED — NOT REAL STUDENT DATA
S00021,2025-01-25T21:28:24.029552+00:00,29,Computer Networks,IP Addressing,Medium,28.0,0.39285714285714285,0.4444444444444444,0.0,0.5,0.5,0.5,0.0,0.0,0.5,0.5,0.0,168.0,0,0.416917,SYNTHETIC / SIMULATED — NOT REAL STUDENT DATA
S00021,2025-01-26T10:19:01.969068+00:00,30,Operating Systems,Threads,Hard,29.0,0.3793103448275862,0.3,1.0,0.0,0.0,0.0,80.92,0.0,0.5,0.0,0.0,193.8315303586111,0,0.298573,SYNTHETIC / SIMULATED — NOT REAL STUDENT DATA
S00021,2025-01-27T00:50:15.032474+00:00,31,Software Engineering,Waterfall,Medium,30.0,0.36666666666666664,0.0,0.0,0.5,0.5,0.5,0.0,0.0,0.5,0.5,0.0,168.0,0,0.517533,SYNTHETIC / SIMULATED — NOT REAL STUDENT DATA
S00021,2025-01-27T21:00:47.461270+00:00,32,Operating Systems,I/O Management,Easy,31.0,0.3548387096774194,0.2727272727272727,1.0,0.0,0.0,0.0,167.54,0.0,0.5,0.0,0.0,268.1548685311111,0,0.215637,SYNTHETIC / SIMULATED — NOT REAL STUDENT DATA
S00021,2025-01-29T05:01:27.823683+00:00,33,Operating Systems,I/O Management,Easy,32.0,0.34375,0.25,2.0,0.0,0.0,0.0,141.82999999999998,25.710000000000036,0.0,0.0,0.0,32.01121178138889,0,0.23664,SYNTHETIC / SIMULATED — NOT REAL STUDENT DATA
S00021,2025-01-30T15:28:00.161338+00:00,34,DBMS,Relational Algebra,Hard,33.0,0.36363636363636365,0.75,0.0,0.5,0.5,0.5,0.0,0.0,0.5,0.5,0.0,168.0,0,0.486176,SYNTHETIC / SIMULATED — NOT REAL STUDENT DATA
S00021,2025-01-30T21:47:05.940474+00:00,35,Computer Networks,UDP,Easy,34.0,0.35294117647058826,0.4,0.0,0.5,0.5,0.5,0.0,0.0,0.5,0.5,0.0,168.0,0,0.333134,SYNTHETIC / SIMULATED — NOT REAL STUDENT DATA
S00021,2025-01-31T00:47:36.010234+00:00,36,DSA,Strings,Easy,35.0,0.34285714285714286,0.3333333333333333,3.0,0.3333333333333333,0.3333333333333333,0.3333333333333333,69.7,45.46133375371502,0.5,1.0,0.0,142.63623951722224,0,0.533774,SYNTHETIC / SIMULATED — NOT REAL STUDENT DATA
S00021,2025-02-01T11:31:15.651826+00:00,37,Computer Networks,Network Security,Easy,36.0,0.3611111111111111,0.36363636363636365,0.0,0.5,0.5,0.5,0.0,0.0,0.5,0.5,0.0,168.0,0,0.405749,SYNTHETIC / SIMULATED — NOT REAL STUDENT DATA
S00021,2025-02-02T05:37:46.030514+00:00,38,DBMS,Concurrency Control,Easy,37.0,0.3783783783783784,0.6,0.0,0.5,0.5,0.5,0.0,0.0,0.5,0.5,0.0,168.0,0,0.58988,SYNTHETIC / SIMULATED — NOT REAL STUDENT DATA
S00021,2025-02-03T14:24:21.754073+00:00,39,DSA,Trees,Easy,38.0,0.39473684210526316,0.5,0.0,0.5,0.5,0.5,0.0,0.0,0.5,0.5,0.0,168.0,1,0.806547,SYNTHETIC / SIMULATED — NOT REAL STUDENT DATA
S00021,2025-02-04T00:12:34.905144+00:00,40,Computer Networks,DNS,Hard,39.0,0.41025641025641024,0.4166666666666667,0.0,0.5,0.5,0.5,0.0,0.0,0.5,0.5,0.0,168.0,0,0.359664,SYNTHETIC / SIMULATED — NOT REAL STUDENT DATA
S00021,2025-02-04T03:24:06.928949+00:00,41,Software Engineering,Testing,Hard,40.0,0.4,0.0,0.0,0.5,0.5,0.5,0.0,0.0,0.5,0.5,0.0,168.0,0,0.453005,SYNTHETIC / SIMULATED — NOT REAL STUDENT DATA
S00021,2025-02-04T07:29:43.818911+00:00,42,Computer Networks,DHCP,Medium,41.0,0.3902439024390244,0.38461538461538464,1.0,0.0,0.0,0.0,90.76,0.0,0.0,0.0,0.0,419.9842978672222,0,0.165693,SYNTHETIC / SIMULATED — NOT REAL STUDENT DATA
S00021,2025-02-04T14:31:32.634360+00:00,43,Computer Networks,IP Addressing,Medium,42.0,0.38095238095238093,0.35714285714285715,1.0,0.0,0.0,0.0,159.9,0.0,0.0,0.0,0.0,233.05239022444445,0,0.419748,SYNTHETIC / SIMULATED — NOT REAL STUDENT DATA
S00021,2025-02-05T17:49:10.168554+00:00,44,Operating Systems,Memory Management,Easy,43.0,0.37209302325581395,0.3076923076923077,0.0,0.5,0.5,0.5,0.0,0.0,0.5,0.5,0.0,168.0,1,0.733218,SYNTHETIC / SIMULATED — NOT REAL STUDENT DATA
S00021,2025-02-07T02:56:00.702335+00:00,45,DBMS,Indexing,Medium,44.0,0.38636363636363635,0.6666666666666666,0.0,0.5,0.5,0.5,0.0,0.0,0.5,0.5,0.0,168.0,0,0.339102,SYNTHETIC / SIMULATED — NOT REAL STUDENT DATA
S00021,2025-02-08T10:02:46.781070+00:00,46,DSA,Graphs,Easy,45.0,0.37777777777777777,0.6,0.0,0.5,0.5,0.5,0.0,0.0,0.5,0.5,0.0,168.0,1,0.707395,SYNTHETIC / SIMULATED — NOT REAL STUDENT DATA
S00021,2025-02-09T13:09:28.220016+00:00,47,DBMS,Normalization,Easy,46.0,0.391304347826087,0.5714285714285714,0.0,0.5,0.5,0.5,0.0,0.0,0.5,0.5,0.0,168.0,0,0.639148,SYNTHETIC / SIMULATED — NOT REAL STUDENT DATA
S00021,2025-02-11T02:41:59.921180+00:00,48,Computer Networks,TCP/IP,Medium,47.0,0.3829787234042553,0.3333333333333333,1.0,0.0,0.0,0.0,78.52,0.0,0.5,0.0,0.0,720.0,0,0.135144,SYNTHETIC / SIMULATED — NOT REAL STUDENT DATA
S00021,2025-02-12T02:48:10.392449+00:00,49,DSA,Graphs,Medium,48.0,0.375,0.6666666666666666,1.0,1.0,1.0,1.0,43.67,0.0,0.5,1.0,0.0,88.7565587163889,1,0.711239,SYNTHETIC / SIMULATED — NOT REAL STUDENT DATA
S00021,2025-02-12T13:35:30.068131+00:00,50,Software Engineering,UML,Hard,49.0,0.3673469387755102,0.0,0.0,0.5,0.5,0.5,0.0,0.0,0.5,0.5,0.0,168.0,0,0.665545,SYNTHETIC / SIMULATED — NOT REAL STUDENT DATA
S00021,2025-02-13T21:00:33.477245+00:00,51,Computer Networks,HTTP,Easy,50.0,0.38,0.3125,0.0,0.5,0.5,0.5,0.0,0.0,0.5,0.5,0.0,168.0,0,0.377211,SYNTHETIC / SIMULATED — NOT REAL STUDENT DATA
S00021,2025-02-15T05:55:19.051597+00:00,52,Computer Networks,TCP/IP,Easy,51.0,0.39215686274509803,0.35294117647058826,2.0,0.0,0.0,0.0,148.17,69.65,0.0,0.0,0.0,99.22198067138888,0,0.158601,SYNTHETIC / SIMULATED — NOT REAL STUDENT DATA
S00021,2025-02-16T13:10:45.477158+00:00,53,Software Engineering,Agile,Hard,52.0,0.40384615384615385,0.2,0.0,0.5,0.5,0.5,0.0,0.0,0.5,0.5,0.0,168.0,0,0.434739,SYNTHETIC / SIMULATED — NOT REAL STUDENT DATA
S00021,2025-02-17T11:13:08.814796+00:00,54,Computer Networks,DHCP,Easy,53.0,0.39622641509433965,0.3888888888888889,2.0,0.0,0.0,0.0,105.945,15.185000000000077,0.5,0.0,0.0,315.7236099680556,0,0.188624,SYNTHETIC / SIMULATED — NOT REAL STUDENT DATA
S00021,2025-02-18T08:48:06.776280+00:00,55,DBMS,ER Model,Medium,54.0,0.4074074074074074,0.5,0.0,0.5,0.5,0.5,0.0,0.0,0.5,0.5,0.0,168.0,0,0.459986,SYNTHETIC / SIMULATED — NOT REAL STUDENT DATA
S00021,2025-02-18T17:39:48.609383+00:00,56,Software Engineering,Design Patterns,Easy,55.0,0.4,0.16666666666666666,0.0,0.5,0.5,0.5,0.0,0.0,0.5,0.5,0.0,168.0,1,0.70226,SYNTHETIC / SIMULATED — NOT REAL STUDENT DATA
S00021,2025-02-19T20:23:10.302583+00:00,57,Computer Networks,TCP,Hard,56.0,0.39285714285714285,0.42105263157894735,2.0,0.5,0.5,0.5,86.94,45.46000000000002,0.5,0.0,0.0,720.0,0,0.277637,SYNTHETIC / SIMULATED — NOT REAL STUDENT DATA
S00021,2025-02-21T07:11:01.552091+00:00,58,Computer Networks,UDP,Hard,57.0,0.40350877192982454,0.45,1.0,0.0,0.0,0.0,38.41,0.0,0.5,0.0,0.0,513.3987810047222,0,0.339148,SYNTHETIC / SIMULATED — NOT REAL STUDENT DATA
S00021,2025-02-22T14:38:10.820257+00:00,59,Computer Networks,Routing,Hard,58.0,0.39655172413793105,0.42857142857142855,2.0,1.0,1.0,1.0,138.97,90.56,0.5,1.0,0.0,720.0,0,0.268213,SYNTHETIC / SIMULATED — NOT REAL STUDENT DATA
S00021,2025-02-23T16:01:25.387202+00:00,60,DBMS,Relational Algebra,Easy,59.0,0.3898305084745763,0.4444444444444444,1.0,0.0,0.0,0.0,228.41,0.0,0.5,0.0,0.0,576.5570071844444,0,0.48645,SYNTHETIC / SIMULATED — NOT REAL STUDENT DATA
S00022,2025-01-02T16:59:35.297476+00:00,1,Operating Systems,Processes,Easy,0.0,0.5,0.5,0.0,0.5,0.5,0.5,0.0,0.0,0.5,0.5,0.0,168.0,1,0.78432,SYNTHETIC / SIMULATED — NOT REAL STUDENT DATA
S00022,2025-01-03T05:18:19.631291+00:00,2,Computer Networks,TCP,Hard,1.0,0.0,0.5,0.0,0.5,0.5,0.5,0.0,0.0,0.5,0.5,0.0,168.0,0,0.507399,SYNTHETIC / SIMULATED — NOT REAL STUDENT DATA
S00022,2025-01-04T08:10:37.746409+00:00,3,Operating Systems,Memory Management,Medium,2.0,0.0,0.0,0.0,0.5,0.5,0.5,0.0,0.0,0.5,0.5,0.0,168.0,1,0.88858,SYNTHETIC / SIMULATED — NOT REAL STUDENT DATA
S00022,2025-01-05T07:31:26.045047+00:00,4,Operating Systems,Memory Management,Hard,3.0,0.3333333333333333,0.5,1.0,1.0,1.0,1.0,25.31,0.0,0.5,1.0,0.0,23.346749621666664,1,0.892457,SYNTHETIC / SIMULATED — NOT REAL STUDENT DATA
S00022,2025-01-05T19:32:49.152364+00:00,5,DBMS,ER Model,Easy,4.0,0.25,0.5,0.0,0.5,0.5,0.5,0.0,0.0,0.5,0.5,0.0,168.0,1,0.730497,SYNTHETIC / SIMULATED — NOT REAL STUDENT DATA
S00022,2025-01-06T20:54:20.257271+00:00,6,DBMS,Normalization,Hard,5.0,0.4,1.0,0.0,0.5,0.5,0.5,0.0,0.0,0.5,0.5,0.0,168.0,1,0.922086,SYNTHETIC / SIMULATED — NOT REAL STUDENT DATA
S00022,2025-01-07T14:10:02.530481+00:00,7,Software Engineering,Software Quality,Medium,6.0,0.5,0.5,0.0,0.5,0.5,0.5,0.0,0.0,0.5,0.5,0.0,168.0,0,0.237214,SYNTHETIC / SIMULATED — NOT REAL STUDENT DATA
S00022,2025-01-08T14:24:17.943255+00:00,8,Computer Networks,UDP,Easy,7.0,0.42857142857142855,0.0,0.0,0.5,0.5,0.5,0.0,0.0,0.5,0.5,0.0,168.0,0,0.544735,SYNTHETIC / SIMULATED — NOT REAL STUDENT DATA
S00022,2025-01-10T03:43:08.678056+00:00,9,Computer Networks,DHCP,Medium,8.0,0.5,0.5,0.0,0.5,0.5,0.5,0.0,0.0,0.5,0.5,0.0,168.0,0,0.55943,SYNTHETIC / SIMULATED — NOT REAL STUDENT DATA
S00022,2025-01-11T11:10:25.175407+00:00,10,DSA,Graphs,Easy,9.0,0.4444444444444444,0.5,0.0,0.5,0.5,0.5,0.0,0.0,0.5,0.5,0.0,168.0,0,0.355498,SYNTHETIC / SIMULATED — NOT REAL STUDENT DATA
S00022,2025-01-12T15:29:10.949374+00:00,11,DSA,Strings,Easy,10.0,0.4,0.0,0.0,0.5,0.5,0.5,0.0,0.0,0.5,0.5,0.0,168.0,0,0.305248,SYNTHETIC / SIMULATED — NOT REAL STUDENT DATA
S00022,2025-01-13T17:48:19.463973+00:00,12,Software Engineering,Testing,Easy,11.0,0.36363636363636365,0.0,0.0,0.5,0.5,0.5,0.0,0.0,0.5,0.5,0.0,168.0,0,0.381877,SYNTHETIC / SIMULATED — NOT REAL STUDENT DATA
S00022,2025-01-15T06:50:10.798722+00:00,13,Computer Networks,HTTP,Hard,12.0,0.4166666666666667,0.3333333333333333,0.0,0.5,0.5,0.5,0.0,0.0,0.5,0.5,0.0,168.0,0,0.497266,SYNTHETIC / SIMULATED — NOT REAL STUDENT DATA
S00022,2025-01-15T20:32:45.077081+00:00,14,Software Engineering,Agile,Medium,13.0,0.38461538461538464,0.5,0.0,0.5,0.5,0.5,0.0,0.0,0.5,0.5,0.0,168.0,0,0.357824,SYNTHETIC / SIMULATED — NOT REAL STUDENT DATA
S00022,2025-01-16T15:35:50.174252+00:00,15,Software Engineering,Git/Version Control,Easy,14.0,0.35714285714285715,0.3333333333333333,0.0,0.5,0.5,0.5,0.0,0.0,0.5,0.5,0.0,168.0,0,0.409716,SYNTHETIC / SIMULATED — NOT REAL STUDENT DATA
S00022,2025-01-18T02:00:37.069009+00:00,16,Software Engineering,Git/Version Control,Easy,15.0,0.4,0.5,1.0,1.0,1.0,1.0,69.23,0.0,1.0,1.0,0.0,34.41302632138889,0,0.41449,SYNTHETIC / SIMULATED — NOT REAL STUDENT DATA
S00022,2025-01-18T14:46:07.503156+00:00,17,Software Engineering,SDLC,Medium,16.0,0.375,0.4,0.0,0.5,0.5,0.5,0.0,0.0,0.5,0.5,0.0,168.0,0,0.622806,SYNTHETIC / SIMULATED — NOT REAL STUDENT DATA
S00022,2025-01-19T22:50:59.679154+00:00,18,Software Engineering,Project Management,Hard,17.0,0.35294117647058826,0.3333333333333333,0.0,0.5,0.5,0.5,0.0,0.0,0.5,0.5,0.0,168.0,0,0.553148,SYNTHETIC / SIMULATED — NOT REAL STUDENT DATA
S00022,2025-01-21T10:16:23.577421+00:00,19,DBMS,Transactions,Hard,18.0,0.3888888888888889,1.0,0.0,0.5,0.5,0.5,0.0,0.0,0.5,0.5,0.0,168.0,0,0.626675,SYNTHETIC / SIMULATED — NOT REAL STUDENT DATA
S00022,2025-01-22T20:54:31.574702+00:00,20,DSA,Graphs,Easy,19.0,0.3684210526315789,0.0,1.0,0.0,0.0,0.0,48.24,0.0,0.0,0.0,0.0,273.7351109152778,0,0.374878,SYNTHETIC / SIMULATED — NOT REAL STUDENT DATA
S00022,2025-01-23T12:33:49.544482+00:00,21,Computer Networks,IP Addressing,Medium,20.0,0.4,0.25,0.0,0.5,0.5,0.5,0.0,0.0,0.5,0.5,0.0,168.0,0,0.580586,SYNTHETIC / SIMULATED — NOT REAL STUDENT DATA
S00022,2025-01-24T06:37:38.133614+00:00,22,Software Engineering,SRS,Easy,21.0,0.42857142857142855,0.42857142857142855,0.0,0.5,0.5,0.5,0.0,0.0,0.5,0.5,0.0,168.0,0,0.441347,SYNTHETIC / SIMULATED — NOT REAL STUDENT DATA
S00022,2025-01-25T14:50:33.899467+00:00,23,Software Engineering,Design Patterns,Medium,22.0,0.45454545454545453,0.5,0.0,0.5,0.5,0.5,0.0,0.0,0.5,0.5,0.0,168.0,0,0.613132,SYNTHETIC / SIMULATED — NOT REAL STUDENT DATA
S00022,2025-01-26T08:48:02.400548+00:00,24,Software Engineering,UML,Easy,23.0,0.4782608695652174,0.5555555555555556,0.0,0.5,0.5,0.5,0.0,0.0,0.5,0.5,0.0,168.0,0,0.221143,SYNTHETIC / SIMULATED — NOT REAL STUDENT DATA
S00022,2025-01-27T08:35:27.433347+00:00,25,Computer Networks,UDP,Hard,24.0,0.5,0.4,1.0,1.0,1.0,1.0,63.23,0.0,0.5,1.0,0.0,450.18596947,0,0.559142,SYNTHETIC / SIMULATED — NOT REAL STUDENT DATA
S00022,2025-01-28T11:56:18.928356+00:00,26,DSA,Strings,Easy,25.0,0.52,0.3333333333333333,1.0,0.0,0.0,0.0,58.04,0.0,0.0,0.0,0.0,380.45221638388887,0,0.310985,SYNTHETIC / SIMULATED — NOT REAL STUDENT DATA
S00022,2025-01-29T14:33:28.174132+00:00,27,DBMS,DBMS Basics,Easy,26.0,0.5,0.6666666666666666,0.0,0.5,0.5,0.5,0.0,0.0,0.5,0.5,0.0,168.0,1,0.978459,SYNTHETIC / SIMULATED — NOT REAL STUDENT DATA
S00022,2025-01-29T23:34:05.628460+00:00,28,DBMS,ER Model,Medium,27.0,0.5185185185185185,0.75,1.0,1.0,1.0,1.0,34.36,0.0,0.5,1.0,0.0,580.02124336,1,0.735801,SYNTHETIC / SIMULATED — NOT REAL STUDENT DATA
S00022,2025-01-30T08:01:19.220137+00:00,29,DSA,Graphs,Medium,28.0,0.5357142857142857,0.25,2.0,0.5,0.5,0.5,57.745000000000005,9.50499999999998,0.5,1.0,0.0,179.11323484305555,0,0.380306,SYNTHETIC / SIMULATED — NOT REAL STUDENT DATA
S00022,2025-01-30T22:46:54.479538+00:00,30,Software Engineering,Design Patterns,Medium,29.0,0.5172413793103449,0.6,1.0,1.0,1.0,1.0,115.61,0.0,1.0,1.0,0.0,127.93905001972222,0,0.620407,SYNTHETIC / SIMULATED — NOT REAL STUDENT DATA
S00022,2025-02-01T07:22:44.723949+00:00,31,Computer Networks,DHCP,Medium,30.0,0.5,0.5,1.0,0.0,0.0,0.0,109.63,0.0,0.0,0.0,0.0,531.6600127480556,0,0.560946,SYNTHETIC / SIMULATED — NOT REAL STUDENT DATA
S00022,2025-02-01T21:32:10.403723+00:00,32,Computer Networks,OSI,Hard,31.0,0.4838709677419355,0.42857142857142855,0.0,0.5,0.5,0.5,0.0,0.0,0.5,0.5,0.0,168.0,0,0.362082,SYNTHETIC / SIMULATED — NOT REAL STUDENT DATA
S00022,2025-02-02T21:46:00.556737+00:00,33,Software Engineering,Git/Version Control,Hard,32.0,0.46875,0.5454545454545454,2.0,0.5,0.5,0.5,67.605,1.625,0.5,0.0,0.0,379.75652436888885,0,0.417816,SYNTHETIC / SIMULATED — NOT REAL STUDENT DATA
S00022,2025-02-04T11:21:23.146926+00:00,34,Operating Systems,CPU Scheduling,Easy,33.0,0.45454545454545453,0.3333333333333333,0.0,0.5,0.5,0.5,0.0,0.0,0.5,0.5,0.0,168.0,1,0.945459,SYNTHETIC / SIMULATED — NOT REAL STUDENT DATA
S00022,2025-02-04T18:25:55.132607+00:00,35,DSA,Trees,Easy,34.0,0.47058823529411764,0.2,0.0,0.5,0.5,0.5,0.0,0.0,0.5,0.5,0.0,168.0,0,0.437272,SYNTHETIC / SIMULATED — NOT REAL STUDENT DATA
S00022,2025-02-05T15:03:10.143013+00:00,36,Operating Systems,Paging,Easy,35.0,0.4857142857142857,0.5,0.0,0.5,0.5,0.5,0.0,0.0,0.5,0.5,0.0,168.0,0,0.691735,SYNTHETIC / SIMULATED — NOT REAL STUDENT DATA
S00022,2025-02-06T04:49:15.445629+00:00,37,Software Engineering,Software Quality,Easy,36.0,0.5,0.5,1.0,0.0,0.0,0.0,154.26,0.0,0.5,0.0,0.0,710.653587541111,0,0.262066,SYNTHETIC / SIMULATED — NOT REAL STUDENT DATA
S00022,2025-02-07T11:41:53.237139+00:00,38,DBMS,Relational Algebra,Medium,37.0,0.5135135135135135,0.8,0.0,0.5,0.5,0.5,0.0,0.0,0.5,0.5,0.0,168.0,0,0.684682,SYNTHETIC / SIMULATED — NOT REAL STUDENT DATA
S00022,2025-02-08T08:45:25.635358+00:00,39,DBMS,Joins,Medium,38.0,0.5263157894736842,0.8333333333333334,0.0,0.5,0.5,0.5,0.0,0.0,0.5,0.5,0.0,168.0,1,0.865506,SYNTHETIC / SIMULATED — NOT REAL STUDENT DATA
S00022,2025-02-09T18:21:23.832793+00:00,40,Operating Systems,I/O Management,Medium,39.0,0.5384615384615384,0.6,0.0,0.5,0.5,0.5,0.0,0.0,0.5,0.5,0.0,168.0,1,0.86266,SYNTHETIC / SIMULATED — NOT REAL STUDENT DATA
S00022,2025-02-10T13:07:55.865827+00:00,41,Operating Systems,Security,Medium,40.0,0.55,0.6666666666666666,0.0,0.5,0.5,0.5,0.0,0.0,0.5,0.5,0.0,168.0,1,0.863157,SYNTHETIC / SIMULATED — NOT REAL STUDENT DATA
S00022,2025-02-11T15:38:58.156983+00:00,42,Computer Networks,IP Addressing,Medium,41.0,0.5609756097560976,0.375,1.0,1.0,1.0,1.0,100.07,0.0,1.0,1.0,0.0,459.0857256947222,0,0.582706,SYNTHETIC / SIMULATED — NOT REAL STUDENT DATA
S00022,2025-02-13T03:27:10.058274+00:00,43,DBMS,Indexing,Medium,42.0,0.5476190476190477,0.8571428571428571,0.0,0.5,0.5,0.5,0.0,0.0,0.5,0.5,0.0,168.0,1,0.783238,SYNTHETIC / SIMULATED — NOT REAL STUDENT DATA
S00022,2025-02-13T09:21:16.245182+00:00,44,DBMS,Transactions,Easy,43.0,0.5581395348837209,0.875,1.0,0.0,0.0,0.0,129.61,0.0,0.5,0.0,0.0,551.0812966002778,0,0.638194,SYNTHETIC / SIMULATED — NOT REAL STUDENT DATA
S00022,2025-02-14T19:44:05.856877+00:00,45,DSA,Dynamic Programming,Medium,44.0,0.5681818181818182,0.3333333333333333,0.0,0.5,0.5,0.5,0.0,0.0,0.5,0.5,0.0,168.0,0,0.331718,SYNTHETIC / SIMULATED — NOT REAL STUDENT DATA
S00022,2025-02-16T04:49:09.206019+00:00,46,DSA,Arrays,Easy,45.0,0.5555555555555556,0.2857142857142857,0.0,0.5,0.5,0.5,0.0,0.0,0.5,0.5,0.0,168.0,0,0.621145,SYNTHETIC / SIMULATED — NOT REAL STUDENT DATA
S00022,2025-02-17T17:42:21.149730+00:00,47,Software Engineering,Testing,Medium,46.0,0.5652173913043478,0.5384615384615384,1.0,1.0,1.0,1.0,72.44,0.0,0.5,1.0,0.0,720.0,0,0.388981,SYNTHETIC / SIMULATED — NOT REAL STUDENT DATA
S00022,2025-02-18T16:19:16.237691+00:00,48,DSA,Heap,Hard,47.0,0.5531914893617021,0.375,0.0,0.5,0.5,0.5,0.0,0.0,0.5,0.5,0.0,168.0,0,0.346741,SYNTHETIC / SIMULATED — NOT REAL STUDENT DATA
S00022,2025-02-19T22:13:49.914605+00:00,49,Software Engineering,UML,Easy,48.0,0.5416666666666666,0.5,1.0,1.0,1.0,1.0,55.93,0.0,1.0,1.0,0.0,589.4298650158333,0,0.242209,SYNTHETIC / SIMULATED — NOT REAL STUDENT DATA
S00022,2025-02-21T05:15:21.316533+00:00,50,Software Engineering,Git/Version Control,Easy,49.0,0.5510204081632653,0.5333333333333333,3.0,0.3333333333333333,0.3333333333333333,0.3333333333333333,93.71999999999998,36.95601259154819,0.5,0.0,0.0,439.4890999433334,0,0.43686,SYNTHETIC / SIMULATED — NOT REAL STUDENT DATA
S00022,2025-02-22T13:01:42.700168+00:00,51,DSA,Strings,Easy,50.0,0.56,0.3333333333333333,2.0,0.0,0.0,0.0,55.59,2.4500000000000113,0.0,0.0,0.0,601.0899366144444,0,0.313328,SYNTHETIC / SIMULATED — NOT REAL STUDENT DATA
S00022,2025-02-23T03:51:28.753340+00:00,52,DSA,Hashing,Easy,51.0,0.5490196078431373,0.3,0.0,0.5,0.5,0.5,0.0,0.0,0.5,0.5,0.0,168.0,0,0.365002,SYNTHETIC / SIMULATED — NOT REAL STUDENT DATA
S00022,2025-02-24T08:00:42.885744+00:00,53,DSA,Heap,Medium,52.0,0.5576923076923077,0.36363636363636365,1.0,0.0,0.0,0.0,250.79,0.0,0.5,0.0,0.0,135.69073557027778,0,0.35007,SYNTHETIC / SIMULATED — NOT REAL STUDENT DATA
S00022,2025-02-25T20:56:02.100611+00:00,54,DSA,Stack & Queue,Medium,53.0,0.5471698113207547,0.3333333333333333,0.0,0.5,0.5,0.5,0.0,0.0,0.5,0.5,0.0,168.0,0,0.396411,SYNTHETIC / SIMULATED — NOT REAL STUDENT DATA
S00022,2025-02-26T08:13:55.124873+00:00,55,DSA,Linked Lists,Easy,54.0,0.5555555555555556,0.38461538461538464,0.0,0.5,0.5,0.5,0.0,0.0,0.5,0.5,0.0,168.0,0,0.294533,SYNTHETIC / SIMULATED — NOT REAL STUDENT DATA
S00022,2025-02-26T16:20:42.456962+00:00,56,DBMS,Normalization,Easy,55.0,0.5636363636363636,0.8888888888888888,1.0,1.0,1.0,1.0,101.42,0.0,0.5,1.0,0.0,720.0,1,0.92398,SYNTHETIC / SIMULATED — NOT REAL STUDENT DATA
S00022,2025-02-28T06:03:21.206718+00:00,57,Operating Systems,Security,Hard,56.0,0.5714285714285714,0.7142857142857143,1.0,1.0,1.0,1.0,41.02,0.0,0.5,1.0,0.0,424.9237058030556,1,0.864795,SYNTHETIC / SIMULATED — NOT REAL STUDENT DATA
S00022,2025-03-01T05:53:14.423379+00:00,58,Operating Systems,File Systems,Easy,57.0,0.5614035087719298,0.625,0.0,0.5,0.5,0.5,0.0,0.0,0.5,0.5,0.0,168.0,1,0.883677,SYNTHETIC / SIMULATED — NOT REAL STUDENT DATA
S00022,2025-03-01T21:41:57.254176+00:00,59,DBMS,Joins,Easy,58.0,0.5689655172413793,0.9,1.0,1.0,1.0,1.0,92.7,0.0,0.5,1.0,0.0,516.9421163383333,1,0.871105,SYNTHETIC / SIMULATED — NOT REAL STUDENT DATA
S00022,2025-03-03T05:53:35.249703+00:00,60,Computer Networks,HTTP,Medium,59.0,0.576271186440678,0.3333333333333333,1.0,0.0,0.0,0.0,195.29,0.0,0.5,0.0,0.0,720.0,0,0.499807,SYNTHETIC / SIMULATED — NOT REAL STUDENT DATA
S00023,2025-01-03T22:07:48.307448+00:00,1,DSA,Hashing,Medium,0.0,0.5,0.5,0.0,0.5,0.5,0.5,0.0,0.0,0.5,0.5,0.0,168.0,0,0.477386,SYNTHETIC / SIMULATED — NOT REAL STUDENT DATA
S00023,2025-01-04T20:38:27.891842+00:00,2,Operating Systems,CPU Scheduling,Medium,1.0,0.0,0.5,0.0,0.5,0.5,0.5,0.0,0.0,0.5,0.5,0.0,168.0,0,0.466114,SYNTHETIC / SIMULATED — NOT REAL STUDENT DATA
S00023,2025-01-05T21:17:49.560812+00:00,3,DBMS,Normalization,Medium,2.0,0.5,0.5,0.0,0.5,0.5,0.5,0.0,0.0,0.5,0.5,0.0,168.0,0,0.550129,SYNTHETIC / SIMULATED — NOT REAL STUDENT DATA
S00023,2025-01-07T09:42:41.902256+00:00,4,Operating Systems,Threads,Hard,3.0,0.3333333333333333,1.0,0.0,0.5,0.5,0.5,0.0,0.0,0.5,0.5,0.0,168.0,0,0.429821,SYNTHETIC / SIMULATED — NOT REAL STUDENT DATA
S00023,2025-01-08T00:45:28.657658+00:00,5,Operating Systems,File Systems,Hard,4.0,0.5,1.0,0.0,0.5,0.5,0.5,0.0,0.0,0.5,0.5,0.0,168.0,0,0.497714,SYNTHETIC / SIMULATED — NOT REAL STUDENT DATA
S00023,2025-01-09T10:57:15.046321+00:00,6,Software Engineering,SDLC,Easy,5.0,0.4,0.5,0.0,0.5,0.5,0.5,0.0,0.0,0.5,0.5,0.0,168.0,0,0.197442,SYNTHETIC / SIMULATED — NOT REAL STUDENT DATA
S00023,2025-01-10T08:36:44.494084+00:00,7,DBMS,Indexing,Easy,6.0,0.3333333333333333,0.0,0.0,0.5,0.5,0.5,0.0,0.0,0.5,0.5,0.0,168.0,0,0.435526,SYNTHETIC / SIMULATED — NOT REAL STUDENT DATA
S00023,2025-01-11T15:52:12.400113+00:00,8,Software Engineering,Agile,Medium,7.0,0.2857142857142857,0.0,0.0,0.5,0.5,0.5,0.0,0.0,0.5,0.5,0.0,168.0,0,0.340035,SYNTHETIC / SIMULATED — NOT REAL STUDENT DATA
S00023,2025-01-13T00:12:10.730652+00:00,9,Computer Networks,IP Addressing,Easy,8.0,0.375,0.5,0.0,0.5,0.5,0.5,0.0,0.0,0.5,0.5,0.0,168.0,0,0.604364,SYNTHETIC / SIMULATED — NOT REAL STUDENT DATA
S00023,2025-01-14T10:41:39.506647+00:00,10,Software Engineering,Project Management,Easy,9.0,0.4444444444444444,0.5,0.0,0.5,0.5,0.5,0.0,0.0,0.5,0.5,0.0,168.0,0,0.465151,SYNTHETIC / SIMULATED — NOT REAL STUDENT DATA
S00023,2025-01-14T18:39:54.917679+00:00,11,Operating Systems,I/O Management,Easy,10.0,0.4,0.6666666666666666,0.0,0.5,0.5,0.5,0.0,0.0,0.5,0.5,0.0,168.0,0,0.431703,SYNTHETIC / SIMULATED — NOT REAL STUDENT DATA
S00023,2025-01-16T00:51:40.308190+00:00,12,Computer Networks,HTTP,Hard,11.0,0.36363636363636365,1.0,0.0,0.5,0.5,0.5,0.0,0.0,0.5,0.5,0.0,168.0,0,0.240261,SYNTHETIC / SIMULATED — NOT REAL STUDENT DATA
S00023,2025-01-16T08:35:28.276025+00:00,13,DSA,Stack & Queue,Easy,12.0,0.3333333333333333,0.0,0.0,0.5,0.5,0.5,0.0,0.0,0.5,0.5,0.0,168.0,0,0.594891,SYNTHETIC / SIMULATED — NOT REAL STUDENT DATA
S00023,2025-01-17T18:46:18.686615+00:00,14,DBMS,ER Model,Hard,13.0,0.3076923076923077,0.0,0.0,0.5,0.5,0.5,0.0,0.0,0.5,0.5,0.0,168.0,0,0.539796,SYNTHETIC / SIMULATED — NOT REAL STUDENT DATA
S00023,2025-01-19T05:21:44.288072+00:00,15,DSA,Recursion,Medium,14.0,0.35714285714285715,0.0,0.0,0.5,0.5,0.5,0.0,0.0,0.5,0.5,0.0,168.0,0,0.324676,SYNTHETIC / SIMULATED — NOT REAL STUDENT DATA
S00023,2025-01-20T07:07:00.160369+00:00,16,Software Engineering,SDLC,Medium,15.0,0.3333333333333333,0.3333333333333333,1.0,0.0,0.0,0.0,64.3,0.0,0.5,0.0,0.0,260.16253168,0,0.204679,SYNTHETIC / SIMULATED — NOT REAL STUDENT DATA
S00023,2025-01-21T17:17:49.604146+00:00,17,Operating Systems,Synchronization,Medium,16.0,0.3125,0.5,0.0,0.5,0.5,0.5,0.0,0.0,0.5,0.5,0.0,168.0,0,0.164033,SYNTHETIC / SIMULATED — NOT REAL STUDENT DATA
S00023,2025-01-22T14:28:45.736161+00:00,18,Operating Systems,Memory Management,Hard,17.0,0.29411764705882354,0.4,0.0,0.5,0.5,0.5,0.0,0.0,0.5,0.5,0.0,168.0,0,0.547125,SYNTHETIC / SIMULATED — NOT REAL STUDENT DATA
S00023,2025-01-23T14:01:56.152738+00:00,19,Software Engineering,Software Quality,Hard,18.0,0.2777777777777778,0.25,0.0,0.5,0.5,0.5,0.0,0.0,0.5,0.5,0.0,168.0,0,0.193416,SYNTHETIC / SIMULATED — NOT REAL STUDENT DATA
S00023,2025-01-24T13:38:02.540042+00:00,20,Computer Networks,HTTP,Medium,19.0,0.2631578947368421,0.5,1.0,0.0,0.0,0.0,179.14,0.0,0.5,0.0,0.0,204.77284218111112,0,0.270199,SYNTHETIC / SIMULATED — NOT REAL STUDENT DATA
S00023,2025-01-26T03:12:54.116698+00:00,21,Software Engineering,Software Quality,Easy,20.0,0.3,0.2,1.0,0.0,0.0,0.0,309.47,0.0,0.5,0.0,0.0,61.182767766666664,0,0.215328,SYNTHETIC / SIMULATED — NOT REAL STUDENT DATA
S00023,2025-01-27T16:46:03.548971+00:00,22,Operating Systems,File Systems,Medium,21.0,0.3333333333333333,0.3333333333333333,1.0,0.0,0.0,0.0,100.6,0.0,0.5,0.0,0.0,472.00969203138885,0,0.504888,SYNTHETIC / SIMULATED — NOT REAL STUDENT DATA
S00023,2025-01-28T17:19:33.950565+00:00,23,Software Engineering,UML,Easy,22.0,0.3181818181818182,0.3333333333333333,0.0,0.5,0.5,0.5,0.0,0.0,0.5,0.5,0.0,168.0,0,0.295659,SYNTHETIC / SIMULATED — NOT REAL STUDENT DATA
S00023,2025-01-29T14:04:19.994648+00:00,24,Operating Systems,Threads,Medium,23.0,0.34782608695652173,0.2857142857142857,1.0,1.0,1.0,1.0,180.7,0.0,0.5,1.0,0.0,532.36058122,0,0.451907,SYNTHETIC / SIMULATED — NOT REAL STUDENT DATA
S00023,2025-01-30T06:08:58.224734+00:00,25,Software Engineering,Project Management,Medium,24.0,0.375,0.42857142857142855,1.0,0.0,0.0,0.0,53.65,0.0,0.5,0.0,0.0,379.4551994686111,0,0.468649,SYNTHETIC / SIMULATED — NOT REAL STUDENT DATA
S00023,2025-01-31T05:47:07.613624+00:00,26,Software Engineering,Design Patterns,Hard,25.0,0.36,0.375,0.0,0.5,0.5,0.5,0.0,0.0,0.5,0.5,0.0,168.0,0,0.056849,SYNTHETIC / SIMULATED — NOT REAL STUDENT DATA
S00023,2025-01-31T19:34:12.701169+00:00,27,Operating Systems,Synchronization,Medium,26.0,0.34615384615384615,0.375,1.0,0.0,0.0,0.0,120.93,0.0,0.0,0.0,0.0,242.2730825063889,0,0.198681,SYNTHETIC / SIMULATED — NOT REAL STUDENT DATA
S00023,2025-02-01T05:25:14.458283+00:00,28,DBMS,Transactions,Medium,27.0,0.37037037037037035,0.3333333333333333,0.0,0.5,0.5,0.5,0.0,0.0,0.5,0.5,0.0,168.0,0,0.661706,SYNTHETIC / SIMULATED — NOT REAL STUDENT DATA
S00023,2025-02-02T00:24:24.020028+00:00,29,Software Engineering,SDLC,Easy,28.0,0.39285714285714285,0.3333333333333333,2.0,0.0,0.0,0.0,93.52,29.22000000000003,0.0,0.0,0.0,305.28996101638893,0,0.229128,SYNTHETIC / SIMULATED — NOT REAL STUDENT DATA
S00023,2025-02-03T00:25:02.441183+00:00,30,DBMS,DBMS Basics,Medium,29.0,0.41379310344827586,0.5,0.0,0.5,0.5,0.5,0.0,0.0,0.5,0.5,0.0,168.0,0,0.385179,SYNTHETIC / SIMULATED — NOT REAL STUDENT DATA
S00023,2025-02-03T12:57:49.598778+00:00,31,DBMS,Relational Algebra,Easy,30.0,0.4,0.4,0.0,0.5,0.5,0.5,0.0,0.0,0.5,0.5,0.0,168.0,0,0.415448,SYNTHETIC / SIMULATED — NOT REAL STUDENT DATA
S00023,2025-02-03T21:18:19.004326+00:00,32,Computer Networks,Network Security,Hard,31.0,0.41935483870967744,0.6666666666666666,0.0,0.5,0.5,0.5,0.0,0.0,0.5,0.5,0.0,168.0,0,0.431765,SYNTHETIC / SIMULATED — NOT REAL STUDENT DATA
S00023,2025-02-05T01:37:25.880043+00:00,33,DSA,Heap,Medium,32.0,0.4375,0.0,0.0,0.5,0.5,0.5,0.0,0.0,0.5,0.5,0.0,168.0,0,0.327885,SYNTHETIC / SIMULATED — NOT REAL STUDENT DATA
S00023,2025-02-05T19:33:16.000433+00:00,34,Software Engineering,SRS,Hard,33.0,0.42424242424242425,0.4,0.0,0.5,0.5,0.5,0.0,0.0,0.5,0.5,0.0,168.0,0,0.385947,SYNTHETIC / SIMULATED — NOT REAL STUDENT DATA
S00023,2025-02-06T06:47:17.412824+00:00,35,Software Engineering,Git/Version Control,Medium,34.0,0.4117647058823529,0.36363636363636365,0.0,0.5,0.5,0.5,0.0,0.0,0.5,0.5,0.0,168.0,0,0.086303,SYNTHETIC / SIMULATED — NOT REAL STUDENT DATA
S00023,2025-02-06T21:57:35.703174+00:00,36,Computer Networks,TCP,Medium,35.0,0.42857142857142855,0.75,0.0,0.5,0.5,0.5,0.0,0.0,0.5,0.5,0.0,168.0,0,0.514656,SYNTHETIC / SIMULATED — NOT REAL STUDENT DATA
S00023,2025-02-07T09:42:19.782413+00:00,37,Operating Systems,File Systems,Easy,36.0,0.4166666666666667,0.4444444444444444,2.0,0.0,0.0,0.0,88.845,11.755000000000024,0.5,0.0,0.0,256.9378426227778,0,0.520177,SYNTHETIC / SIMULATED — NOT REAL STUDENT DATA
S00023,2025-02-07T19:04:19.311444+00:00,38,Operating Systems,Security,Hard,37.0,0.43243243243243246,0.5,0.0,0.5,0.5,0.5,0.0,0.0,0.5,0.5,0.0,168.0,0,0.242581,SYNTHETIC / SIMULATED — NOT REAL STUDENT DATA
S00023,2025-02-08T01:39:20.810665+00:00,39,Operating Systems,I/O Management,Easy,38.0,0.42105263157894735,0.45454545454545453,1.0,0.0,0.0,0.0,69.26,0.0,0.0,0.0,0.0,582.9905258294444,0,0.435377,SYNTHETIC / SIMULATED — NOT REAL STUDENT DATA
S00023,2025-02-08T17:04:12.581886+00:00,40,Computer Networks,DNS,Medium,39.0,0.41025641025641024,0.6,0.0,0.5,0.5,0.5,0.0,0.0,0.5,0.5,0.0,168.0,0,0.445572,SYNTHETIC / SIMULATED — NOT REAL STUDENT DATA
S00023,2025-02-09T18:34:22.651413+00:00,41,Computer Networks,Routing,Medium,40.0,0.4,0.5,0.0,0.5,0.5,0.5,0.0,0.0,0.5,0.5,0.0,168.0,0,0.304862,SYNTHETIC / SIMULATED — NOT REAL STUDENT DATA
S00023,2025-02-09T22:54:38.542251+00:00,42,Software Engineering,Design Patterns,Hard,41.0,0.3902439024390244,0.4166666666666667,1.0,0.0,0.0,0.0,215.09,0.0,0.0,0.0,0.0,233.12525795194443,0,0.065553,SYNTHETIC / SIMULATED — NOT REAL STUDENT DATA
S00023,2025-02-10T23:45:48.738311+00:00,43,DSA,Arrays,Easy,42.0,0.38095238095238093,0.0,0.0,0.5,0.5,0.5,0.0,0.0,0.5,0.5,0.0,168.0,0,0.321818,SYNTHETIC / SIMULATED — NOT REAL STUDENT DATA
S00023,2025-02-12T05:04:33.039119+00:00,44,Computer Networks,HTTP,Hard,43.0,0.3953488372093023,0.42857142857142855,2.0,0.5,0.5,0.5,139.055,40.084999999999916,0.0,1.0,0.0,447.4418052991667,0,0.277125,SYNTHETIC / SIMULATED — NOT REAL STUDENT DATA
S00023,2025-02-12T17:17:31.361471+00:00,45,Operating Systems,Deadlocks,Easy,44.0,0.38636363636363635,0.4166666666666667,0.0,0.5,0.5,0.5,0.0,0.0,0.5,0.5,0.0,168.0,0,0.393494,SYNTHETIC / SIMULATED — NOT REAL STUDENT DATA
S00023,2025-02-14T02:47:24.040089+00:00,46,Computer Networks,Routing,Medium,45.0,0.4,0.375,1.0,0.0,0.0,0.0,65.61,0.0,0.0,0.0,0.0,104.21705241,0,0.308904,SYNTHETIC / SIMULATED — NOT REAL STUDENT DATA
S00023,2025-02-14T18:11:28.189287+00:00,47,Operating Systems,Synchronization,Easy,46.0,0.391304347826087,0.46153846153846156,2.0,0.5,0.5,0.5,106.26,14.669999999999987,0.5,1.0,0.0,334.6209689216667,0,0.200974,SYNTHETIC / SIMULATED — NOT REAL STUDENT DATA
S00023,2025-02-15T20:21:40.363778+00:00,48,DBMS,Transactions,Easy,47.0,0.3829787234042553,0.5,1.0,1.0,1.0,1.0,75.27,0.0,0.5,1.0,0.0,350.94052930416666,0,0.663281,SYNTHETIC / SIMULATED — NOT REAL STUDENT DATA
S00023,2025-02-16T01:02:04.170019+00:00,49,DSA,Strings,Easy,48.0,0.375,0.2,0.0,0.5,0.5,0.5,0.0,0.0,0.5,0.5,0.0,168.0,0,0.490151,SYNTHETIC / SIMULATED — NOT REAL STUDENT DATA
S00023,2025-02-16T09:33:24.476050+00:00,50,Software Engineering,Waterfall,Medium,49.0,0.3877551020408163,0.38461538461538464,0.0,0.5,0.5,0.5,0.0,0.0,0.5,0.5,0.0,168.0,0,0.066843,SYNTHETIC / SIMULATED — NOT REAL STUDENT DATA
S00023,2025-02-16T14:45:07.707472+00:00,51,Software Engineering,Git/Version Control,Medium,50.0,0.38,0.35714285714285715,1.0,1.0,1.0,1.0,131.99,0.0,1.0,1.0,0.0,247.96397073555556,0,0.092602,SYNTHETIC / SIMULATED — NOT REAL STUDENT DATA
S00023,2025-02-17T17:27:09.534713+00:00,52,Software Engineering,Waterfall,Medium,51.0,0.37254901960784315,0.3333333333333333,1.0,0.0,0.0,0.0,205.31,0.0,0.0,0.0,0.0,31.895849628611114,0,0.07369,SYNTHETIC / SIMULATED — NOT REAL STUDENT DATA
S00023,2025-02-18T15:14:48.173840+00:00,53,DSA,Dynamic Programming,Easy,52.0,0.36538461538461536,0.3333333333333333,0.0,0.5,0.5,0.5,0.0,0.0,0.5,0.5,0.0,168.0,0,0.372807,SYNTHETIC / SIMULATED — NOT REAL STUDENT DATA
S00023,2025-02-19T20:01:52.555787+00:00,54,DSA,Stack & Queue,Medium,53.0,0.3584905660377358,0.2857142857142857,1.0,0.0,0.0,0.0,73.3,0.0,0.5,0.0,0.0,720.0,0,0.611385,SYNTHETIC / SIMULATED — NOT REAL STUDENT DATA
S00023,2025-02-20T01:52:51.743148+00:00,55,DBMS,Relational Algebra,Easy,54.0,0.37037037037037035,0.42857142857142855,1.0,1.0,1.0,1.0,53.49,0.0,1.0,1.0,0.0,396.917262325,0,0.434969,SYNTHETIC / SIMULATED — NOT REAL STUDENT DATA
S00023,2025-02-21T08:33:54.171692+00:00,56,DBMS,DBMS Basics,Medium,55.0,0.38181818181818183,0.5,1.0,0.0,0.0,0.0,119.9,0.0,0.0,0.0,0.0,440.14770291916665,0,0.392455,SYNTHETIC / SIMULATED — NOT REAL STUDENT DATA
S00023,2025-02-22T04:36:21.263028+00:00,57,DSA,Arrays,Medium,56.0,0.375,0.375,1.0,1.0,1.0,1.0,53.71,0.0,0.5,1.0,0.0,268.84236797694444,0,0.328753,SYNTHETIC / SIMULATED — NOT REAL STUDENT DATA
S00023,2025-02-23T09:01:57.934546+00:00,58,Software Engineering,Git/Version Control,Easy,57.0,0.3684210526315789,0.3125,2.0,0.5,0.5,0.5,142.655,10.664999999999912,0.5,0.0,0.0,162.28061863166667,0,0.11668,SYNTHETIC / SIMULATED — NOT REAL STUDENT DATA
S00023,2025-02-23T19:27:31.509982+00:00,59,Computer Networks,Routing,Easy,58.0,0.3793103448275862,0.3333333333333333,2.0,0.0,0.0,0.0,130.25,64.63999999999997,0.5,0.0,0.0,232.66874163694445,0,0.328179,SYNTHETIC / SIMULATED — NOT REAL STUDENT DATA
S00023,2025-02-24T06:04:33.256183+00:00,60,Operating Systems,File Systems,Medium,59.0,0.3898305084745763,0.42857142857142855,3.0,0.3333333333333333,0.3333333333333333,0.3333333333333333,89.55,9.649563029830215,0.0,1.0,0.0,404.37040938055554,0,0.536671,SYNTHETIC / SIMULATED — NOT REAL STUDENT DATA
S00024,2025-01-02T17:35:13.405986+00:00,1,DSA,Stack & Queue,Medium,0.0,0.5,0.5,0.0,0.5,0.5,0.5,0.0,0.0,0.5,0.5,0.0,168.0,1,0.733641,SYNTHETIC / SIMULATED — NOT REAL STUDENT DATA
S00024,2025-01-04T01:45:01.481772+00:00,2,DBMS,DBMS Basics,Easy,1.0,1.0,0.5,0.0,0.5,0.5,0.5,0.0,0.0,0.5,0.5,0.0,168.0,0,0.188976,SYNTHETIC / SIMULATED — NOT REAL STUDENT DATA
S00024,2025-01-04T07:21:51.843211+00:00,3,Computer Networks,Network Security,Hard,2.0,0.5,0.5,0.0,0.5,0.5,0.5,0.0,0.0,0.5,0.5,0.0,168.0,0,0.458486,SYNTHETIC / SIMULATED — NOT REAL STUDENT DATA
S00024,2025-01-05T01:27:08.341406+00:00,4,DBMS,Concurrency Control,Medium,3.0,0.6666666666666666,0.0,0.0,0.5,0.5,0.5,0.0,0.0,0.5,0.5,0.0,168.0,0,0.483978,SYNTHETIC / SIMULATED — NOT REAL STUDENT DATA
S00024,2025-01-05T19:02:48.935194+00:00,5,Computer Networks,TCP/IP,Medium,4.0,0.5,1.0,0.0,0.5,0.5,0.5,0.0,0.0,0.5,0.5,0.0,168.0,0,0.257626,SYNTHETIC / SIMULATED — NOT REAL STUDENT DATA
S00024,2025-01-07T02:48:16.054823+00:00,6,DSA,Graphs,Easy,5.0,0.4,1.0,0.0,0.5,0.5,0.5,0.0,0.0,0.5,0.5,0.0,168.0,0,0.346376,SYNTHETIC / SIMULATED — NOT REAL STUDENT DATA
S00024,2025-01-07T10:00:12.211991+00:00,7,Operating Systems,Security,Hard,6.0,0.5,0.5,0.0,0.5,0.5,0.5,0.0,0.0,0.5,0.5,0.0,168.0,0,0.36627,SYNTHETIC / SIMULATED — NOT REAL STUDENT DATA
S00024,2025-01-08T12:40:46.648727+00:00,8,Software Engineering,Project Management,Medium,7.0,0.42857142857142855,0.5,0.0,0.5,0.5,0.5,0.0,0.0,0.5,0.5,0.0,168.0,0,0.412649,SYNTHETIC / SIMULATED — NOT REAL STUDENT DATA
S00024,2025-01-09T04:50:56.193735+00:00,9,Computer Networks,DHCP,Medium,8.0,0.375,0.5,0.0,0.5,0.5,0.5,0.0,0.0,0.5,0.5,0.0,168.0,0,0.30371,SYNTHETIC / SIMULATED — NOT REAL STUDENT DATA
S00024,2025-01-10T11:50:33.754636+00:00,10,Computer Networks,TCP,Medium,9.0,0.4444444444444444,0.6666666666666666,0.0,0.5,0.5,0.5,0.0,0.0,0.5,0.5,0.0,168.0,0,0.128565,SYNTHETIC / SIMULATED — NOT REAL STUDENT DATA
S00024,2025-01-11T20:09:27.919456+00:00,11,Computer Networks,HTTP,Medium,10.0,0.4,0.5,0.0,0.5,0.5,0.5,0.0,0.0,0.5,0.5,0.0,168.0,0,0.186571,SYNTHETIC / SIMULATED — NOT REAL STUDENT DATA
S00024,2025-01-12T20:27:24.899993+00:00,12,Software Engineering,Waterfall,Hard,11.0,0.36363636363636365,0.0,0.0,0.5,0.5,0.5,0.0,0.0,0.5,0.5,0.0,168.0,0,0.40721,SYNTHETIC / SIMULATED — NOT REAL STUDENT DATA
S00024,2025-01-13T11:34:49.591781+00:00,13,Operating Systems,Deadlocks,Hard,12.0,0.3333333333333333,0.0,0.0,0.5,0.5,0.5,0.0,0.0,0.5,0.5,0.0,168.0,0,0.496463,SYNTHETIC / SIMULATED — NOT REAL STUDENT DATA
S00024,2025-01-13T21:31:53.655327+00:00,14,Computer Networks,OSI,Easy,13.0,0.38461538461538464,0.4,0.0,0.5,0.5,0.5,0.0,0.0,0.5,0.5,0.0,168.0,0,0.500342,SYNTHETIC / SIMULATED — NOT REAL STUDENT DATA
S00024,2025-01-14T04:31:31.182994+00:00,15,Software Engineering,SDLC,Hard,14.0,0.42857142857142855,0.0,0.0,0.5,0.5,0.5,0.0,0.0,0.5,0.5,0.0,168.0,0,0.427556,SYNTHETIC / SIMULATED — NOT REAL STUDENT DATA
S00024,2025-01-15T16:45:56.413145+00:00,16,Computer Networks,TCP/IP,Medium,15.0,0.4666666666666667,0.5,1.0,0.0,0.0,0.0,136.81,0.0,0.0,0.0,0.0,237.71874387527777,0,0.264574,SYNTHETIC / SIMULATED — NOT REAL STUDENT DATA
S00024,2025-01-16T07:37:07.794096+00:00,17,Software Engineering,Software Quality,Medium,16.0,0.4375,0.3333333333333333,0.0,0.5,0.5,0.5,0.0,0.0,0.5,0.5,0.0,168.0,0,0.570348,SYNTHETIC / SIMULATED — NOT REAL STUDENT DATA
S00024,2025-01-16T22:53:58.497018+00:00,18,DBMS,Relational Algebra,Medium,17.0,0.47058823529411764,0.0,0.0,0.5,0.5,0.5,0.0,0.0,0.5,0.5,0.0,168.0,0,0.24755,SYNTHETIC / SIMULATED — NOT REAL STUDENT DATA
S00024,2025-01-17T08:54:38.583954+00:00,19,Software Engineering,SRS,Hard,18.0,0.4444444444444444,0.5,0.0,0.5,0.5,0.5,0.0,0.0,0.5,0.5,0.0,168.0,0,0.424687,SYNTHETIC / SIMULATED — NOT REAL STUDENT DATA
S00024,2025-01-18T08:03:59.122621+00:00,20,DSA,Recursion,Easy,19.0,0.42105263157894735,1.0,0.0,0.5,0.5,0.5,0.0,0.0,0.5,0.5,0.0,168.0,0,0.495511,SYNTHETIC / SIMULATED — NOT REAL STUDENT DATA
S00024,2025-01-19T07:10:03.133965+00:00,21,Operating Systems,Processes,Easy,20.0,0.45,0.5,0.0,0.5,0.5,0.5,0.0,0.0,0.5,0.5,0.0,168.0,0,0.469164,SYNTHETIC / SIMULATED — NOT REAL STUDENT DATA
S00024,2025-01-20T02:03:03.030182+00:00,22,Computer Networks,UDP,Hard,21.0,0.42857142857142855,0.42857142857142855,0.0,0.5,0.5,0.5,0.0,0.0,0.5,0.5,0.0,168.0,0,0.323964,SYNTHETIC / SIMULATED — NOT REAL STUDENT DATA
S00024,2025-01-21T05:43:40.154133+00:00,23,DBMS,Normalization,Medium,22.0,0.4090909090909091,0.0,0.0,0.5,0.5,0.5,0.0,0.0,0.5,0.5,0.0,168.0,0,0.412271,SYNTHETIC / SIMULATED — NOT REAL STUDENT DATA
S00024,2025-01-22T17:30:58.865148+00:00,24,Software Engineering,Testing,Hard,23.0,0.391304347826087,0.4,0.0,0.5,0.5,0.5,0.0,0.0,0.5,0.5,0.0,168.0,0,0.427862,SYNTHETIC / SIMULATED — NOT REAL STUDENT DATA
S00024,2025-01-23T07:52:16.473491+00:00,25,DBMS,Keys,Easy,24.0,0.4166666666666667,0.0,0.0,0.5,0.5,0.5,0.0,0.0,0.5,0.5,0.0,168.0,0,0.402947,SYNTHETIC / SIMULATED — NOT REAL STUDENT DATA
S00024,2025-01-23T10:59:31.637977+00:00,26,Computer Networks,DHCP,Medium,25.0,0.4,0.375,1.0,1.0,1.0,1.0,94.8,0.0,1.0,1.0,0.0,342.1431789561111,0,0.328958,SYNTHETIC / SIMULATED — NOT REAL STUDENT DATA
S00024,2025-01-23T20:36:06.224139+00:00,27,Software Engineering,Design Patterns,Medium,26.0,0.4230769230769231,0.5,0.0,0.5,0.5,0.5,0.0,0.0,0.5,0.5,0.0,168.0,0,0.500337,SYNTHETIC / SIMULATED — NOT REAL STUDENT DATA
S00024,2025-01-24T14:19:55.099703+00:00,28,Computer Networks,TCP,Medium,27.0,0.4074074074074074,0.4444444444444444,1.0,0.0,0.0,0.0,182.54,0.0,0.0,0.0,0.0,338.4892625186111,0,0.138423,SYNTHETIC / SIMULATED — NOT REAL STUDENT DATA
S00024,2025-01-24T21:31:31.109571+00:00,29,Computer Networks,TCP/IP,Easy,28.0,0.39285714285714285,0.4,2.0,0.0,0.0,0.0,113.5,23.30999999999998,0.5,0.0,0.0,220.75963789611112,0,0.266747,SYNTHETIC / SIMULATED — NOT REAL STUDENT DATA
S00024,2025-01-26T07:28:00.785961+00:00,30,Software Engineering,Waterfall,Medium,29.0,0.3793103448275862,0.42857142857142855,1.0,0.0,0.0,0.0,231.25,0.0,0.5,0.0,0.0,323.0099683244444,0,0.411421,SYNTHETIC / SIMULATED — NOT REAL STUDENT DATA
S00024,2025-01-26T19:31:50.721486+00:00,31,DSA,Arrays,Easy,30.0,0.36666666666666664,1.0,0.0,0.5,0.5,0.5,0.0,0.0,0.5,0.5,0.0,168.0,0,0.438246,SYNTHETIC / SIMULATED — NOT REAL STUDENT DATA
S00024,2025-01-27T17:26:35.500662+00:00,32,DBMS,Joins,Medium,31.0,0.3870967741935484,0.0,0.0,0.5,0.5,0.5,0.0,0.0,0.5,0.5,0.0,168.0,0,0.188698,SYNTHETIC / SIMULATED — NOT REAL STUDENT DATA
S00024,2025-01-28T06:23:16.407493+00:00,33,Operating Systems,Threads,Medium,32.0,0.375,0.3333333333333333,0.0,0.5,0.5,0.5,0.0,0.0,0.5,0.5,0.0,168.0,0,0.472629,SYNTHETIC / SIMULATED — NOT REAL STUDENT DATA
S00024,2025-01-29T02:51:41.948991+00:00,34,Computer Networks,UDP,Medium,33.0,0.36363636363636365,0.36363636363636365,1.0,0.0,0.0,0.0,114.49,0.0,0.5,0.0,0.0,216.8108107802778,0,0.353246,SYNTHETIC / SIMULATED — NOT REAL STUDENT DATA
S00024,2025-01-29T13:12:21.028780+00:00,35,Software Engineering,Project Management,Medium,34.0,0.38235294117647056,0.375,1.0,0.0,0.0,0.0,100.98,0.0,0.0,0.0,0.0,504.5262166813889,0,0.432751,SYNTHETIC / SIMULATED — NOT REAL STUDENT DATA
S00024,2025-01-29T23:06:39.945324+00:00,36,Computer Networks,Network Security,Easy,35.0,0.4,0.4166666666666667,1.0,1.0,1.0,1.0,134.58,0.0,0.5,1.0,0.0,615.7466950313889,0,0.474048,SYNTHETIC / SIMULATED — NOT REAL STUDENT DATA
S00024,2025-01-30T13:02:23.194009+00:00,37,DBMS,ER Model,Medium,36.0,0.4166666666666667,0.0,0.0,0.5,0.5,0.5,0.0,0.0,0.5,0.5,0.0,168.0,0,0.178876,SYNTHETIC / SIMULATED — NOT REAL STUDENT DATA
S00024,2025-01-31T19:41:34.617392+00:00,38,Computer Networks,IP Addressing,Easy,37.0,0.43243243243243246,0.46153846153846156,0.0,0.5,0.5,0.5,0.0,0.0,0.5,0.5,0.0,168.0,0,0.061666,SYNTHETIC / SIMULATED — NOT REAL STUDENT DATA
S00024,2025-02-01T00:35:27.109879+00:00,39,DSA,Heap,Easy,38.0,0.42105263157894735,1.0,0.0,0.5,0.5,0.5,0.0,0.0,0.5,0.5,0.0,168.0,0,0.41612,SYNTHETIC / SIMULATED — NOT REAL STUDENT DATA
S00024,2025-02-02T08:42:32.571727+00:00,40,DSA,Graphs,Hard,39.0,0.41025641025641024,0.8,1.0,1.0,1.0,1.0,50.29,0.0,0.5,1.0,0.0,629.904588028889,0,0.354824,SYNTHETIC / SIMULATED — NOT REAL STUDENT DATA
S00024,2025-02-03T00:48:25.154625+00:00,41,DBMS,Indexing,Easy,40.0,0.4,0.14285714285714285,0.0,0.5,0.5,0.5,0.0,0.0,0.5,0.5,0.0,168.0,0,0.475307,SYNTHETIC / SIMULATED — NOT REAL STUDENT DATA
S00024,2025-02-04T07:34:48.782949+00:00,42,Software Engineering,Git/Version Control,Hard,41.0,0.4146341463414634,0.4444444444444444,0.0,0.5,0.5,0.5,0.0,0.0,0.5,0.5,0.0,168.0,0,0.266419,SYNTHETIC / SIMULATED — NOT REAL STUDENT DATA
S00024,2025-02-05T15:28:36.979858+00:00,43,DSA,Stack & Queue,Easy,42.0,0.42857142857142855,0.6666666666666666,1.0,1.0,1.0,1.0,54.89,0.0,0.5,1.0,0.0,720.0,1,0.737653,SYNTHETIC / SIMULATED — NOT REAL STUDENT DATA
S00024,2025-02-06T12:25:25.624890+00:00,44,DBMS,DBMS Basics,Medium,43.0,0.4418604651162791,0.25,1.0,0.0,0.0,0.0,72.07,0.0,0.5,0.0,0.0,720.0,0,0.194232,SYNTHETIC / SIMULATED — NOT REAL STUDENT DATA
S00024,2025-02-06T18:50:38.947596+00:00,45,DSA,Stack & Queue,Hard,44.0,0.4318181818181818,0.7142857142857143,2.0,1.0,1.0,1.0,52.835,2.055000000000057,0.5,1.0,0.0,27.36721326055556,1,0.736681,SYNTHETIC / SIMULATED — NOT REAL STUDENT DATA
S00024,2025-02-07T09:38:25.198082+00:00,46,DSA,Linked Lists,Medium,45.0,0.4222222222222222,0.625,0.0,0.5,0.5,0.5,0.0,0.0,0.5,0.5,0.0,168.0,0,0.588924,SYNTHETIC / SIMULATED — NOT REAL STUDENT DATA
S00024,2025-02-08T19:55:27.107206+00:00,47,Operating Systems,CPU Scheduling,Medium,46.0,0.43478260869565216,0.25,0.0,0.5,0.5,0.5,0.0,0.0,0.5,0.5,0.0,168.0,0,0.643401,SYNTHETIC / SIMULATED — NOT REAL STUDENT DATA
S00024,2025-02-10T02:06:36.007937+00:00,48,Operating Systems,Security,Easy,47.0,0.425531914893617,0.2,1.0,0.0,0.0,0.0,159.21,0.0,0.5,0.0,0.0,720.0,0,0.384172,SYNTHETIC / SIMULATED — NOT REAL STUDENT DATA
S00024,2025-02-10T23:05:48.205130+00:00,49,DBMS,Indexing,Easy,48.0,0.4375,0.2222222222222222,1.0,1.0,1.0,1.0,36.39,0.0,1.0,1.0,0.0,190.28973625138892,0,0.48896,SYNTHETIC / SIMULATED — NOT REAL STUDENT DATA
S00024,2025-02-11T03:47:22.837118+00:00,50,DBMS,Concurrency Control,Hard,49.0,0.4489795918367347,0.3,1.0,0.0,0.0,0.0,98.14,0.0,0.5,0.0,0.0,720.0,0,0.494373,SYNTHETIC / SIMULATED — NOT REAL STUDENT DATA
S00024,2025-02-12T13:17:01.277577+00:00,51,Operating Systems,Security,Medium,50.0,0.44,0.3333333333333333,2.0,0.5,0.5,0.5,100.785,58.42500000000002,0.5,1.0,0.0,59.173686011111116,0,0.388918,SYNTHETIC / SIMULATED — NOT REAL STUDENT DATA
S00024,2025-02-13T05:50:55.171829+00:00,52,Operating Systems,Paging,Medium,51.0,0.43137254901960786,0.2857142857142857,0.0,0.5,0.5,0.5,0.0,0.0,0.5,0.5,0.0,168.0,1,0.753855,SYNTHETIC / SIMULATED — NOT REAL STUDENT DATA
S00024,2025-02-13T16:31:08.229624+00:00,53,Computer Networks,IP Addressing,Medium,52.0,0.4423076923076923,0.42857142857142855,1.0,0.0,0.0,0.0,48.65,0.0,0.5,0.0,0.0,308.8260033977778,0,0.068893,SYNTHETIC / SIMULATED — NOT REAL STUDENT DATA
S00024,2025-02-14T22:36:19.536015+00:00,54,DBMS,Normalization,Medium,53.0,0.4339622641509434,0.2727272727272727,1.0,0.0,0.0,0.0,182.8,0.0,0.0,0.0,0.0,592.8776060783333,0,0.415636,SYNTHETIC / SIMULATED — NOT REAL STUDENT DATA
S00024,2025-02-15T02:08:07.530930+00:00,55,Computer Networks,OSI,Easy,54.0,0.42592592592592593,0.4,1.0,1.0,1.0,1.0,50.17,0.0,1.0,1.0,0.0,720.0,0,0.511393,SYNTHETIC / SIMULATED — NOT REAL STUDENT DATA
S00024,2025-02-15T07:09:50.830568+00:00,56,DBMS,Transactions,Medium,55.0,0.43636363636363634,0.25,0.0,0.5,0.5,0.5,0.0,0.0,0.5,0.5,0.0,168.0,0,0.384712,SYNTHETIC / SIMULATED — NOT REAL STUDENT DATA
S00024,2025-02-16T07:18:44.492603+00:00,57,Computer Networks,Routing,Easy,56.0,0.44642857142857145,0.4375,0.0,0.5,0.5,0.5,0.0,0.0,0.5,0.5,0.0,168.0,0,0.273322,SYNTHETIC / SIMULATED — NOT REAL STUDENT DATA
S00024,2025-02-17T05:19:31.034358+00:00,58,DSA,Graphs,Hard,57.0,0.45614035087719296,0.6666666666666666,2.0,0.5,0.5,0.5,127.535,77.24500000000002,0.0,0.0,0.0,356.6162396197222,0,0.360849,SYNTHETIC / SIMULATED — NOT REAL STUDENT DATA
S00024,2025-02-18T10:02:46.919391+00:00,59,Operating Systems,Paging,Medium,58.0,0.4482758620689655,0.375,1.0,1.0,1.0,1.0,72.16,0.0,1.0,1.0,0.0,124.1977076561111,1,0.755066,SYNTHETIC / SIMULATED — NOT REAL STUDENT DATA
S00024,2025-02-19T11:14:01.115251+00:00,60,DSA,Dynamic Programming,Medium,59.0,0.4406779661016949,0.6,0.0,0.5,0.5,0.5,0.0,0.0,0.5,0.5,0.0,168.0,0,0.456871,SYNTHETIC / SIMULATED — NOT REAL STUDENT DATA
S00025,2025-01-03T03:35:13.067758+00:00,1,Software Engineering,Design Patterns,Medium,0.0,0.5,0.5,0.0,0.5,0.5,0.5,0.0,0.0,0.5,0.5,0.0,168.0,1,0.719664,SYNTHETIC / SIMULATED — NOT REAL STUDENT DATA
S00025,2025-01-03T12:10:46.481688+00:00,2,Operating Systems,Deadlocks,Hard,1.0,1.0,0.5,0.0,0.5,0.5,0.5,0.0,0.0,0.5,0.5,0.0,168.0,1,0.868303,SYNTHETIC / SIMULATED — NOT REAL STUDENT DATA
S00025,2025-01-04T21:54:01.717115+00:00,3,Software Engineering,Design Patterns,Easy,2.0,1.0,1.0,1.0,1.0,1.0,1.0,74.22,0.0,0.5,1.0,0.0,42.313513710277775,1,0.727327,SYNTHETIC / SIMULATED — NOT REAL STUDENT DATA
S00025,2025-01-06T02:04:46.376301+00:00,4,Software Engineering,UML,Easy,3.0,1.0,1.0,0.0,0.5,0.5,0.5,0.0,0.0,0.5,0.5,0.0,168.0,1,0.782155,SYNTHETIC / SIMULATED — NOT REAL STUDENT DATA
S00025,2025-01-06T12:38:21.426892+00:00,5,Software Engineering,Testing,Easy,4.0,1.0,1.0,0.0,0.5,0.5,0.5,0.0,0.0,0.5,0.5,0.0,168.0,1,0.786683,SYNTHETIC / SIMULATED — NOT REAL STUDENT DATA
S00025,2025-01-06T16:33:48.420270+00:00,6,DBMS,Indexing,Easy,5.0,1.0,0.5,0.0,0.5,0.5,0.5,0.0,0.0,0.5,0.5,0.0,168.0,1,0.977803,SYNTHETIC / SIMULATED — NOT REAL STUDENT DATA
S00025,2025-01-08T02:20:35.984855+00:00,7,DSA,Recursion,Hard,6.0,1.0,0.5,0.0,0.5,0.5,0.5,0.0,0.0,0.5,0.5,0.0,168.0,1,0.769309,SYNTHETIC / SIMULATED — NOT REAL STUDENT DATA
S00025,2025-01-09T07:03:26.336750+00:00,8,Operating Systems,CPU Scheduling,Medium,7.0,0.8571428571428571,1.0,0.0,0.5,0.5,0.5,0.0,0.0,0.5,0.5,0.0,168.0,1,0.751624,SYNTHETIC / SIMULATED — NOT REAL STUDENT DATA
S00025,2025-01-09T23:41:30.515227+00:00,9,Computer Networks,DNS,Easy,8.0,0.875,0.5,0.0,0.5,0.5,0.5,0.0,0.0,0.5,0.5,0.0,168.0,1,0.89412,SYNTHETIC / SIMULATED — NOT REAL STUDENT DATA
S00025,2025-01-10T09:54:50.596669+00:00,10,DBMS,Relational Algebra,Hard,9.0,0.8888888888888888,1.0,0.0,0.5,0.5,0.5,0.0,0.0,0.5,0.5,0.0,168.0,1,0.981441,SYNTHETIC / SIMULATED — NOT REAL STUDENT DATA
S00025,2025-01-11T06:36:31.813192+00:00,11,Operating Systems,Security,Medium,10.0,0.9,1.0,0.0,0.5,0.5,0.5,0.0,0.0,0.5,0.5,0.0,168.0,1,0.95019,SYNTHETIC / SIMULATED — NOT REAL STUDENT DATA
S00025,2025-01-11T20:33:24.131798+00:00,12,Computer Networks,Routing,Medium,11.0,0.9090909090909091,1.0,0.0,0.5,0.5,0.5,0.0,0.0,0.5,0.5,0.0,168.0,1,0.817207,SYNTHETIC / SIMULATED — NOT REAL STUDENT DATA
S00025,2025-01-12T01:04:44.319911+00:00,13,Operating Systems,Paging,Easy,12.0,0.9166666666666666,1.0,0.0,0.5,0.5,0.5,0.0,0.0,0.5,0.5,0.0,168.0,1,0.981421,SYNTHETIC / SIMULATED — NOT REAL STUDENT DATA
S00025,2025-01-12T20:13:05.230347+00:00,14,Software Engineering,Agile,Medium,13.0,0.9230769230769231,1.0,0.0,0.5,0.5,0.5,0.0,0.0,0.5,0.5,0.0,168.0,1,0.828681,SYNTHETIC / SIMULATED — NOT REAL STUDENT DATA
S00025,2025-01-13T08:26:13.860911+00:00,15,DSA,Arrays,Medium,14.0,0.8571428571428571,0.0,0.0,0.5,0.5,0.5,0.0,0.0,0.5,0.5,0.0,168.0,1,0.981376,SYNTHETIC / SIMULATED — NOT REAL STUDENT DATA
S00025,2025-01-14T09:16:09.855725+00:00,16,Operating Systems,I/O Management,Easy,15.0,0.8666666666666667,1.0,0.0,0.5,0.5,0.5,0.0,0.0,0.5,0.5,0.0,168.0,0,0.636607,SYNTHETIC / SIMULATED — NOT REAL STUDENT DATA
S00025,2025-01-14T15:55:18.199157+00:00,17,Operating Systems,Security,Hard,16.0,0.8125,0.8,1.0,1.0,1.0,1.0,55.45,0.0,0.5,1.0,0.0,81.31288499027778,1,0.951703,SYNTHETIC / SIMULATED — NOT REAL STUDENT DATA
S00025,2025-01-15T11:14:45.963354+00:00,18,Computer Networks,TCP,Easy,17.0,0.8235294117647058,1.0,0.0,0.5,0.5,0.5,0.0,0.0,0.5,0.5,0.0,168.0,1,0.799088,SYNTHETIC / SIMULATED — NOT REAL STUDENT DATA
S00025,2025-01-16T20:24:41.961064+00:00,19,Computer Networks,TCP,Easy,18.0,0.8333333333333334,1.0,1.0,1.0,1.0,1.0,38.48,0.0,1.0,1.0,0.0,33.165554919444446,1,0.805546,SYNTHETIC / SIMULATED — NOT REAL STUDENT DATA
S00025,2025-01-17T16:38:44.675227+00:00,20,DSA,Strings,Medium,19.0,0.7894736842105263,0.5,0.0,0.5,0.5,0.5,0.0,0.0,0.5,0.5,0.0,168.0,1,0.78584,SYNTHETIC / SIMULATED — NOT REAL STUDENT DATA
S00025,2025-01-19T01:01:59.212564+00:00,21,DSA,Stack & Queue,Hard,20.0,0.8,0.6666666666666666,0.0,0.5,0.5,0.5,0.0,0.0,0.5,0.5,0.0,168.0,1,0.979909,SYNTHETIC / SIMULATED — NOT REAL STUDENT DATA
S00025,2025-01-19T14:01:21.514741+00:00,22,DSA,Strings,Easy,21.0,0.7619047619047619,0.5,1.0,1.0,1.0,1.0,63.65,0.0,0.5,1.0,0.0,45.376899865,1,0.793936,SYNTHETIC / SIMULATED — NOT REAL STUDENT DATA
S00025,2025-01-20T23:45:00.420381+00:00,23,DSA,Recursion,Easy,22.0,0.7727272727272727,0.6,1.0,0.0,0.0,0.0,88.61,0.0,0.5,0.0,0.0,309.4067876461111,1,0.775154,SYNTHETIC / SIMULATED — NOT REAL STUDENT DATA
S00025,2025-01-21T09:45:24.118602+00:00,24,DSA,Recursion,Medium,23.0,0.782608695652174,0.6666666666666666,2.0,0.5,0.5,0.5,64.42,24.189999999999984,0.5,1.0,0.0,10.006582839166667,1,0.783556,SYNTHETIC / SIMULATED — NOT REAL STUDENT DATA
S00025,2025-01-22T14:09:10.030168+00:00,25,Operating Systems,Memory Management,Medium,24.0,0.7916666666666666,0.8333333333333334,0.0,0.5,0.5,0.5,0.0,0.0,0.5,0.5,0.0,168.0,0,0.592348,SYNTHETIC / SIMULATED — NOT REAL STUDENT DATA
S00025,2025-01-23T22:00:56.525042+00:00,26,DSA,Recursion,Hard,25.0,0.8,0.7142857142857143,3.0,0.6666666666666666,0.6666666666666666,0.6666666666666666,64.22666666666667,19.75294464686775,0.0,1.0,0.0,60.25900178888889,1,0.786676,SYNTHETIC / SIMULATED — NOT REAL STUDENT DATA
S00025,2025-01-25T06:25:23.721862+00:00,27,DBMS,Joins,Easy,26.0,0.7692307692307693,1.0,0.0,0.5,0.5,0.5,0.0,0.0,0.5,0.5,0.0,168.0,1,0.756758,SYNTHETIC / SIMULATED — NOT REAL STUDENT DATA
S00025,2025-01-25T18:11:46.649948+00:00,28,DBMS,ER Model,Easy,27.0,0.7777777777777778,1.0,0.0,0.5,0.5,0.5,0.0,0.0,0.5,0.5,0.0,168.0,1,0.831428,SYNTHETIC / SIMULATED — NOT REAL STUDENT DATA
S00025,2025-01-26T10:21:31.169957+00:00,29,Software Engineering,Git/Version Control,Easy,28.0,0.7857142857142857,0.8,0.0,0.5,0.5,0.5,0.0,0.0,0.5,0.5,0.0,168.0,0,0.676681,SYNTHETIC / SIMULATED — NOT REAL STUDENT DATA
S00025,2025-01-26T19:06:55.634963+00:00,30,Operating Systems,CPU Scheduling,Medium,29.0,0.7931034482758621,0.8571428571428571,1.0,1.0,1.0,1.0,44.43,0.0,1.0,1.0,0.0,420.0581383925,1,0.762834,SYNTHETIC / SIMULATED — NOT REAL STUDENT DATA
S00025,2025-01-27T14:11:23.302077+00:00,31,DBMS,Indexing,Easy,30.0,0.8,1.0,1.0,1.0,1.0,1.0,53.64,0.0,1.0,1.0,0.0,501.62635605749995,1,0.979294,SYNTHETIC / SIMULATED — NOT REAL STUDENT DATA
S00025,2025-01-27T19:48:16.700777+00:00,32,Software Engineering,Testing,Easy,31.0,0.8064516129032258,0.8333333333333334,1.0,1.0,1.0,1.0,37.1,0.0,1.0,1.0,0.0,511.1653538569445,1,0.79281,SYNTHETIC / SIMULATED — NOT REAL STUDENT DATA
S00025,2025-01-28T22:26:06.786532+00:00,33,DSA,Dynamic Programming,Medium,32.0,0.8125,0.625,0.0,0.5,0.5,0.5,0.0,0.0,0.5,0.5,0.0,168.0,1,0.980883,SYNTHETIC / SIMULATED — NOT REAL STUDENT DATA
S00025,2025-01-29T13:33:32.597582+00:00,34,DBMS,Joins,Medium,33.0,0.8181818181818182,1.0,1.0,1.0,1.0,1.0,32.08,0.0,0.5,1.0,0.0,103.13579881111112,1,0.767417,SYNTHETIC / SIMULATED — NOT REAL STUDENT DATA
S00025,2025-01-30T08:27:06.638762+00:00,35,Software Engineering,Project Management,Hard,34.0,0.8235294117647058,0.8571428571428571,0.0,0.5,0.5,0.5,0.0,0.0,0.5,0.5,0.0,168.0,0,0.641925,SYNTHETIC / SIMULATED — NOT REAL STUDENT DATA
S00025,2025-01-31T14:36:06.811874+00:00,36,DBMS,Relational Algebra,Easy,35.0,0.8,1.0,1.0,1.0,1.0,1.0,82.62,0.0,0.5,1.0,0.0,508.68783755694443,1,0.982862,SYNTHETIC / SIMULATED — NOT REAL STUDENT DATA
S00025,2025-02-01T20:51:03.242088+00:00,37,Operating Systems,Deadlocks,Hard,36.0,0.8055555555555556,0.875,1.0,1.0,1.0,1.0,108.56,0.0,1.0,1.0,0.0,704.6713223333334,1,0.873991,SYNTHETIC / SIMULATED — NOT REAL STUDENT DATA
S00025,2025-02-03T08:16:17.069166+00:00,38,DBMS,Keys,Easy,37.0,0.8108108108108109,1.0,0.0,0.5,0.5,0.5,0.0,0.0,0.5,0.5,0.0,168.0,0,0.622766,SYNTHETIC / SIMULATED — NOT REAL STUDENT DATA
S00025,2025-02-04T01:42:43.055718+00:00,39,Computer Networks,Routing,Easy,38.0,0.7894736842105263,0.75,1.0,1.0,1.0,1.0,69.12,0.0,0.5,1.0,0.0,557.1552566444444,1,0.824544,SYNTHETIC / SIMULATED — NOT REAL STUDENT DATA
S00025,2025-02-05T03:32:06.095105+00:00,40,Operating Systems,Security,Medium,39.0,0.7948717948717948,0.8888888888888888,2.0,1.0,1.0,1.0,70.485,15.034999999999975,1.0,1.0,0.0,515.61330443,1,0.955607,SYNTHETIC / SIMULATED — NOT REAL STUDENT DATA
S00025,2025-02-06T06:37:45.741628+00:00,41,DBMS,DBMS Basics,Easy,40.0,0.8,0.875,0.0,0.5,0.5,0.5,0.0,0.0,0.5,0.5,0.0,168.0,1,0.976084,SYNTHETIC / SIMULATED — NOT REAL STUDENT DATA
S00025,2025-02-06T13:09:12.027717+00:00,42,Computer Networks,TCP/IP,Easy,41.0,0.8048780487804879,0.8,0.0,0.5,0.5,0.5,0.0,0.0,0.5,0.5,0.0,168.0,1,0.807059,SYNTHETIC / SIMULATED — NOT REAL STUDENT DATA
S00025,2025-02-07T18:20:45.782207+00:00,43,DBMS,Concurrency Control,Easy,42.0,0.8095238095238095,0.8888888888888888,0.0,0.5,0.5,0.5,0.0,0.0,0.5,0.5,0.0,168.0,1,0.850797,SYNTHETIC / SIMULATED — NOT REAL STUDENT DATA
S00025,2025-02-08T04:45:11.124401+00:00,44,DBMS,Joins,Hard,43.0,0.813953488372093,0.9,2.0,1.0,1.0,1.0,62.96,30.88,0.5,1.0,0.0,231.1940352275,1,0.771812,SYNTHETIC / SIMULATED — NOT REAL STUDENT DATA
S00025,2025-02-09T03:43:18.902425+00:00,45,Operating Systems,File Systems,Medium,44.0,0.7954545454545454,0.9,0.0,0.5,0.5,0.5,0.0,0.0,0.5,0.5,0.0,168.0,1,0.784243,SYNTHETIC / SIMULATED — NOT REAL STUDENT DATA
S00025,2025-02-09T23:22:13.771494+00:00,46,DSA,Stack & Queue,Easy,45.0,0.7777777777777778,0.6666666666666666,1.0,0.0,0.0,0.0,103.8,0.0,0.5,0.0,0.0,526.3373774805556,1,0.98291,SYNTHETIC / SIMULATED — NOT REAL STUDENT DATA
S00025,2025-02-11T10:30:35.329350+00:00,47,Operating Systems,File Systems,Easy,46.0,0.782608695652174,0.8181818181818182,1.0,0.0,0.0,0.0,107.52,0.0,0.5,0.0,0.0,54.787896368055556,1,0.791416,SYNTHETIC / SIMULATED — NOT REAL STUDENT DATA
S00025,2025-02-12T04:36:50.230859+00:00,48,Computer Networks,Routing,Hard,47.0,0.7872340425531915,0.8333333333333334,2.0,1.0,1.0,1.0,64.515,4.604999999999945,0.5,1.0,0.0,194.9019930947222,1,0.824759,SYNTHETIC / SIMULATED — NOT REAL STUDENT DATA
S00025,2025-02-12T16:51:01.243773+00:00,49,DBMS,Joins,Medium,48.0,0.7708333333333334,0.8181818181818182,3.0,0.6666666666666666,0.6666666666666666,0.6666666666666666,92.76666666666667,49.1181333340572,1.0,0.0,0.0,108.09725538111111,1,0.776471,SYNTHETIC / SIMULATED — NOT REAL STUDENT DATA
S00025,2025-02-13T14:21:55.459397+00:00,50,Software Engineering,Software Quality,Easy,49.0,0.7755102040816326,0.75,0.0,0.5,0.5,0.5,0.0,0.0,0.5,0.5,0.0,168.0,0,0.643323,SYNTHETIC / SIMULATED — NOT REAL STUDENT DATA
S00025,2025-02-14T03:31:23.412756+00:00,51,Operating Systems,Deadlocks,Hard,50.0,0.78,0.8333333333333334,2.0,1.0,1.0,1.0,91.33500000000001,17.224999999999934,1.0,1.0,0.0,294.67226962999996,1,0.879697,SYNTHETIC / SIMULATED — NOT REAL STUDENT DATA
S00025,2025-02-14T18:28:54.078542+00:00,52,Software Engineering,Waterfall,Medium,51.0,0.7843137254901961,0.7777777777777778,0.0,0.5,0.5,0.5,0.0,0.0,0.5,0.5,0.0,168.0,0,0.563124,SYNTHETIC / SIMULATED — NOT REAL STUDENT DATA
S00025,2025-02-15T08:19:43.912890+00:00,53,DBMS,SQL,Hard,52.0,0.7692307692307693,0.8333333333333334,0.0,0.5,0.5,0.5,0.0,0.0,0.5,0.5,0.0,168.0,1,0.921328,SYNTHETIC / SIMULATED — NOT REAL STUDENT DATA
S00025,2025-02-15T16:13:05.673981+00:00,54,DBMS,Joins,Hard,53.0,0.7547169811320755,0.7692307692307693,4.0,0.75,0.75,0.75,81.06,47.12304531755135,0.0,1.0,0.0,71.36789728000001,1,0.784617,SYNTHETIC / SIMULATED — NOT REAL STUDENT DATA
S00025,2025-02-16T23:55:13.009781+00:00,55,Software Engineering,Waterfall,Easy,54.0,0.7592592592592593,0.7,1.0,0.0,0.0,0.0,71.79,0.0,0.5,0.0,0.0,53.43859201083333,0,0.568828,SYNTHETIC / SIMULATED — NOT REAL STUDENT DATA
S00025,2025-02-18T02:13:53.367852+00:00,56,Computer Networks,TCP/IP,Hard,55.0,0.7454545454545455,0.7142857142857143,1.0,1.0,1.0,1.0,33.11,0.0,0.5,1.0,0.0,277.0781500375,1,0.809369,SYNTHETIC / SIMULATED — NOT REAL STUDENT DATA
S00025,2025-02-18T12:14:44.572682+00:00,57,Operating Systems,Memory Management,Hard,56.0,0.7321428571428571,0.8461538461538461,1.0,1.0,1.0,1.0,123.87,0.0,0.5,1.0,0.0,646.0929284761112,0,0.59306,SYNTHETIC / SIMULATED — NOT REAL STUDENT DATA
S00025,2025-02-19T15:34:42.865383+00:00,58,Software Engineering,Software Quality,Medium,57.0,0.7192982456140351,0.6363636363636364,1.0,1.0,1.0,1.0,50.87,0.0,0.5,1.0,0.0,145.21316832944444,0,0.655501,SYNTHETIC / SIMULATED — NOT REAL STUDENT DATA
S00025,2025-02-20T06:01:56.942055+00:00,59,Software Engineering,Project Management,Medium,58.0,0.7241379310344828,0.6666666666666666,1.0,0.0,0.0,0.0,92.94,0.0,0.5,0.0,0.0,501.5806398036111,0,0.643966,SYNTHETIC / SIMULATED — NOT REAL STUDENT DATA
S00025,2025-02-20T20:32:57.467995+00:00,60,Operating Systems,Synchronization,Easy,59.0,0.711864406779661,0.7857142857142857,0.0,0.5,0.5,0.5,0.0,0.0,0.5,0.5,0.0,168.0,1,0.883911,SYNTHETIC / SIMULATED — NOT REAL STUDENT DATA
S00026,2025-01-02T17:31:55.083752+00:00,1,DSA,Linked Lists,Easy,0.0,0.5,0.5,0.0,0.5,0.5,0.5,0.0,0.0,0.5,0.5,0.0,168.0,0,0.437505,SYNTHETIC / SIMULATED — NOT REAL STUDENT DATA
S00026,2025-01-03T21:19:26.437140+00:00,2,DSA,Linked Lists,Easy,1.0,1.0,1.0,1.0,1.0,1.0,1.0,65.96,0.0,1.0,1.0,0.0,27.792042607777777,0,0.45381,SYNTHETIC / SIMULATED — NOT REAL STUDENT DATA
S00026,2025-01-04T17:15:56.094205+00:00,3,DBMS,SQL,Hard,2.0,1.0,0.5,0.0,0.5,0.5,0.5,0.0,0.0,0.5,0.5,0.0,168.0,0,0.566911,SYNTHETIC / SIMULATED — NOT REAL STUDENT DATA
S00026,2025-01-05T21:57:03.231968+00:00,4,DBMS,Keys,Easy,3.0,1.0,1.0,0.0,0.5,0.5,0.5,0.0,0.0,0.5,0.5,0.0,168.0,0,0.286769,SYNTHETIC / SIMULATED — NOT REAL STUDENT DATA
S00026,2025-01-06T04:42:54.641364+00:00,5,DBMS,ER Model,Hard,4.0,1.0,1.0,0.0,0.5,0.5,0.5,0.0,0.0,0.5,0.5,0.0,168.0,0,0.40379,SYNTHETIC / SIMULATED — NOT REAL STUDENT DATA
S00026,2025-01-07T03:22:26.925404+00:00,6,DBMS,DBMS Basics,Easy,5.0,0.8,0.6666666666666666,0.0,0.5,0.5,0.5,0.0,0.0,0.5,0.5,0.0,168.0,0,0.067402,SYNTHETIC / SIMULATED — NOT REAL STUDENT DATA
S00026,2025-01-07T15:03:52.005138+00:00,7,Computer Networks,TCP,Hard,6.0,0.6666666666666666,0.5,0.0,0.5,0.5,0.5,0.0,0.0,0.5,0.5,0.0,168.0,0,0.682295,SYNTHETIC / SIMULATED — NOT REAL STUDENT DATA
S00026,2025-01-08T18:37:16.399079+00:00,8,Software Engineering,Testing,Hard,7.0,0.5714285714285714,0.5,0.0,0.5,0.5,0.5,0.0,0.0,0.5,0.5,0.0,168.0,0,0.180899,SYNTHETIC / SIMULATED — NOT REAL STUDENT DATA
S00026,2025-01-09T06:53:14.897859+00:00,9,DSA,Arrays,Easy,8.0,0.5,1.0,0.0,0.5,0.5,0.5,0.0,0.0,0.5,0.5,0.0,168.0,0,0.452831,SYNTHETIC / SIMULATED — NOT REAL STUDENT DATA
S00026,2025-01-10T00:17:16.302128+00:00,10,Software Engineering,Testing,Hard,9.0,0.5555555555555556,0.0,1.0,0.0,0.0,0.0,171.2,0.0,0.0,0.0,0.0,29.666639735833332,0,0.186004,SYNTHETIC / SIMULATED — NOT REAL STUDENT DATA
S00026,2025-01-10T15:22:04.341817+00:00,11,Software Engineering,Git/Version Control,Medium,10.0,0.5,0.0,0.0,0.5,0.5,0.5,0.0,0.0,0.5,0.5,0.0,168.0,0,0.455754,SYNTHETIC / SIMULATED — NOT REAL STUDENT DATA
S00026,2025-01-11T13:47:07.657252+00:00,12,Operating Systems,Security,Easy,11.0,0.45454545454545453,0.5,0.0,0.5,0.5,0.5,0.0,0.0,0.5,0.5,0.0,168.0,1,0.745753,SYNTHETIC / SIMULATED — NOT REAL STUDENT DATA
S00026,2025-01-12T17:46:08.789262+00:00,13,Operating Systems,File Systems,Medium,12.0,0.5,1.0,0.0,0.5,0.5,0.5,0.0,0.0,0.5,0.5,0.0,168.0,1,0.906005,SYNTHETIC / SIMULATED — NOT REAL STUDENT DATA
S00026,2025-01-13T11:48:00.459814+00:00,14,DSA,Hashing,Medium,13.0,0.46153846153846156,1.0,0.0,0.5,0.5,0.5,0.0,0.0,0.5,0.5,0.0,168.0,0,0.149133,SYNTHETIC / SIMULATED — NOT REAL STUDENT DATA
S00026,2025-01-14T10:59:07.717969+00:00,15,DSA,Strings,Easy,14.0,0.42857142857142855,0.75,0.0,0.5,0.5,0.5,0.0,0.0,0.5,0.5,0.0,168.0,0,0.4663,SYNTHETIC / SIMULATED — NOT REAL STUDENT DATA
S00026,2025-01-15T14:31:31.214339+00:00,16,DSA,Heap,Medium,15.0,0.4666666666666667,0.8,0.0,0.5,0.5,0.5,0.0,0.0,0.5,0.5,0.0,168.0,0,0.373218,SYNTHETIC / SIMULATED — NOT REAL STUDENT DATA
S00026,2025-01-16T07:10:33.865921+00:00,17,Computer Networks,IP Addressing,Easy,16.0,0.4375,0.0,0.0,0.5,0.5,0.5,0.0,0.0,0.5,0.5,0.0,168.0,0,0.618845,SYNTHETIC / SIMULATED — NOT REAL STUDENT DATA
S00026,2025-01-17T10:30:25.932078+00:00,18,Computer Networks,OSI,Hard,17.0,0.4117647058823529,0.0,0.0,0.5,0.5,0.5,0.0,0.0,0.5,0.5,0.0,168.0,1,0.809762,SYNTHETIC / SIMULATED — NOT REAL STUDENT DATA
S00026,2025-01-17T15:47:49.145716+00:00,19,DSA,Hashing,Hard,18.0,0.3888888888888889,0.6666666666666666,1.0,0.0,0.0,0.0,144.2,0.0,0.5,0.0,0.0,99.996857195,0,0.154349,SYNTHETIC / SIMULATED — NOT REAL STUDENT DATA
S00026,2025-01-18T20:37:05.227929+00:00,20,Software Engineering,UML,Easy,19.0,0.3684210526315789,0.0,0.0,0.5,0.5,0.5,0.0,0.0,0.5,0.5,0.0,168.0,0,0.204938,SYNTHETIC / SIMULATED — NOT REAL STUDENT DATA
S00026,2025-01-19T12:44:00.958931+00:00,21,DSA,Graphs,Easy,20.0,0.4,0.5714285714285714,0.0,0.5,0.5,0.5,0.0,0.0,0.5,0.5,0.0,168.0,0,0.257297,SYNTHETIC / SIMULATED — NOT REAL STUDENT DATA
S00026,2025-01-20T19:59:22.719132+00:00,22,DBMS,ER Model,Medium,21.0,0.42857142857142855,0.5,1.0,0.0,0.0,0.0,135.58,0.0,0.5,0.0,0.0,351.2744660466667,0,0.408114,SYNTHETIC / SIMULATED — NOT REAL STUDENT DATA
S00026,2025-01-22T08:31:02.174362+00:00,23,Software Engineering,Software Quality,Easy,22.0,0.4090909090909091,0.25,0.0,0.5,0.5,0.5,0.0,0.0,0.5,0.5,0.0,168.0,0,0.07078,SYNTHETIC / SIMULATED — NOT REAL STUDENT DATA
S00026,2025-01-23T19:50:35.900656+00:00,24,DSA,Stack & Queue,Easy,23.0,0.43478260869565216,0.625,0.0,0.5,0.5,0.5,0.0,0.0,0.5,0.5,0.0,168.0,0,0.443443,SYNTHETIC / SIMULATED — NOT REAL STUDENT DATA
S00026,2025-01-24T22:07:53.758190+00:00,25,DBMS,Joins,Medium,24.0,0.4583333333333333,0.4,0.0,0.5,0.5,0.5,0.0,0.0,0.5,0.5,0.0,168.0,0,0.462504,SYNTHETIC / SIMULATED — NOT REAL STUDENT DATA
S00026,2025-01-26T07:10:43.508508+00:00,26,Software Engineering,Testing,Easy,25.0,0.44,0.4,2.0,0.0,0.0,0.0,161.23,9.970000000000027,0.5,0.0,0.0,390.89089066111114,0,0.205077,SYNTHETIC / SIMULATED — NOT REAL STUDENT DATA
S00026,2025-01-26T16:49:19.955878+00:00,27,DBMS,Indexing,Medium,26.0,0.46153846153846156,0.3333333333333333,0.0,0.5,0.5,0.5,0.0,0.0,0.5,0.5,0.0,168.0,0,0.591564,SYNTHETIC / SIMULATED — NOT REAL STUDENT DATA
S00026,2025-01-28T01:06:37.120321+00:00,28,DBMS,DBMS Basics,Medium,27.0,0.4444444444444444,0.2857142857142857,1.0,0.0,0.0,0.0,44.59,0.0,0.5,0.0,0.0,501.7361652547222,0,0.07664,SYNTHETIC / SIMULATED — NOT REAL STUDENT DATA
S00026,2025-01-28T15:40:41.376973+00:00,29,DBMS,Transactions,Medium,28.0,0.42857142857142855,0.25,0.0,0.5,0.5,0.5,0.0,0.0,0.5,0.5,0.0,168.0,0,0.252816,SYNTHETIC / SIMULATED — NOT REAL STUDENT DATA
S00026,2025-01-29T00:27:13.897910+00:00,30,DBMS,Relational Algebra,Easy,29.0,0.41379310344827586,0.2222222222222222,0.0,0.5,0.5,0.5,0.0,0.0,0.5,0.5,0.0,168.0,0,0.450219,SYNTHETIC / SIMULATED — NOT REAL STUDENT DATA
S00026,2025-01-29T18:28:01.648616+00:00,31,DSA,Dynamic Programming,Easy,30.0,0.4,0.6666666666666666,0.0,0.5,0.5,0.5,0.0,0.0,0.5,0.5,0.0,168.0,0,0.330949,SYNTHETIC / SIMULATED — NOT REAL STUDENT DATA
S00026,2025-01-30T10:31:22.814032+00:00,32,DSA,Heap,Medium,31.0,0.3870967741935484,0.6,1.0,0.0,0.0,0.0,139.51,0.0,0.0,0.0,0.0,355.9976665813889,0,0.395343,SYNTHETIC / SIMULATED — NOT REAL STUDENT DATA
S00026,2025-01-31T14:33:51.020727+00:00,33,DBMS,Joins,Easy,32.0,0.40625,0.2,1.0,0.0,0.0,0.0,154.67,0.0,0.5,0.0,0.0,160.43257292694443,0,0.479775,SYNTHETIC / SIMULATED — NOT REAL STUDENT DATA
S00026,2025-02-02T00:06:09.963734+00:00,34,DSA,Arrays,Easy,33.0,0.42424242424242425,0.6363636363636364,1.0,1.0,1.0,1.0,33.11,0.0,1.0,1.0,0.0,569.2152960763889,0,0.470045,SYNTHETIC / SIMULATED — NOT REAL STUDENT DATA
S00026,2025-02-03T12:48:15.130384+00:00,35,DSA,Heap,Medium,34.0,0.4411764705882353,0.6666666666666666,2.0,0.5,0.5,0.5,115.785,23.725000000000012,0.5,1.0,0.0,98.28119898666667,0,0.418821,SYNTHETIC / SIMULATED — NOT REAL STUDENT DATA
S00026,2025-02-04T13:10:36.815281+00:00,36,DSA,Recursion,Medium,35.0,0.45714285714285713,0.6923076923076923,0.0,0.5,0.5,0.5,0.0,0.0,0.5,0.5,0.0,168.0,0,0.315458,SYNTHETIC / SIMULATED — NOT REAL STUDENT DATA
S00026,2025-02-04T23:59:03.679733+00:00,37,Operating Systems,Threads,Medium,36.0,0.4444444444444444,0.5,0.0,0.5,0.5,0.5,0.0,0.0,0.5,0.5,0.0,168.0,1,0.722731,SYNTHETIC / SIMULATED — NOT REAL STUDENT DATA
S00026,2025-02-06T07:07:28.785161+00:00,38,Computer Networks,DNS,Hard,37.0,0.4594594594594595,0.0,0.0,0.5,0.5,0.5,0.0,0.0,0.5,0.5,0.0,168.0,1,0.832302,SYNTHETIC / SIMULATED — NOT REAL STUDENT DATA
S00026,2025-02-06T17:50:03.559424+00:00,39,Operating Systems,Security,Easy,38.0,0.47368421052631576,0.6666666666666666,1.0,1.0,1.0,1.0,34.04,0.0,1.0,1.0,0.0,628.0488617144445,1,0.754451,SYNTHETIC / SIMULATED — NOT REAL STUDENT DATA
S00026,2025-02-07T00:29:13.799156+00:00,40,Computer Networks,UDP,Easy,39.0,0.48717948717948717,0.25,0.0,0.5,0.5,0.5,0.0,0.0,0.5,0.5,0.0,168.0,0,0.678615,SYNTHETIC / SIMULATED — NOT REAL STUDENT DATA
S00026,2025-02-07T22:41:52.133462+00:00,41,Software Engineering,SRS,Easy,40.0,0.5,0.5,0.0,0.5,0.5,0.5,0.0,0.0,0.5,0.5,0.0,168.0,0,0.055785,SYNTHETIC / SIMULATED — NOT REAL STUDENT DATA
S00026,2025-02-08T12:14:44.285322+00:00,42,DBMS,Transactions,Easy,41.0,0.4878048780487805,0.2727272727272727,1.0,0.0,0.0,0.0,102.19,0.0,0.5,0.0,0.0,260.5674745413889,0,0.255807,SYNTHETIC / SIMULATED — NOT REAL STUDENT DATA
S00026,2025-02-08T18:54:49.475191+00:00,43,DBMS,Transactions,Easy,42.0,0.47619047619047616,0.25,2.0,0.0,0.0,0.0,103.97,1.7800000000001333,0.0,0.0,0.0,6.668108296944445,0,0.259606,SYNTHETIC / SIMULATED — NOT REAL STUDENT DATA
S00026,2025-02-09T09:03:18.203755+00:00,44,DBMS,Normalization,Medium,43.0,0.46511627906976744,0.23076923076923078,0.0,0.5,0.5,0.5,0.0,0.0,0.5,0.5,0.0,168.0,0,0.359821,SYNTHETIC / SIMULATED — NOT REAL STUDENT DATA
S00026,2025-02-09T19:19:38.850013+00:00,45,DSA,Stack & Queue,Easy,44.0,0.4772727272727273,0.6428571428571429,1.0,1.0,1.0,1.0,70.77,0.0,1.0,1.0,0.0,407.48415259916663,0,0.460466,SYNTHETIC / SIMULATED — NOT REAL STUDENT DATA
S00026,2025-02-11T05:18:10.258852+00:00,46,DSA,Heap,Hard,45.0,0.4888888888888889,0.6666666666666666,3.0,0.6666666666666666,0.6666666666666666,0.6666666666666666,103.22666666666667,26.280675198496837,0.5,1.0,0.0,184.49864679666666,0,0.422716,SYNTHETIC / SIMULATED — NOT REAL STUDENT DATA
S00026,2025-02-11T19:30:14.230988+00:00,47,DBMS,DBMS Basics,Easy,46.0,0.4782608695652174,0.2857142857142857,2.0,0.0,0.0,0.0,119.69,75.10000000000001,0.0,0.0,0.0,354.39364185194444,0,0.079844,SYNTHETIC / SIMULATED — NOT REAL STUDENT DATA
S00026,2025-02-12T19:30:27.629392+00:00,48,DBMS,Joins,Hard,47.0,0.46808510638297873,0.26666666666666666,2.0,0.5,0.5,0.5,100.645,54.025,0.5,1.0,0.0,292.94350240694445,0,0.48145,SYNTHETIC / SIMULATED — NOT REAL STUDENT DATA
S00026,2025-02-13T07:12:40.398556+00:00,49,Computer Networks,Network Security,Easy,48.0,0.4583333333333333,0.4,0.0,0.5,0.5,0.5,0.0,0.0,0.5,0.5,0.0,168.0,0,0.613167,SYNTHETIC / SIMULATED — NOT REAL STUDENT DATA
S00026,2025-02-14T09:32:26.985264+00:00,50,Software Engineering,Waterfall,Hard,49.0,0.46938775510204084,0.42857142857142855,0.0,0.5,0.5,0.5,0.0,0.0,0.5,0.5,0.0,168.0,0,0.205581,SYNTHETIC / SIMULATED — NOT REAL STUDENT DATA
S00026,2025-02-15T11:53:19.824471+00:00,51,DBMS,Normalization,Hard,50.0,0.46,0.25,1.0,1.0,1.0,1.0,85.81,0.0,0.5,1.0,0.0,146.8337835322222,0,0.370326,SYNTHETIC / SIMULATED — NOT REAL STUDENT DATA
S00026,2025-02-15T22:27:52.177227+00:00,52,Operating Systems,Memory Management,Medium,51.0,0.45098039215686275,0.75,0.0,0.5,0.5,0.5,0.0,0.0,0.5,0.5,0.0,168.0,1,0.795537,SYNTHETIC / SIMULATED — NOT REAL STUDENT DATA
S00026,2025-02-16T11:02:53.014142+00:00,53,DBMS,DBMS Basics,Easy,52.0,0.46153846153846156,0.23529411764705882,3.0,0.0,0.0,0.0,137.08,66.06686663272797,0.0,0.0,0.0,111.54410643166666,0,0.088293,SYNTHETIC / SIMULATED — NOT REAL STUDENT DATA
S00026,2025-02-16T19:39:54.379576+00:00,54,DSA,Hashing,Easy,53.0,0.4528301886792453,0.625,2.0,0.0,0.0,0.0,181.89499999999998,37.69500000000012,0.5,0.0,0.0,720.0,0,0.158916,SYNTHETIC / SIMULATED — NOT REAL STUDENT DATA
S00026,2025-02-17T06:02:50.523367+00:00,55,DSA,Graphs,Medium,54.0,0.4444444444444444,0.5882352941176471,1.0,1.0,1.0,1.0,40.11,0.0,0.5,1.0,0.0,689.3137678988888,0,0.261855,SYNTHETIC / SIMULATED — NOT REAL STUDENT DATA
S00026,2025-02-17T11:06:01.495301+00:00,56,DSA,Heap,Medium,55.0,0.43636363636363634,0.5555555555555556,4.0,0.5,0.5,0.5,127.93,48.46410475805779,0.6666666666666666,0.0,0.0,149.79756568027776,0,0.432233,SYNTHETIC / SIMULATED — NOT REAL STUDENT DATA
S00026,2025-02-18T07:31:50.658008+00:00,57,DBMS,Transactions,Easy,56.0,0.42857142857142855,0.2222222222222222,3.0,0.0,0.0,0.0,102.62333333333333,2.395681299524179,0.0,0.0,0.0,228.61699522694443,0,0.28141,SYNTHETIC / SIMULATED — NOT REAL STUDENT DATA
S00026,2025-02-19T17:42:40.597764+00:00,58,DBMS,Joins,Easy,57.0,0.43859649122807015,0.2631578947368421,3.0,0.3333333333333333,0.3333333333333333,0.3333333333333333,158.22666666666666,92.61261841071598,1.0,0.0,0.0,166.20360232555555,0,0.500842,SYNTHETIC / SIMULATED — NOT REAL STUDENT DATA
S00026,2025-02-20T16:03:14.705953+00:00,59,Computer Networks,DNS,Medium,58.0,0.4482758620689655,0.5,1.0,1.0,1.0,1.0,73.58,0.0,0.5,1.0,0.0,344.9294224422222,1,0.841009,SYNTHETIC / SIMULATED — NOT REAL STUDENT DATA
S00026,2025-02-21T14:38:50.532018+00:00,60,DBMS,Joins,Hard,59.0,0.4576271186440678,0.3,4.0,0.5,0.5,0.5,133.92499999999998,90.57889282277634,0.0,1.0,0.0,44.93609284833333,0,0.507183,SYNTHETIC / SIMULATED — NOT REAL STUDENT DATA
S00027,2025-01-02T03:48:43.760947+00:00,1,Computer Networks,DNS,Medium,0.0,0.5,0.5,0.0,0.5,0.5,0.5,0.0,0.0,0.5,0.5,0.0,168.0,0,0.417033,SYNTHETIC / SIMULATED — NOT REAL STUDENT DATA
S00027,2025-01-03T09:16:48.497897+00:00,2,DSA,Dynamic Programming,Medium,1.0,1.0,0.5,0.0,0.5,0.5,0.5,0.0,0.0,0.5,0.5,0.0,168.0,0,0.462152,SYNTHETIC / SIMULATED — NOT REAL STUDENT DATA
S00027,2025-01-04T16:31:48.053592+00:00,3,Computer Networks,UDP,Medium,2.0,0.5,1.0,0.0,0.5,0.5,0.5,0.0,0.0,0.5,0.5,0.0,168.0,0,0.339876,SYNTHETIC / SIMULATED — NOT REAL STUDENT DATA
S00027,2025-01-06T01:50:28.248384+00:00,4,DSA,Strings,Hard,3.0,0.6666666666666666,0.0,0.0,0.5,0.5,0.5,0.0,0.0,0.5,0.5,0.0,168.0,0,0.629351,SYNTHETIC / SIMULATED — NOT REAL STUDENT DATA
S00027,2025-01-06T19:37:00.415745+00:00,5,Computer Networks,TCP,Medium,4.0,0.5,1.0,0.0,0.5,0.5,0.5,0.0,0.0,0.5,0.5,0.0,168.0,0,0.516827,SYNTHETIC / SIMULATED — NOT REAL STUDENT DATA
S00027,2025-01-07T00:33:58.003376+00:00,6,Computer Networks,DNS,Hard,5.0,0.4,0.6666666666666666,1.0,1.0,1.0,1.0,98.83,0.0,0.5,1.0,0.0,116.75395623027777,0,0.422513,SYNTHETIC / SIMULATED — NOT REAL STUDENT DATA
S00027,2025-01-08T00:05:12.291002+00:00,7,Computer Networks,DNS,Hard,6.0,0.3333333333333333,0.5,2.0,0.5,0.5,0.5,124.4,25.569999999999993,0.0,0.0,0.0,23.520635451666667,0,0.442733,SYNTHETIC / SIMULATED — NOT REAL STUDENT DATA
S00027,2025-01-08T07:52:26.980043+00:00,8,DBMS,Normalization,Easy,7.0,0.42857142857142855,0.5,0.0,0.5,0.5,0.5,0.0,0.0,0.5,0.5,0.0,168.0,0,0.207921,SYNTHETIC / SIMULATED — NOT REAL STUDENT DATA
S00027,2025-01-08T18:53:41.886466+00:00,9,DBMS,Concurrency Control,Medium,8.0,0.375,0.0,0.0,0.5,0.5,0.5,0.0,0.0,0.5,0.5,0.0,168.0,0,0.385658,SYNTHETIC / SIMULATED — NOT REAL STUDENT DATA
S00027,2025-01-09T06:28:19.109123+00:00,10,DSA,Heap,Medium,9.0,0.3333333333333333,0.0,0.0,0.5,0.5,0.5,0.0,0.0,0.5,0.5,0.0,168.0,0,0.534861,SYNTHETIC / SIMULATED — NOT REAL STUDENT DATA
S00027,2025-01-09T14:09:05.162442+00:00,11,DBMS,DBMS Basics,Medium,10.0,0.3,0.0,0.0,0.5,0.5,0.5,0.0,0.0,0.5,0.5,0.0,168.0,0,0.328025,SYNTHETIC / SIMULATED — NOT REAL STUDENT DATA
S00027,2025-01-10T23:15:33.248297+00:00,12,DBMS,Indexing,Medium,11.0,0.36363636363636365,0.3333333333333333,0.0,0.5,0.5,0.5,0.0,0.0,0.5,0.5,0.0,168.0,0,0.280283,SYNTHETIC / SIMULATED — NOT REAL STUDENT DATA
S00027,2025-01-11T11:10:50.252043+00:00,13,Computer Networks,TCP,Medium,12.0,0.3333333333333333,0.6,1.0,0.0,0.0,0.0,113.38,0.0,0.0,0.0,0.0,111.56384341611111,0,0.520421,SYNTHETIC / SIMULATED — NOT REAL STUDENT DATA
S00027,2025-01-12T11:57:18.579966+00:00,14,Operating Systems,Memory Management,Medium,13.0,0.3076923076923077,0.5,0.0,0.5,0.5,0.5,0.0,0.0,0.5,0.5,0.0,168.0,1,0.723798,SYNTHETIC / SIMULATED — NOT REAL STUDENT DATA
S00027,2025-01-13T12:55:19.038334+00:00,15,DSA,Arrays,Easy,14.0,0.2857142857142857,0.0,0.0,0.5,0.5,0.5,0.0,0.0,0.5,0.5,0.0,168.0,0,0.589578,SYNTHETIC / SIMULATED — NOT REAL STUDENT DATA
S00027,2025-01-13T18:52:25.054332+00:00,16,DBMS,Relational Algebra,Easy,15.0,0.3333333333333333,0.25,0.0,0.5,0.5,0.5,0.0,0.0,0.5,0.5,0.0,168.0,0,0.504286,SYNTHETIC / SIMULATED — NOT REAL STUDENT DATA
S00027,2025-01-14T17:17:23.859468+00:00,17,Software Engineering,Software Quality,Medium,16.0,0.3125,0.5,0.0,0.5,0.5,0.5,0.0,0.0,0.5,0.5,0.0,168.0,1,0.952715,SYNTHETIC / SIMULATED — NOT REAL STUDENT DATA
S00027,2025-01-14T23:55:31.799128+00:00,18,Software Engineering,SRS,Medium,17.0,0.35294117647058826,1.0,0.0,0.5,0.5,0.5,0.0,0.0,0.5,0.5,0.0,168.0,1,0.784355,SYNTHETIC / SIMULATED — NOT REAL STUDENT DATA
S00027,2025-01-15T21:02:04.419694+00:00,19,DSA,Graphs,Medium,18.0,0.3888888888888889,0.25,0.0,0.5,0.5,0.5,0.0,0.0,0.5,0.5,0.0,168.0,0,0.559827,SYNTHETIC / SIMULATED — NOT REAL STUDENT DATA
S00027,2025-01-16T14:10:49.100435+00:00,20,Computer Networks,DHCP,Easy,19.0,0.3684210526315789,0.5,0.0,0.5,0.5,0.5,0.0,0.0,0.5,0.5,0.0,168.0,0,0.534914,SYNTHETIC / SIMULATED — NOT REAL STUDENT DATA
S00027,2025-01-17T11:51:22.298485+00:00,21,Software Engineering,UML,Easy,20.0,0.4,1.0,0.0,0.5,0.5,0.5,0.0,0.0,0.5,0.5,0.0,168.0,1,0.829614,SYNTHETIC / SIMULATED — NOT REAL STUDENT DATA
S00027,2025-01-19T00:43:50.649458+00:00,22,Operating Systems,Synchronization,Easy,21.0,0.42857142857142855,0.0,0.0,0.5,0.5,0.5,0.0,0.0,0.5,0.5,0.0,168.0,0,0.496972,SYNTHETIC / SIMULATED — NOT REAL STUDENT DATA
S00027,2025-01-19T14:46:33.896393+00:00,23,Software Engineering,Agile,Easy,22.0,0.4090909090909091,1.0,0.0,0.5,0.5,0.5,0.0,0.0,0.5,0.5,0.0,168.0,0,0.469504,SYNTHETIC / SIMULATED — NOT REAL STUDENT DATA
S00027,2025-01-19T22:20:02.158887+00:00,24,Operating Systems,File Systems,Easy,23.0,0.43478260869565216,0.0,0.0,0.5,0.5,0.5,0.0,0.0,0.5,0.5,0.0,168.0,0,0.549135,SYNTHETIC / SIMULATED — NOT REAL STUDENT DATA
S00027,2025-01-21T00:54:54.722419+00:00,25,DSA,Recursion,Easy,24.0,0.4166666666666667,0.2,0.0,0.5,0.5,0.5,0.0,0.0,0.5,0.5,0.0,168.0,0,0.371489,SYNTHETIC / SIMULATED — NOT REAL STUDENT DATA
S00027,2025-01-22T04:43:04.632780+00:00,26,Operating Systems,I/O Management,Easy,25.0,0.4,0.0,0.0,0.5,0.5,0.5,0.0,0.0,0.5,0.5,0.0,168.0,0,0.261613,SYNTHETIC / SIMULATED — NOT REAL STUDENT DATA
S00027,2025-01-22T22:48:25.114047+00:00,27,Computer Networks,IP Addressing,Medium,26.0,0.4230769230769231,0.5714285714285714,0.0,0.5,0.5,0.5,0.0,0.0,0.5,0.5,0.0,168.0,0,0.540657,SYNTHETIC / SIMULATED — NOT REAL STUDENT DATA
S00027,2025-01-23T18:38:36.055766+00:00,28,Operating Systems,Memory Management,Easy,27.0,0.4444444444444444,0.25,1.0,0.0,0.0,0.0,119.92,0.0,0.5,0.0,0.0,270.6881877222222,1,0.730023,SYNTHETIC / SIMULATED — NOT REAL STUDENT DATA
S00027,2025-01-25T03:14:53.418297+00:00,29,DBMS,Normalization,Easy,28.0,0.4642857142857143,0.2,1.0,0.0,0.0,0.0,86.75,0.0,0.0,0.0,0.0,403.3740106261111,0,0.211767,SYNTHETIC / SIMULATED — NOT REAL STUDENT DATA
S00027,2025-01-25T10:22:44.247867+00:00,30,Computer Networks,TCP,Easy,29.0,0.4482758620689655,0.625,2.0,0.0,0.0,0.0,117.43,4.049999999999794,0.5,0.0,0.0,335.19833217333337,0,0.5303,SYNTHETIC / SIMULATED — NOT REAL STUDENT DATA
S00027,2025-01-25T17:11:27.296772+00:00,31,Software Engineering,Waterfall,Easy,30.0,0.4666666666666667,1.0,0.0,0.5,0.5,0.5,0.0,0.0,0.5,0.5,0.0,168.0,1,0.787705,SYNTHETIC / SIMULATED — NOT REAL STUDENT DATA
S00027,2025-01-26T21:39:59.163704+00:00,32,Operating Systems,Threads,Hard,31.0,0.4838709677419355,0.4,0.0,0.5,0.5,0.5,0.0,0.0,0.5,0.5,0.0,168.0,0,0.59027,SYNTHETIC / SIMULATED — NOT REAL STUDENT DATA
S00027,2025-01-28T03:44:41.808407+00:00,33,DSA,Arrays,Easy,32.0,0.46875,0.16666666666666666,1.0,1.0,1.0,1.0,48.66,0.0,1.0,1.0,0.0,350.8229916869445,0,0.60416,SYNTHETIC / SIMULATED — NOT REAL STUDENT DATA
S00027,2025-01-28T17:05:12.086123+00:00,34,Software Engineering,Project Management,Medium,33.0,0.48484848484848486,1.0,0.0,0.5,0.5,0.5,0.0,0.0,0.5,0.5,0.0,168.0,0,0.594746,SYNTHETIC / SIMULATED — NOT REAL STUDENT DATA
S00027,2025-01-29T01:51:35.555723+00:00,35,Computer Networks,HTTP,Easy,34.0,0.47058823529411764,0.6666666666666666,0.0,0.5,0.5,0.5,0.0,0.0,0.5,0.5,0.0,168.0,0,0.224643,SYNTHETIC / SIMULATED — NOT REAL STUDENT DATA
S00027,2025-01-30T12:13:19.957251+00:00,36,DBMS,Indexing,Hard,35.0,0.45714285714285713,0.16666666666666666,1.0,0.0,0.0,0.0,99.35,0.0,0.5,0.0,0.0,468.96297470944444,0,0.284854,SYNTHETIC / SIMULATED — NOT REAL STUDENT DATA
S00027,2025-01-30T18:39:34.617895+00:00,37,DBMS,ER Model,Easy,36.0,0.4444444444444444,0.14285714285714285,0.0,0.5,0.5,0.5,0.0,0.0,0.5,0.5,0.0,168.0,0,0.271185,SYNTHETIC / SIMULATED — NOT REAL STUDENT DATA
S00027,2025-01-31T20:06:41.410994+00:00,38,Computer Networks,OSI,Easy,37.0,0.43243243243243246,0.6,0.0,0.5,0.5,0.5,0.0,0.0,0.5,0.5,0.0,168.0,0,0.464485,SYNTHETIC / SIMULATED — NOT REAL STUDENT DATA
S00027,2025-02-01T10:03:55.010889+00:00,39,Computer Networks,IP Addressing,Hard,38.0,0.42105263157894735,0.5454545454545454,1.0,1.0,1.0,1.0,75.06,0.0,0.5,1.0,0.0,227.25830467833333,0,0.546173,SYNTHETIC / SIMULATED — NOT REAL STUDENT DATA
S00027,2025-02-02T22:37:50.731056+00:00,40,DSA,Arrays,Hard,39.0,0.41025641025641024,0.2857142857142857,2.0,1.0,1.0,1.0,47.75,0.9099999999998473,0.5,1.0,0.0,138.88581184694445,0,0.606278,SYNTHETIC / SIMULATED — NOT REAL STUDENT DATA
S00027,2025-02-03T04:43:17.822584+00:00,41,Operating Systems,Memory Management,Medium,40.0,0.4,0.3333333333333333,2.0,0.5,0.5,0.5,76.215,43.705,0.0,1.0,0.0,250.07826856055556,1,0.741691,SYNTHETIC / SIMULATED — NOT REAL STUDENT DATA
S00027,2025-02-03T23:29:28.624480+00:00,42,Operating Systems,I/O Management,Medium,41.0,0.4146341463414634,0.42857142857142855,1.0,1.0,1.0,1.0,111.87,0.0,0.5,1.0,0.0,306.7733310277778,0,0.268666,SYNTHETIC / SIMULATED — NOT REAL STUDENT DATA
S00027,2025-02-05T02:08:57.398604+00:00,43,DSA,Trees,Easy,42.0,0.40476190476190477,0.25,0.0,0.5,0.5,0.5,0.0,0.0,0.5,0.5,0.0,168.0,0,0.576567,SYNTHETIC / SIMULATED — NOT REAL STUDENT DATA
S00027,2025-02-06T00:47:14.831593+00:00,44,Software Engineering,Software Quality,Easy,43.0,0.3953488372093023,0.8333333333333334,1.0,1.0,1.0,1.0,28.18,0.0,0.5,1.0,0.0,535.4974922569445,1,0.951076,SYNTHETIC / SIMULATED — NOT REAL STUDENT DATA
S00027,2025-02-07T10:11:26.931254+00:00,45,Operating Systems,I/O Management,Medium,44.0,0.4090909090909091,0.375,2.0,0.5,0.5,0.5,114.81,2.939999999999902,0.0,0.0,0.0,82.69952965944444,0,0.274329,SYNTHETIC / SIMULATED — NOT REAL STUDENT DATA
S00027,2025-02-08T06:42:11.472782+00:00,46,Computer Networks,Routing,Easy,45.0,0.4,0.5,0.0,0.5,0.5,0.5,0.0,0.0,0.5,0.5,0.0,168.0,0,0.507713,SYNTHETIC / SIMULATED — NOT REAL STUDENT DATA
S00027,2025-02-08T16:08:09.129253+00:00,47,DBMS,Keys,Medium,46.0,0.41304347826086957,0.125,0.0,0.5,0.5,0.5,0.0,0.0,0.5,0.5,0.0,168.0,0,0.215377,SYNTHETIC / SIMULATED — NOT REAL STUDENT DATA
S00027,2025-02-09T02:29:47.184861+00:00,48,Operating Systems,Processes,Hard,47.0,0.40425531914893614,0.3333333333333333,0.0,0.5,0.5,0.5,0.0,0.0,0.5,0.5,0.0,168.0,0,0.548485,SYNTHETIC / SIMULATED — NOT REAL STUDENT DATA
S00027,2025-02-10T13:53:37.227204+00:00,49,DSA,Arrays,Hard,48.0,0.3958333333333333,0.2222222222222222,3.0,0.6666666666666666,0.6666666666666666,0.6666666666666666,88.87666666666667,58.166635530077635,0.0,0.0,0.0,183.26291559666666,0,0.607949,SYNTHETIC / SIMULATED — NOT REAL STUDENT DATA
S00027,2025-02-11T21:48:01.144592+00:00,50,DBMS,Relational Algebra,Easy,49.0,0.3877551020408163,0.1111111111111111,1.0,0.0,0.0,0.0,42.03,0.0,0.0,0.0,0.0,698.9266917388888,0,0.515738,SYNTHETIC / SIMULATED — NOT REAL STUDENT DATA
S00027,2025-02-13T11:42:34.781221+00:00,51,Software Engineering,UML,Easy,50.0,0.4,0.8571428571428571,1.0,1.0,1.0,1.0,18.81,0.0,1.0,1.0,0.0,647.8534674266666,1,0.836075,SYNTHETIC / SIMULATED — NOT REAL STUDENT DATA
S00027,2025-02-13T15:56:13.672582+00:00,52,DSA,Strings,Medium,51.0,0.4117647058823529,0.2,1.0,0.0,0.0,0.0,155.05,0.0,0.5,0.0,0.0,720.0,0,0.642538,SYNTHETIC / SIMULATED — NOT REAL STUDENT DATA
S00027,2025-02-13T20:50:34.845415+00:00,53,Software Engineering,SDLC,Easy,52.0,0.4230769230769231,0.875,0.0,0.5,0.5,0.5,0.0,0.0,0.5,0.5,0.0,168.0,0,0.692931,SYNTHETIC / SIMULATED — NOT REAL STUDENT DATA
S00027,2025-02-15T04:20:06.333335+00:00,54,Operating Systems,Memory Management,Hard,53.0,0.4339622641509434,0.3,3.0,0.6666666666666666,0.6666666666666666,0.6666666666666666,79.91000000000001,36.0655523549365,0.5,1.0,0.0,287.61347520861113,1,0.74677,SYNTHETIC / SIMULATED — NOT REAL STUDENT DATA
S00027,2025-02-16T10:18:23.428155+00:00,55,DBMS,Concurrency Control,Hard,54.0,0.42592592592592593,0.2,1.0,0.0,0.0,0.0,155.16,0.0,0.5,0.0,0.0,720.0,0,0.405287,SYNTHETIC / SIMULATED — NOT REAL STUDENT DATA
S00027,2025-02-17T16:55:36.994675+00:00,56,DBMS,DBMS Basics,Hard,55.0,0.43636363636363634,0.2727272727272727,1.0,1.0,1.0,1.0,137.82,0.0,0.5,1.0,0.0,720.0,0,0.331882,SYNTHETIC / SIMULATED — NOT REAL STUDENT DATA
S00027,2025-02-17T21:42:02.958880+00:00,57,DSA,Recursion,Easy,56.0,0.42857142857142855,0.2727272727272727,1.0,0.0,0.0,0.0,71.06,0.0,0.0,0.0,0.0,668.7856212391666,0,0.388809,SYNTHETIC / SIMULATED — NOT REAL STUDENT DATA
S00027,2025-02-19T07:48:10.314524+00:00,58,Computer Networks,OSI,Medium,57.0,0.43859649122807015,0.5384615384615384,1.0,0.0,0.0,0.0,110.62,0.0,0.5,0.0,0.0,443.6913620916667,0,0.481769,SYNTHETIC / SIMULATED — NOT REAL STUDENT DATA
S00027,2025-02-20T03:59:35.463748+00:00,59,DSA,Recursion,Hard,58.0,0.4482758620689655,0.3333333333333333,2.0,0.5,0.5,0.5,63.535,7.5250000000000385,0.5,1.0,0.0,54.29236246333333,0,0.394851,SYNTHETIC / SIMULATED — NOT REAL STUDENT DATA
S00027,2025-02-21T02:00:10.753236+00:00,60,Operating Systems,Deadlocks,Easy,59.0,0.4406779661016949,0.2727272727272727,0.0,0.5,0.5,0.5,0.0,0.0,0.5,0.5,0.0,168.0,0,0.492066,SYNTHETIC / SIMULATED — NOT REAL STUDENT DATA
S00028,2025-01-03T10:08:25.016639+00:00,1,Computer Networks,TCP,Easy,0.0,0.5,0.5,0.0,0.5,0.5,0.5,0.0,0.0,0.5,0.5,0.0,168.0,0,0.505559,SYNTHETIC / SIMULATED — NOT REAL STUDENT DATA
S00028,2025-01-04T02:47:20.611884+00:00,2,DBMS,Joins,Medium,1.0,0.0,0.5,0.0,0.5,0.5,0.5,0.0,0.0,0.5,0.5,0.0,168.0,0,0.299831,SYNTHETIC / SIMULATED — NOT REAL STUDENT DATA
S00028,2025-01-05T13:59:22.601757+00:00,3,Software Engineering,UML,Medium,2.0,0.5,0.5,0.0,0.5,0.5,0.5,0.0,0.0,0.5,0.5,0.0,168.0,0,0.436252,SYNTHETIC / SIMULATED — NOT REAL STUDENT DATA
S00028,2025-01-06T14:10:45.230646+00:00,4,DBMS,Joins,Hard,3.0,0.3333333333333333,1.0,1.0,1.0,1.0,1.0,102.27,0.0,0.5,1.0,0.0,59.390171878333334,0,0.305757,SYNTHETIC / SIMULATED — NOT REAL STUDENT DATA
S00028,2025-01-07T21:05:54.377911+00:00,5,Computer Networks,TCP,Easy,4.0,0.25,0.0,1.0,0.0,0.0,0.0,69.27,0.0,0.0,0.0,0.0,106.9581559088889,0,0.51893,SYNTHETIC / SIMULATED — NOT REAL STUDENT DATA
S00028,2025-01-09T08:33:06.872024+00:00,6,DBMS,Keys,Hard,5.0,0.4,0.5,0.0,0.5,0.5,0.5,0.0,0.0,0.5,0.5,0.0,168.0,0,0.308737,SYNTHETIC / SIMULATED — NOT REAL STUDENT DATA
S00028,2025-01-10T01:07:04.638522+00:00,7,Operating Systems,Synchronization,Hard,6.0,0.5,0.5,0.0,0.5,0.5,0.5,0.0,0.0,0.5,0.5,0.0,168.0,0,0.641315,SYNTHETIC / SIMULATED — NOT REAL STUDENT DATA
S00028,2025-01-10T15:02:37.516919+00:00,8,DBMS,Relational Algebra,Easy,7.0,0.42857142857142855,0.6666666666666666,0.0,0.5,0.5,0.5,0.0,0.0,0.5,0.5,0.0,168.0,0,0.334861,SYNTHETIC / SIMULATED — NOT REAL STUDENT DATA
S00028,2025-01-11T07:30:20.013459+00:00,9,Software Engineering,Testing,Medium,8.0,0.375,0.0,0.0,0.5,0.5,0.5,0.0,0.0,0.5,0.5,0.0,168.0,0,0.392947,SYNTHETIC / SIMULATED — NOT REAL STUDENT DATA
S00028,2025-01-11T12:21:35.706008+00:00,10,DBMS,Concurrency Control,Easy,9.0,0.4444444444444444,0.5,0.0,0.5,0.5,0.5,0.0,0.0,0.5,0.5,0.0,168.0,0,0.3219,SYNTHETIC / SIMULATED — NOT REAL STUDENT DATA
S00028,2025-01-11T18:22:27.268249+00:00,11,Software Engineering,Waterfall,Medium,10.0,0.5,0.5,0.0,0.5,0.5,0.5,0.0,0.0,0.5,0.5,0.0,168.0,0,0.217104,SYNTHETIC / SIMULATED — NOT REAL STUDENT DATA
S00028,2025-01-12T11:35:39.628302+00:00,12,Computer Networks,Network Security,Easy,11.0,0.45454545454545453,0.5,0.0,0.5,0.5,0.5,0.0,0.0,0.5,0.5,0.0,168.0,1,0.726104,SYNTHETIC / SIMULATED — NOT REAL STUDENT DATA
S00028,2025-01-13T19:39:27.245394+00:00,13,Operating Systems,Deadlocks,Medium,12.0,0.5,0.0,0.0,0.5,0.5,0.5,0.0,0.0,0.5,0.5,0.0,168.0,0,0.525939,SYNTHETIC / SIMULATED — NOT REAL STUDENT DATA
S00028,2025-01-15T05:14:44.011795+00:00,14,Software Engineering,Testing,Easy,13.0,0.5384615384615384,0.3333333333333333,1.0,1.0,1.0,1.0,177.54,0.0,0.5,1.0,0.0,93.73999953777778,0,0.409213,SYNTHETIC / SIMULATED — NOT REAL STUDENT DATA
S00028,2025-01-16T05:50:38.591888+00:00,15,Software Engineering,Project Management,Easy,14.0,0.5714285714285714,0.5,0.0,0.5,0.5,0.5,0.0,0.0,0.5,0.5,0.0,168.0,0,0.475275,SYNTHETIC / SIMULATED — NOT REAL STUDENT DATA
S00028,2025-01-16T20:30:50.863041+00:00,16,DBMS,DBMS Basics,Medium,15.0,0.5333333333333333,0.6,0.0,0.5,0.5,0.5,0.0,0.0,0.5,0.5,0.0,168.0,0,0.271111,SYNTHETIC / SIMULATED — NOT REAL STUDENT DATA
S00028,2025-01-17T17:38:35.823406+00:00,17,Software Engineering,SRS,Easy,16.0,0.5,0.4,0.0,0.5,0.5,0.5,0.0,0.0,0.5,0.5,0.0,168.0,0,0.611903,SYNTHETIC / SIMULATED — NOT REAL STUDENT DATA
S00028,2025-01-17T21:37:52.135857+00:00,18,Software Engineering,Git/Version Control,Hard,17.0,0.5294117647058824,0.5,0.0,0.5,0.5,0.5,0.0,0.0,0.5,0.5,0.0,168.0,0,0.345204,SYNTHETIC / SIMULATED — NOT REAL STUDENT DATA
S00028,2025-01-19T03:24:06.391903+00:00,19,Computer Networks,OSI,Easy,18.0,0.5555555555555556,0.6666666666666666,0.0,0.5,0.5,0.5,0.0,0.0,0.5,0.5,0.0,168.0,0,0.662896,SYNTHETIC / SIMULATED — NOT REAL STUDENT DATA
S00028,2025-01-20T12:46:13.398817+00:00,20,Computer Networks,HTTP,Hard,19.0,0.5789473684210527,0.75,0.0,0.5,0.5,0.5,0.0,0.0,0.5,0.5,0.0,168.0,0,0.394406,SYNTHETIC / SIMULATED — NOT REAL STUDENT DATA
S00028,2025-01-21T16:55:51.416728+00:00,21,Software Engineering,Agile,Hard,20.0,0.55,0.5714285714285714,0.0,0.5,0.5,0.5,0.0,0.0,0.5,0.5,0.0,168.0,0,0.293327,SYNTHETIC / SIMULATED — NOT REAL STUDENT DATA
S00028,2025-01-21T23:31:21.938766+00:00,22,DBMS,Indexing,Easy,21.0,0.5238095238095238,0.5,0.0,0.5,0.5,0.5,0.0,0.0,0.5,0.5,0.0,168.0,0,0.446833,SYNTHETIC / SIMULATED — NOT REAL STUDENT DATA
S00028,2025-01-22T09:29:13.823522+00:00,23,Operating Systems,CPU Scheduling,Hard,22.0,0.5,0.5,0.0,0.5,0.5,0.5,0.0,0.0,0.5,0.5,0.0,168.0,0,0.486163,SYNTHETIC / SIMULATED — NOT REAL STUDENT DATA
S00028,2025-01-23T07:52:17.018934+00:00,24,Software Engineering,Testing,Hard,23.0,0.4782608695652174,0.5,2.0,1.0,1.0,1.0,112.585,64.95499999999998,0.5,1.0,0.0,194.6258353163889,0,0.408267,SYNTHETIC / SIMULATED — NOT REAL STUDENT DATA
S00028,2025-01-23T11:27:19.319809+00:00,25,Operating Systems,Memory Management,Easy,24.0,0.4583333333333333,0.3333333333333333,0.0,0.5,0.5,0.5,0.0,0.0,0.5,0.5,0.0,168.0,0,0.559772,SYNTHETIC / SIMULATED — NOT REAL STUDENT DATA
S00028,2025-01-24T23:17:34.623600+00:00,26,Operating Systems,I/O Management,Easy,25.0,0.48,0.5,0.0,0.5,0.5,0.5,0.0,0.0,0.5,0.5,0.0,168.0,0,0.626225,SYNTHETIC / SIMULATED — NOT REAL STUDENT DATA
S00028,2025-01-25T08:40:20.405396+00:00,27,Computer Networks,TCP,Easy,26.0,0.46153846153846156,0.6,2.0,0.5,0.5,0.5,56.035,13.235000000000007,0.5,1.0,0.0,419.5738965236111,0,0.531843,SYNTHETIC / SIMULATED — NOT REAL STUDENT DATA
S00028,2025-01-25T13:02:01.319509+00:00,28,DSA,Hashing,Easy,27.0,0.48148148148148145,0.5,0.0,0.5,0.5,0.5,0.0,0.0,0.5,0.5,0.0,168.0,1,0.754511,SYNTHETIC / SIMULATED — NOT REAL STUDENT DATA
S00028,2025-01-26T12:40:26.453092+00:00,29,DBMS,Normalization,Hard,28.0,0.5,0.42857142857142855,0.0,0.5,0.5,0.5,0.0,0.0,0.5,0.5,0.0,168.0,0,0.218237,SYNTHETIC / SIMULATED — NOT REAL STUDENT DATA
S00028,2025-01-27T01:29:58.707313+00:00,30,DBMS,Relational Algebra,Medium,29.0,0.5172413793103449,0.5,1.0,0.0,0.0,0.0,63.79,0.0,0.5,0.0,0.0,394.45588622055556,0,0.359313,SYNTHETIC / SIMULATED — NOT REAL STUDENT DATA
S00028,2025-01-28T08:30:42.901268+00:00,31,Computer Networks,Network Security,Hard,30.0,0.5333333333333333,0.6666666666666666,1.0,1.0,1.0,1.0,44.33,0.0,0.5,1.0,0.0,380.9175758238889,1,0.732001,SYNTHETIC / SIMULATED — NOT REAL STUDENT DATA
S00028,2025-01-28T18:53:44.945622+00:00,32,Operating Systems,Processes,Easy,31.0,0.5161290322580645,0.4,0.0,0.5,0.5,0.5,0.0,0.0,0.5,0.5,0.0,168.0,0,0.539728,SYNTHETIC / SIMULATED — NOT REAL STUDENT DATA
S00028,2025-01-29T10:38:17.451798+00:00,33,DSA,Dynamic Programming,Easy,32.0,0.53125,1.0,0.0,0.5,0.5,0.5,0.0,0.0,0.5,0.5,0.0,168.0,1,0.891767,SYNTHETIC / SIMULATED — NOT REAL STUDENT DATA
S00028,2025-01-30T19:41:37.691730+00:00,34,DBMS,Joins,Medium,33.0,0.5454545454545454,0.5555555555555556,2.0,0.5,0.5,0.5,143.525,41.254999999999995,1.0,0.0,0.0,581.5145725233333,0,0.309723,SYNTHETIC / SIMULATED — NOT REAL STUDENT DATA
S00028,2025-02-01T09:33:08.070342+00:00,35,DSA,Linked Lists,Medium,34.0,0.5294117647058824,1.0,0.0,0.5,0.5,0.5,0.0,0.0,0.5,0.5,0.0,168.0,1,0.875268,SYNTHETIC / SIMULATED — NOT REAL STUDENT DATA
S00028,2025-02-02T15:39:02.894511+00:00,36,DSA,Graphs,Easy,35.0,0.5428571428571428,1.0,0.0,0.5,0.5,0.5,0.0,0.0,0.5,0.5,0.0,168.0,0,0.635516,SYNTHETIC / SIMULATED — NOT REAL STUDENT DATA
S00028,2025-02-03T23:02:58.864209+00:00,37,Computer Networks,TCP/IP,Hard,36.0,0.5555555555555556,0.5714285714285714,0.0,0.5,0.5,0.5,0.0,0.0,0.5,0.5,0.0,168.0,0,0.483646,SYNTHETIC / SIMULATED — NOT REAL STUDENT DATA
S00028,2025-02-04T03:24:30.499889+00:00,38,DSA,Arrays,Easy,37.0,0.5405405405405406,1.0,0.0,0.5,0.5,0.5,0.0,0.0,0.5,0.5,0.0,168.0,1,0.817779,SYNTHETIC / SIMULATED — NOT REAL STUDENT DATA
S00028,2025-02-05T12:49:59.367321+00:00,39,Computer Networks,DHCP,Medium,38.0,0.5526315789473685,0.5,0.0,0.5,0.5,0.5,0.0,0.0,0.5,0.5,0.0,168.0,1,0.707878,SYNTHETIC / SIMULATED — NOT REAL STUDENT DATA
S00028,2025-02-06T21:01:13.708701+00:00,40,Computer Networks,DNS,Easy,39.0,0.5641025641025641,0.5555555555555556,0.0,0.5,0.5,0.5,0.0,0.0,0.5,0.5,0.0,168.0,1,0.782029,SYNTHETIC / SIMULATED — NOT REAL STUDENT DATA
S00028,2025-02-08T08:42:39.715422+00:00,41,DBMS,Normalization,Hard,40.0,0.575,0.5,1.0,1.0,1.0,1.0,103.97,0.0,1.0,1.0,0.0,308.0370173138889,0,0.222586,SYNTHETIC / SIMULATED — NOT REAL STUDENT DATA
S00028,2025-02-09T05:53:31.424849+00:00,42,DBMS,ER Model,Hard,41.0,0.5609756097560976,0.45454545454545453,0.0,0.5,0.5,0.5,0.0,0.0,0.5,0.5,0.0,168.0,0,0.446972,SYNTHETIC / SIMULATED — NOT REAL STUDENT DATA
S00028,2025-02-09T14:11:08.058276+00:00,43,DBMS,Transactions,Easy,42.0,0.5476190476190477,0.4166666666666667,0.0,0.5,0.5,0.5,0.0,0.0,0.5,0.5,0.0,168.0,0,0.266481,SYNTHETIC / SIMULATED — NOT REAL STUDENT DATA
S00028,2025-02-10T20:25:54.049887+00:00,44,Software Engineering,UML,Hard,43.0,0.5348837209302325,0.4444444444444444,1.0,0.0,0.0,0.0,77.37,0.0,0.5,0.0,0.0,720.0,0,0.436123,SYNTHETIC / SIMULATED — NOT REAL STUDENT DATA
S00028,2025-02-11T10:28:51.315715+00:00,45,Computer Networks,OSI,Easy,44.0,0.5227272727272727,0.6,1.0,1.0,1.0,1.0,60.07,0.0,1.0,1.0,0.0,559.0791455033334,0,0.665036,SYNTHETIC / SIMULATED — NOT REAL STUDENT DATA
S00028,2025-02-11T21:39:39.625566+00:00,46,Computer Networks,DNS,Easy,45.0,0.5111111111111111,0.5454545454545454,1.0,1.0,1.0,1.0,24.21,0.0,1.0,1.0,0.0,120.64053246249999,1,0.78655,SYNTHETIC / SIMULATED — NOT REAL STUDENT DATA
S00028,2025-02-13T06:25:26.570941+00:00,47,DSA,Recursion,Easy,46.0,0.5217391304347826,1.0,0.0,0.5,0.5,0.5,0.0,0.0,0.5,0.5,0.0,168.0,1,0.979453,SYNTHETIC / SIMULATED — NOT REAL STUDENT DATA
S00028,2025-02-13T14:49:35.987571+00:00,48,Computer Networks,HTTP,Easy,47.0,0.5319148936170213,0.5833333333333334,1.0,0.0,0.0,0.0,199.83,0.0,0.5,0.0,0.0,578.0562746538889,0,0.412221,SYNTHETIC / SIMULATED — NOT REAL STUDENT DATA
S00028,2025-02-14T02:01:57.279645+00:00,49,Operating Systems,Security,Easy,48.0,0.5416666666666666,0.5,0.0,0.5,0.5,0.5,0.0,0.0,0.5,0.5,0.0,168.0,0,0.610803,SYNTHETIC / SIMULATED — NOT REAL STUDENT DATA
S00028,2025-02-15T03:21:45.309630+00:00,50,Software Engineering,SRS,Medium,49.0,0.5510204081632653,0.4,1.0,1.0,1.0,1.0,57.75,0.0,0.5,1.0,0.0,681.7193017288888,0,0.62668,SYNTHETIC / SIMULATED — NOT REAL STUDENT DATA
S00028,2025-02-16T13:17:53.785116+00:00,51,DBMS,DBMS Basics,Easy,50.0,0.56,0.38461538461538464,1.0,0.0,0.0,0.0,80.29,0.0,0.5,0.0,0.0,720.0,0,0.294855,SYNTHETIC / SIMULATED — NOT REAL STUDENT DATA
S00028,2025-02-16T17:30:56.113741+00:00,52,DBMS,DBMS Basics,Easy,51.0,0.5686274509803921,0.42857142857142855,2.0,0.5,0.5,0.5,64.56,15.729999999999993,1.0,1.0,0.0,4.2173135069444445,0,0.299498,SYNTHETIC / SIMULATED — NOT REAL STUDENT DATA
S00028,2025-02-16T21:33:50.343150+00:00,53,Computer Networks,Routing,Hard,52.0,0.5576923076923077,0.6153846153846154,0.0,0.5,0.5,0.5,0.0,0.0,0.5,0.5,0.0,168.0,0,0.649243,SYNTHETIC / SIMULATED — NOT REAL STUDENT DATA
S00028,2025-02-17T06:26:19.960286+00:00,54,DSA,Hashing,Medium,53.0,0.5660377358490566,1.0,1.0,1.0,1.0,1.0,29.52,0.0,0.5,1.0,0.0,545.4051779936111,1,0.765911,SYNTHETIC / SIMULATED — NOT REAL STUDENT DATA
S00028,2025-02-18T17:40:24.557797+00:00,55,Operating Systems,Processes,Medium,54.0,0.5740740740740741,0.5714285714285714,1.0,1.0,1.0,1.0,77.61,0.0,0.5,1.0,0.0,502.77767004861107,0,0.554471,SYNTHETIC / SIMULATED — NOT REAL STUDENT DATA
S00028,2025-02-20T04:07:03.544595+00:00,56,DBMS,DBMS Basics,Medium,55.0,0.5818181818181818,0.4,3.0,0.3333333333333333,0.3333333333333333,0.3333333333333333,64.58,12.843522362135223,0.0,0.0,0.0,82.6020641261111,0,0.304205,SYNTHETIC / SIMULATED — NOT REAL STUDENT DATA
S00028,2025-02-21T01:43:12.684528+00:00,57,Software Engineering,Git/Version Control,Easy,56.0,0.5714285714285714,0.45454545454545453,1.0,1.0,1.0,1.0,118.53,0.0,0.5,1.0,0.0,720.0,0,0.365036,SYNTHETIC / SIMULATED — NOT REAL STUDENT DATA
S00028,2025-02-21T08:58:18.342304+00:00,58,Software Engineering,UML,Easy,57.0,0.5789473684210527,0.5,2.0,0.0,0.0,0.0,98.19,20.820000000000057,0.5,0.0,0.0,252.54008122694447,0,0.45328,SYNTHETIC / SIMULATED — NOT REAL STUDENT DATA
S00028,2025-02-21T17:11:25.656508+00:00,59,Operating Systems,Processes,Hard,58.0,0.5862068965517241,0.625,2.0,1.0,1.0,1.0,83.49000000000001,5.879999999999882,0.5,1.0,0.0,71.51697186416666,0,0.55911,SYNTHETIC / SIMULATED — NOT REAL STUDENT DATA
S00028,2025-02-21T21:17:14.115427+00:00,60,Software Engineering,Testing,Hard,59.0,0.576271186440678,0.5384615384615384,3.0,0.6666666666666666,0.6666666666666666,0.6666666666666666,139.70333333333335,65.44903377607814,0.0,0.0,0.0,709.4158601369445,0,0.431974,SYNTHETIC / SIMULATED — NOT REAL STUDENT DATA
S00029,2025-01-02T18:52:53.065737+00:00,1,Software Engineering,SDLC,Hard,0.0,0.5,0.5,0.0,0.5,0.5,0.5,0.0,0.0,0.5,0.5,0.0,168.0,0,0.689843,SYNTHETIC / SIMULATED — NOT REAL STUDENT DATA
S00029,2025-01-03T13:43:16.804861+00:00,2,Software Engineering,Software Quality,Hard,1.0,0.0,0.0,0.0,0.5,0.5,0.5,0.0,0.0,0.5,0.5,0.0,168.0,0,0.621797,SYNTHETIC / SIMULATED — NOT REAL STUDENT DATA
S00029,2025-01-04T14:36:45.431938+00:00,3,Software Engineering,Software Quality,Medium,2.0,0.5,0.5,1.0,1.0,1.0,1.0,102.57,0.0,0.5,1.0,0.0,24.891285299166665,0,0.623826,SYNTHETIC / SIMULATED — NOT REAL STUDENT DATA
S00029,2025-01-05T05:10:50.387721+00:00,4,Software Engineering,SDLC,Hard,3.0,0.3333333333333333,0.3333333333333333,1.0,0.0,0.0,0.0,158.03,0.0,0.0,0.0,0.0,58.29925610666667,0,0.690591,SYNTHETIC / SIMULATED — NOT REAL STUDENT DATA
S00029,2025-01-05T22:18:58.794785+00:00,5,Software Engineering,Agile,Easy,4.0,0.25,0.25,0.0,0.5,0.5,0.5,0.0,0.0,0.5,0.5,0.0,168.0,0,0.35838,SYNTHETIC / SIMULATED — NOT REAL STUDENT DATA
S00029,2025-01-07T11:36:25.826820+00:00,6,Operating Systems,Security,Medium,5.0,0.4,0.5,0.0,0.5,0.5,0.5,0.0,0.0,0.5,0.5,0.0,168.0,1,0.962051,SYNTHETIC / SIMULATED — NOT REAL STUDENT DATA
S00029,2025-01-08T07:12:15.285215+00:00,7,Software Engineering,SRS,Easy,6.0,0.5,0.4,0.0,0.5,0.5,0.5,0.0,0.0,0.5,0.5,0.0,168.0,0,0.466075,SYNTHETIC / SIMULATED — NOT REAL STUDENT DATA
S00029,2025-01-09T14:11:03.230444+00:00,8,Operating Systems,Paging,Easy,7.0,0.5714285714285714,1.0,0.0,0.5,0.5,0.5,0.0,0.0,0.5,0.5,0.0,168.0,1,0.980198,SYNTHETIC / SIMULATED — NOT REAL STUDENT DATA
S00029,2025-01-10T16:18:22.780764+00:00,9,DBMS,ER Model,Easy,8.0,0.625,0.5,0.0,0.5,0.5,0.5,0.0,0.0,0.5,0.5,0.0,168.0,1,0.962441,SYNTHETIC / SIMULATED — NOT REAL STUDENT DATA
S00029,2025-01-11T02:46:58.421946+00:00,10,Software Engineering,Project Management,Easy,9.0,0.6666666666666666,0.5,0.0,0.5,0.5,0.5,0.0,0.0,0.5,0.5,0.0,168.0,0,0.562324,SYNTHETIC / SIMULATED — NOT REAL STUDENT DATA
S00029,2025-01-11T07:49:03.250118+00:00,11,DBMS,Concurrency Control,Easy,10.0,0.7,1.0,0.0,0.5,0.5,0.5,0.0,0.0,0.5,0.5,0.0,168.0,0,0.693614,SYNTHETIC / SIMULATED — NOT REAL STUDENT DATA
S00029,2025-01-12T04:44:16.620387+00:00,12,DSA,Heap,Medium,11.0,0.7272727272727273,0.5,0.0,0.5,0.5,0.5,0.0,0.0,0.5,0.5,0.0,168.0,1,0.980479,SYNTHETIC / SIMULATED — NOT REAL STUDENT DATA
S00029,2025-01-12T16:58:36.339033+00:00,13,Software Engineering,Waterfall,Easy,12.0,0.75,0.5714285714285714,0.0,0.5,0.5,0.5,0.0,0.0,0.5,0.5,0.0,168.0,1,0.718442,SYNTHETIC / SIMULATED — NOT REAL STUDENT DATA
S00029,2025-01-13T01:52:44.867127+00:00,14,Software Engineering,UML,Hard,13.0,0.7692307692307693,0.625,0.0,0.5,0.5,0.5,0.0,0.0,0.5,0.5,0.0,168.0,0,0.616385,SYNTHETIC / SIMULATED — NOT REAL STUDENT DATA
S00029,2025-01-14T10:38:20.678948+00:00,15,DBMS,DBMS Basics,Hard,14.0,0.7142857142857143,1.0,0.0,0.5,0.5,0.5,0.0,0.0,0.5,0.5,0.0,168.0,1,0.866505,SYNTHETIC / SIMULATED — NOT REAL STUDENT DATA
S00029,2025-01-15T00:27:39.629175+00:00,16,Software Engineering,SRS,Hard,15.0,0.6666666666666666,0.5555555555555556,1.0,1.0,1.0,1.0,82.66,0.0,0.5,1.0,0.0,161.2567622111111,0,0.472268,SYNTHETIC / SIMULATED — NOT REAL STUDENT DATA
S00029,2025-01-16T12:07:00.383460+00:00,17,Computer Networks,TCP,Easy,16.0,0.625,0.5,0.0,0.5,0.5,0.5,0.0,0.0,0.5,0.5,0.0,168.0,1,0.976336,SYNTHETIC / SIMULATED — NOT REAL STUDENT DATA
S00029,2025-01-17T19:12:21.220493+00:00,18,Software Engineering,Agile,Easy,17.0,0.6470588235294118,0.5,1.0,1.0,1.0,1.0,51.9,0.0,1.0,1.0,0.0,284.88956269666664,0,0.375854,SYNTHETIC / SIMULATED — NOT REAL STUDENT DATA
S00029,2025-01-19T08:06:12.749943+00:00,19,Operating Systems,File Systems,Hard,18.0,0.6666666666666666,1.0,0.0,0.5,0.5,0.5,0.0,0.0,0.5,0.5,0.0,168.0,1,0.980508,SYNTHETIC / SIMULATED — NOT REAL STUDENT DATA
S00029,2025-01-20T01:47:53.247334+00:00,20,Software Engineering,Software Quality,Medium,19.0,0.6842105263157895,0.5454545454545454,2.0,0.5,0.5,0.5,102.21,0.36000000000029103,0.0,0.0,0.0,371.1855042766666,0,0.633764,SYNTHETIC / SIMULATED — NOT REAL STUDENT DATA
S00029,2025-01-20T06:16:22.262202+00:00,21,Operating Systems,Memory Management,Easy,20.0,0.7,1.0,0.0,0.5,0.5,0.5,0.0,0.0,0.5,0.5,0.0,168.0,1,0.982134,SYNTHETIC / SIMULATED — NOT REAL STUDENT DATA
S00029,2025-01-20T20:27:37.967231+00:00,22,DBMS,Indexing,Easy,21.0,0.7142857142857143,0.6666666666666666,0.0,0.5,0.5,0.5,0.0,0.0,0.5,0.5,0.0,168.0,1,0.822512,SYNTHETIC / SIMULATED — NOT REAL STUDENT DATA
S00029,2025-01-21T22:28:24.077576+00:00,23,DBMS,DBMS Basics,Hard,22.0,0.7272727272727273,0.75,1.0,0.0,0.0,0.0,96.79,0.0,0.0,0.0,0.0,179.8342773966667,1,0.872474,SYNTHETIC / SIMULATED — NOT REAL STUDENT DATA
S00029,2025-01-22T14:17:19.255059+00:00,24,Software Engineering,Project Management,Hard,23.0,0.7391304347826086,0.5833333333333334,1.0,1.0,1.0,1.0,29.2,0.0,0.5,1.0,0.0,275.50578697583336,0,0.584613,SYNTHETIC / SIMULATED — NOT REAL STUDENT DATA
S00029,2025-01-23T09:11:56.463396+00:00,25,Software Engineering,Agile,Hard,24.0,0.75,0.6153846153846154,2.0,1.0,1.0,1.0,55.59,3.689999999999964,0.5,1.0,0.0,133.9931230286111,0,0.399859,SYNTHETIC / SIMULATED — NOT REAL STUDENT DATA
S00029,2025-01-24T10:53:02.877983+00:00,26,DBMS,Keys,Hard,25.0,0.76,0.8,0.0,0.5,0.5,0.5,0.0,0.0,0.5,0.5,0.0,168.0,1,0.851408,SYNTHETIC / SIMULATED — NOT REAL STUDENT DATA
S00029,2025-01-25T15:10:13.057917+00:00,27,Operating Systems,Threads,Hard,26.0,0.7307692307692307,1.0,0.0,0.5,0.5,0.5,0.0,0.0,0.5,0.5,0.0,168.0,0,0.632795,SYNTHETIC / SIMULATED — NOT REAL STUDENT DATA
S00029,2025-01-26T07:18:52.008252+00:00,28,DBMS,Concurrency Control,Medium,27.0,0.7037037037037037,0.6666666666666666,1.0,1.0,1.0,1.0,27.6,0.0,0.5,1.0,0.0,359.49687725944443,0,0.697193,SYNTHETIC / SIMULATED — NOT REAL STUDENT DATA
S00029,2025-01-27T10:03:43.449004+00:00,29,Operating Systems,Threads,Easy,28.0,0.6785714285714286,0.8,1.0,0.0,0.0,0.0,143.89,0.0,0.5,0.0,0.0,42.89177530194444,0,0.647707,SYNTHETIC / SIMULATED — NOT REAL STUDENT DATA
S00029,2025-01-28T01:17:02.147839+00:00,30,DBMS,Relational Algebra,Medium,29.0,0.6896551724137931,0.5714285714285714,0.0,0.5,0.5,0.5,0.0,0.0,0.5,0.5,0.0,168.0,1,0.983714,SYNTHETIC / SIMULATED — NOT REAL STUDENT DATA
S00029,2025-01-28T13:49:53.831990+00:00,31,Software Engineering,Git/Version Control,Medium,30.0,0.7,0.6428571428571429,0.0,0.5,0.5,0.5,0.0,0.0,0.5,0.5,0.0,168.0,1,0.770235,SYNTHETIC / SIMULATED — NOT REAL STUDENT DATA
S00029,2025-01-28T18:34:41.950555+00:00,32,DBMS,SQL,Medium,31.0,0.6774193548387096,0.625,0.0,0.5,0.5,0.5,0.0,0.0,0.5,0.5,0.0,168.0,1,0.932703,SYNTHETIC / SIMULATED — NOT REAL STUDENT DATA
S00029,2025-01-29T05:56:29.665793+00:00,33,Computer Networks,IP Addressing,Medium,32.0,0.6875,1.0,0.0,0.5,0.5,0.5,0.0,0.0,0.5,0.5,0.0,168.0,1,0.980628,SYNTHETIC / SIMULATED — NOT REAL STUDENT DATA
S00029,2025-01-30T05:32:26.720275+00:00,34,DBMS,Indexing,Easy,33.0,0.696969696969697,0.6666666666666666,1.0,1.0,1.0,1.0,35.19,0.0,1.0,1.0,0.0,225.08020917888888,1,0.823894,SYNTHETIC / SIMULATED — NOT REAL STUDENT DATA
S00029,2025-01-30T14:43:22.239035+00:00,35,Software Engineering,UML,Medium,34.0,0.7058823529411765,0.6,1.0,0.0,0.0,0.0,145.63,0.0,0.5,0.0,0.0,420.8437144188889,0,0.627569,SYNTHETIC / SIMULATED — NOT REAL STUDENT DATA
S00029,2025-02-01T01:48:28.104781+00:00,36,Computer Networks,DHCP,Medium,35.0,0.7142857142857143,1.0,0.0,0.5,0.5,0.5,0.0,0.0,0.5,0.5,0.0,168.0,1,0.755349,SYNTHETIC / SIMULATED — NOT REAL STUDENT DATA
S00029,2025-02-01T13:56:56.153050+00:00,37,Computer Networks,TCP,Medium,36.0,0.7222222222222222,1.0,1.0,1.0,1.0,1.0,23.33,0.0,0.5,1.0,0.0,385.8321582194444,1,0.971872,SYNTHETIC / SIMULATED — NOT REAL STUDENT DATA
S00029,2025-02-02T22:39:00.597436+00:00,38,Software Engineering,Software Quality,Medium,37.0,0.7297297297297297,0.625,3.0,0.6666666666666666,0.6666666666666666,0.6666666666666666,90.99,15.870198486471422,0.5,1.0,0.0,332.85204169499997,0,0.647371,SYNTHETIC / SIMULATED — NOT REAL STUDENT DATA
S00029,2025-02-04T03:41:58.996186+00:00,39,Computer Networks,TCP/IP,Medium,38.0,0.7368421052631579,1.0,0.0,0.5,0.5,0.5,0.0,0.0,0.5,0.5,0.0,168.0,1,0.860332,SYNTHETIC / SIMULATED — NOT REAL STUDENT DATA
S00029,2025-02-05T08:34:33.295688+00:00,40,Operating Systems,Threads,Easy,39.0,0.717948717948718,0.8333333333333334,2.0,0.5,0.5,0.5,91.79499999999999,52.095000000000006,1.0,1.0,0.0,214.5138463011111,0,0.657994,SYNTHETIC / SIMULATED — NOT REAL STUDENT DATA
S00029,2025-02-06T18:01:35.227830+00:00,41,DBMS,Normalization,Medium,40.0,0.725,0.7,0.0,0.5,0.5,0.5,0.0,0.0,0.5,0.5,0.0,168.0,1,0.870727,SYNTHETIC / SIMULATED — NOT REAL STUDENT DATA
S00029,2025-02-08T02:32:51.651707+00:00,42,Software Engineering,Project Management,Medium,41.0,0.7317073170731707,0.6470588235294118,2.0,1.0,1.0,1.0,80.375,51.17500000000002,0.5,1.0,0.0,396.2589990688889,0,0.586693,SYNTHETIC / SIMULATED — NOT REAL STUDENT DATA
S00029,2025-02-09T03:48:28.264153+00:00,43,Software Engineering,Design Patterns,Easy,42.0,0.7142857142857143,0.6111111111111112,0.0,0.5,0.5,0.5,0.0,0.0,0.5,0.5,0.0,168.0,0,0.571079,SYNTHETIC / SIMULATED — NOT REAL STUDENT DATA
S00029,2025-02-09T20:57:34.859295+00:00,44,Operating Systems,Threads,Hard,43.0,0.6976744186046512,0.8571428571428571,3.0,0.6666666666666666,0.6666666666666666,0.6666666666666666,74.90999999999998,48.779768347133434,0.0,1.0,0.0,108.38376766861111,0,0.671999,SYNTHETIC / SIMULATED — NOT REAL STUDENT DATA
S00029,2025-02-11T10:43:05.443586+00:00,45,DSA,Dynamic Programming,Medium,44.0,0.7045454545454546,1.0,0.0,0.5,0.5,0.5,0.0,0.0,0.5,0.5,0.0,168.0,1,0.975658,SYNTHETIC / SIMULATED — NOT REAL STUDENT DATA
S00029,2025-02-12T16:01:13.615002+00:00,46,Software Engineering,Design Patterns,Medium,45.0,0.7111111111111111,0.5789473684210527,1.0,0.0,0.0,0.0,78.86,0.0,0.5,0.0,0.0,84.21259745805555,0,0.576393,SYNTHETIC / SIMULATED — NOT REAL STUDENT DATA
S00029,2025-02-13T01:43:23.403347+00:00,47,DBMS,Indexing,Hard,46.0,0.6956521739130435,0.7272727272727273,2.0,1.0,1.0,1.0,34.644999999999996,0.5450000000002784,0.5,1.0,0.0,332.18241196444444,1,0.82438,SYNTHETIC / SIMULATED — NOT REAL STUDENT DATA
S00029,2025-02-13T21:07:12.569784+00:00,48,Software Engineering,Agile,Hard,47.0,0.6808510638297872,0.55,3.0,1.0,1.0,1.0,109.37666666666667,76.12547814117309,1.0,1.0,0.0,515.9211406633334,0,0.423201,SYNTHETIC / SIMULATED — NOT REAL STUDENT DATA
S00029,2025-02-14T19:31:47.822612+00:00,49,DSA,Linked Lists,Hard,48.0,0.6875,1.0,0.0,0.5,0.5,0.5,0.0,0.0,0.5,0.5,0.0,168.0,1,0.793567,SYNTHETIC / SIMULATED — NOT REAL STUDENT DATA
S00029,2025-02-15T07:41:08.682058+00:00,50,Software Engineering,Agile,Medium,49.0,0.6938775510204082,0.5714285714285714,4.0,1.0,1.0,1.0,127.6825,73.15481473389156,0.5,1.0,0.0,34.565586742777775,0,0.426732,SYNTHETIC / SIMULATED — NOT REAL STUDENT DATA
S00029,2025-02-16T03:26:14.650438+00:00,51,Software Engineering,Project Management,Medium,50.0,0.68,0.5454545454545454,3.0,0.6666666666666666,0.6666666666666666,0.6666666666666666,74.57000000000001,42.58305374989758,0.0,0.0,0.0,192.88972186972222,0,0.594546,SYNTHETIC / SIMULATED — NOT REAL STUDENT DATA
S00029,2025-02-16T10:55:08.566375+00:00,52,Operating Systems,Deadlocks,Easy,51.0,0.6666666666666666,0.875,0.0,0.5,0.5,0.5,0.0,0.0,0.5,0.5,0.0,168.0,1,0.919988,SYNTHETIC / SIMULATED — NOT REAL STUDENT DATA
S00029,2025-02-17T07:48:28.926238+00:00,53,DBMS,Joins,Hard,52.0,0.6730769230769231,0.6666666666666666,0.0,0.5,0.5,0.5,0.0,0.0,0.5,0.5,0.0,168.0,1,0.887202,SYNTHETIC / SIMULATED — NOT REAL STUDENT DATA
S00029,2025-02-17T17:52:50.289115+00:00,54,DBMS,Concurrency Control,Easy,53.0,0.660377358490566,0.6153846153846154,2.0,0.5,0.5,0.5,51.59,23.989999999999995,1.0,0.0,0.0,538.5661891286111,1,0.705222,SYNTHETIC / SIMULATED — NOT REAL STUDENT DATA
S00029,2025-02-18T18:39:58.151971+00:00,55,Software Engineering,Project Management,Easy,54.0,0.6666666666666666,0.5217391304347826,4.0,0.5,0.5,0.5,85.01,41.07271783069633,1.0,0.0,0.0,63.22875042583333,0,0.609329,SYNTHETIC / SIMULATED — NOT REAL STUDENT DATA
S00029,2025-02-19T06:25:52.115052+00:00,56,Software Engineering,Waterfall,Hard,55.0,0.6727272727272727,0.5416666666666666,1.0,1.0,1.0,1.0,48.69,0.0,0.5,1.0,0.0,720.0,1,0.729963,SYNTHETIC / SIMULATED — NOT REAL STUDENT DATA
S00029,2025-02-19T16:27:48.618153+00:00,57,DSA,Strings,Hard,56.0,0.6785714285714286,1.0,0.0,0.5,0.5,0.5,0.0,0.0,0.5,0.5,0.0,168.0,1,0.9797,SYNTHETIC / SIMULATED — NOT REAL STUDENT DATA
S00029,2025-02-20T10:41:26.602191+00:00,58,Operating Systems,Synchronization,Hard,57.0,0.6842105263157895,0.8888888888888888,0.0,0.5,0.5,0.5,0.0,0.0,0.5,0.5,0.0,168.0,1,0.941927,SYNTHETIC / SIMULATED — NOT REAL STUDENT DATA
S00029,2025-02-21T20:46:28.982625+00:00,59,DSA,Graphs,Easy,58.0,0.6896551724137931,1.0,0.0,0.5,0.5,0.5,0.0,0.0,0.5,0.5,0.0,168.0,1,0.757935,SYNTHETIC / SIMULATED — NOT REAL STUDENT DATA
S00029,2025-02-22T09:13:46.384841+00:00,60,Operating Systems,File Systems,Easy,59.0,0.6949152542372882,0.9,1.0,1.0,1.0,1.0,96.55,0.0,0.5,1.0,0.0,720.0,1,0.978978,SYNTHETIC / SIMULATED — NOT REAL STUDENT DATA
S00030,2025-01-03T23:27:22.023438+00:00,1,DSA,Trees,Easy,0.0,0.5,0.5,0.0,0.5,0.5,0.5,0.0,0.0,0.5,0.5,0.0,168.0,0,0.472795,SYNTHETIC / SIMULATED — NOT REAL STUDENT DATA
S00030,2025-01-05T05:34:27.984064+00:00,2,DSA,Trees,Easy,1.0,0.0,0.0,1.0,0.0,0.0,0.0,75.17,0.0,0.0,0.0,0.0,30.11832239611111,0,0.486899,SYNTHETIC / SIMULATED — NOT REAL STUDENT DATA
S00030,2025-01-05T19:45:50.708044+00:00,3,Operating Systems,Memory Management,Easy,2.0,0.5,0.5,0.0,0.5,0.5,0.5,0.0,0.0,0.5,0.5,0.0,168.0,0,0.24437,SYNTHETIC / SIMULATED — NOT REAL STUDENT DATA
S00030,2025-01-06T01:23:59.949001+00:00,4,Computer Networks,TCP/IP,Medium,3.0,0.6666666666666666,0.5,0.0,0.5,0.5,0.5,0.0,0.0,0.5,0.5,0.0,168.0,0,0.413641,SYNTHETIC / SIMULATED — NOT REAL STUDENT DATA
S00030,2025-01-06T20:25:38.081903+00:00,5,DSA,Hashing,Easy,4.0,0.5,0.5,0.0,0.5,0.5,0.5,0.0,0.0,0.5,0.5,0.0,168.0,0,0.338899,SYNTHETIC / SIMULATED — NOT REAL STUDENT DATA
S00030,2025-01-07T07:23:55.004264+00:00,6,Software Engineering,Waterfall,Medium,5.0,0.6,0.5,0.0,0.5,0.5,0.5,0.0,0.0,0.5,0.5,0.0,168.0,1,0.768834,SYNTHETIC / SIMULATED — NOT REAL STUDENT DATA
S00030,2025-01-08T11:13:51.803963+00:00,7,Computer Networks,Network Security,Hard,6.0,0.6666666666666666,0.0,0.0,0.5,0.5,0.5,0.0,0.0,0.5,0.5,0.0,168.0,0,0.377861,SYNTHETIC / SIMULATED — NOT REAL STUDENT DATA
S00030,2025-01-08T21:00:33.736020+00:00,8,Software Engineering,Project Management,Hard,7.0,0.5714285714285714,1.0,0.0,0.5,0.5,0.5,0.0,0.0,0.5,0.5,0.0,168.0,1,0.838489,SYNTHETIC / SIMULATED — NOT REAL STUDENT DATA
S00030,2025-01-10T04:13:03.553300+00:00,9,Software Engineering,UML,Easy,8.0,0.5,0.5,0.0,0.5,0.5,0.5,0.0,0.0,0.5,0.5,0.0,168.0,0,0.622055,SYNTHETIC / SIMULATED — NOT REAL STUDENT DATA
S00030,2025-01-10T12:33:54.615462+00:00,10,DSA,Arrays,Hard,9.0,0.5555555555555556,0.6666666666666666,0.0,0.5,0.5,0.5,0.0,0.0,0.5,0.5,0.0,168.0,0,0.429714,SYNTHETIC / SIMULATED — NOT REAL STUDENT DATA
S00030,2025-01-10T16:58:23.435142+00:00,11,Computer Networks,DHCP,Medium,10.0,0.5,0.0,0.0,0.5,0.5,0.5,0.0,0.0,0.5,0.5,0.0,168.0,0,0.388796,SYNTHETIC / SIMULATED — NOT REAL STUDENT DATA
S00030,2025-01-11T10:58:44.175696+00:00,12,Computer Networks,TCP,Hard,11.0,0.5454545454545454,0.3333333333333333,0.0,0.5,0.5,0.5,0.0,0.0,0.5,0.5,0.0,168.0,0,0.550684,SYNTHETIC / SIMULATED — NOT REAL STUDENT DATA
S00030,2025-01-12T08:30:38.952187+00:00,13,DSA,Strings,Medium,12.0,0.5833333333333334,0.5,0.0,0.5,0.5,0.5,0.0,0.0,0.5,0.5,0.0,168.0,0,0.288348,SYNTHETIC / SIMULATED — NOT REAL STUDENT DATA
S00030,2025-01-13T18:05:51.199382+00:00,14,Software Engineering,SDLC,Medium,13.0,0.6153846153846154,0.6666666666666666,0.0,0.5,0.5,0.5,0.0,0.0,0.5,0.5,0.0,168.0,0,0.696631,SYNTHETIC / SIMULATED — NOT REAL STUDENT DATA
S00030,2025-01-14T00:21:01.369098+00:00,15,Operating Systems,Deadlocks,Easy,14.0,0.6428571428571429,1.0,0.0,0.5,0.5,0.5,0.0,0.0,0.5,0.5,0.0,168.0,0,0.190504,SYNTHETIC / SIMULATED — NOT REAL STUDENT DATA
S00030,2025-01-14T14:24:07.102750+00:00,16,Software Engineering,Testing,Medium,15.0,0.6666666666666666,0.75,0.0,0.5,0.5,0.5,0.0,0.0,0.5,0.5,0.0,168.0,1,0.912456,SYNTHETIC / SIMULATED — NOT REAL STUDENT DATA
S00030,2025-01-15T10:23:42.570677+00:00,17,DSA,Heap,Hard,16.0,0.6875,0.6,0.0,0.5,0.5,0.5,0.0,0.0,0.5,0.5,0.0,168.0,0,0.44757,SYNTHETIC / SIMULATED — NOT REAL STUDENT DATA
S00030,2025-01-16T04:22:03.375355+00:00,18,DSA,Arrays,Hard,17.0,0.6470588235294118,0.5,1.0,0.0,0.0,0.0,193.83,0.0,0.0,0.0,0.0,135.8024333036111,0,0.433316,SYNTHETIC / SIMULATED — NOT REAL STUDENT DATA
S00030,2025-01-17T14:56:05.084538+00:00,19,Computer Networks,DHCP,Medium,18.0,0.6111111111111112,0.5,1.0,1.0,1.0,1.0,150.44,0.0,1.0,1.0,0.0,165.96156927666667,0,0.392811,SYNTHETIC / SIMULATED — NOT REAL STUDENT DATA
S00030,2025-01-19T03:49:54.149850+00:00,20,Computer Networks,HTTP,Medium,19.0,0.5789473684210527,0.4,0.0,0.5,0.5,0.5,0.0,0.0,0.5,0.5,0.0,168.0,0,0.264599,SYNTHETIC / SIMULATED — NOT REAL STUDENT DATA
S00030,2025-01-20T10:39:22.362298+00:00,21,DSA,Strings,Hard,20.0,0.55,0.42857142857142855,1.0,1.0,1.0,1.0,75.73,0.0,0.5,1.0,0.0,194.14539169749997,0,0.293907,SYNTHETIC / SIMULATED — NOT REAL STUDENT DATA
S00030,2025-01-20T21:11:45.413695+00:00,22,Computer Networks,OSI,Easy,21.0,0.5238095238095238,0.3333333333333333,0.0,0.5,0.5,0.5,0.0,0.0,0.5,0.5,0.0,168.0,0,0.455828,SYNTHETIC / SIMULATED — NOT REAL STUDENT DATA
S00030,2025-01-21T13:30:46.429651+00:00,23,Operating Systems,I/O Management,Easy,22.0,0.5,1.0,0.0,0.5,0.5,0.5,0.0,0.0,0.5,0.5,0.0,168.0,0,0.182466,SYNTHETIC / SIMULATED — NOT REAL STUDENT DATA
S00030,2025-01-21T23:34:21.960289+00:00,24,Operating Systems,Memory Management,Hard,23.0,0.4782608695652174,0.6666666666666666,1.0,1.0,1.0,1.0,35.97,0.0,0.5,1.0,0.0,387.8086811791667,0,0.249569,SYNTHETIC / SIMULATED — NOT REAL STUDENT DATA
S00030,2025-01-22T13:01:02.618963+00:00,25,Operating Systems,Threads,Medium,24.0,0.4583333333333333,0.5,0.0,0.5,0.5,0.5,0.0,0.0,0.5,0.5,0.0,168.0,0,0.407672,SYNTHETIC / SIMULATED — NOT REAL STUDENT DATA
S00030,2025-01-23T01:39:25.852226+00:00,26,DBMS,SQL,Easy,25.0,0.44,0.5,0.0,0.5,0.5,0.5,0.0,0.0,0.5,0.5,0.0,168.0,1,0.715913,SYNTHETIC / SIMULATED — NOT REAL STUDENT DATA
S00030,2025-01-23T23:09:37.551991+00:00,27,Operating Systems,Deadlocks,Hard,26.0,0.46153846153846156,0.4,1.0,1.0,1.0,1.0,59.8,0.0,0.5,1.0,0.0,238.8100508036111,0,0.197233,SYNTHETIC / SIMULATED — NOT REAL STUDENT DATA
S00030,2025-01-25T07:59:17.882409+00:00,28,Computer Networks,IP Addressing,Easy,27.0,0.4444444444444444,0.2857142857142857,0.0,0.5,0.5,0.5,0.0,0.0,0.5,0.5,0.0,168.0,0,0.280413,SYNTHETIC / SIMULATED — NOT REAL STUDENT DATA
S00030,2025-01-25T15:30:59.431667+00:00,29,DSA,Graphs,Medium,28.0,0.42857142857142855,0.375,0.0,0.5,0.5,0.5,0.0,0.0,0.5,0.5,0.0,168.0,1,0.748548,SYNTHETIC / SIMULATED — NOT REAL STUDENT DATA
S00030,2025-01-26T10:05:56.797512+00:00,30,DSA,Heap,Medium,29.0,0.4482758620689655,0.4444444444444444,1.0,0.0,0.0,0.0,284.01,0.0,0.5,0.0,0.0,263.7039518986111,0,0.455428,SYNTHETIC / SIMULATED — NOT REAL STUDENT DATA
S00030,2025-01-27T15:55:21.589192+00:00,31,Operating Systems,CPU Scheduling,Hard,30.0,0.43333333333333335,0.3333333333333333,0.0,0.5,0.5,0.5,0.0,0.0,0.5,0.5,0.0,168.0,0,0.301227,SYNTHETIC / SIMULATED — NOT REAL STUDENT DATA
S00030,2025-01-28T17:57:25.818806+00:00,32,Operating Systems,I/O Management,Medium,31.0,0.41935483870967744,0.2857142857142857,1.0,0.0,0.0,0.0,77.15,0.0,0.5,0.0,0.0,172.44427476527778,0,0.187332,SYNTHETIC / SIMULATED — NOT REAL STUDENT DATA
S00030,2025-01-29T22:24:20.207417+00:00,33,Software Engineering,UML,Hard,32.0,0.40625,0.8,1.0,1.0,1.0,1.0,29.2,0.0,0.5,1.0,0.0,474.18795947694446,0,0.622832,SYNTHETIC / SIMULATED — NOT REAL STUDENT DATA
S00030,2025-01-31T06:41:26.997051+00:00,34,Operating Systems,Synchronization,Medium,33.0,0.3939393939393939,0.25,0.0,0.5,0.5,0.5,0.0,0.0,0.5,0.5,0.0,168.0,0,0.140598,SYNTHETIC / SIMULATED — NOT REAL STUDENT DATA
S00030,2025-01-31T21:47:59.067844+00:00,35,DSA,Heap,Easy,34.0,0.38235294117647056,0.4,2.0,0.0,0.0,0.0,225.58499999999998,58.42500000000003,0.5,0.0,0.0,131.70063064777779,0,0.460879,SYNTHETIC / SIMULATED — NOT REAL STUDENT DATA
S00030,2025-02-01T04:42:02.503803+00:00,36,DBMS,ER Model,Medium,35.0,0.37142857142857144,1.0,0.0,0.5,0.5,0.5,0.0,0.0,0.5,0.5,0.0,168.0,1,0.722032,SYNTHETIC / SIMULATED — NOT REAL STUDENT DATA
S00030,2025-02-01T19:11:16.734166+00:00,37,Operating Systems,Security,Medium,36.0,0.3611111111111111,0.2222222222222222,0.0,0.5,0.5,0.5,0.0,0.0,0.5,0.5,0.0,168.0,0,0.336659,SYNTHETIC / SIMULATED — NOT REAL STUDENT DATA
S00030,2025-02-02T01:05:51.860521+00:00,38,Software Engineering,Software Quality,Medium,37.0,0.35135135135135137,0.6666666666666666,0.0,0.5,0.5,0.5,0.0,0.0,0.5,0.5,0.0,168.0,1,0.981002,SYNTHETIC / SIMULATED — NOT REAL STUDENT DATA
S00030,2025-02-03T14:40:47.848536+00:00,39,DBMS,Joins,Medium,38.0,0.3684210526315789,0.5,0.0,0.5,0.5,0.5,0.0,0.0,0.5,0.5,0.0,168.0,0,0.636212,SYNTHETIC / SIMULATED — NOT REAL STUDENT DATA
S00030,2025-02-03T23:40:10.672008+00:00,40,Software Engineering,Testing,Easy,39.0,0.38461538461538464,0.7142857142857143,1.0,1.0,1.0,1.0,60.13,0.0,0.5,1.0,0.0,489.2676581272222,1,0.912548,SYNTHETIC / SIMULATED — NOT REAL STUDENT DATA
S00030,2025-02-05T09:09:56.954804+00:00,41,Operating Systems,Threads,Hard,40.0,0.4,0.2,1.0,0.0,0.0,0.0,83.21,0.0,0.5,0.0,0.0,332.14842662250004,0,0.412463,SYNTHETIC / SIMULATED — NOT REAL STUDENT DATA
S00030,2025-02-06T15:33:47.500555+00:00,42,Operating Systems,CPU Scheduling,Medium,41.0,0.3902439024390244,0.18181818181818182,1.0,0.0,0.0,0.0,191.55,0.0,0.5,0.0,0.0,239.6405309341667,0,0.304743,SYNTHETIC / SIMULATED — NOT REAL STUDENT DATA
S00030,2025-02-06T19:36:48.476508+00:00,43,Computer Networks,Network Security,Hard,42.0,0.38095238095238093,0.25,1.0,0.0,0.0,0.0,263.76,0.0,0.0,0.0,0.0,704.3824090402778,0,0.382791,SYNTHETIC / SIMULATED — NOT REAL STUDENT DATA
S00030,2025-02-08T02:13:59.470742+00:00,44,DSA,Stack & Queue,Medium,43.0,0.37209302325581395,0.36363636363636365,0.0,0.5,0.5,0.5,0.0,0.0,0.5,0.5,0.0,168.0,0,0.245933,SYNTHETIC / SIMULATED — NOT REAL STUDENT DATA
S00030,2025-02-08T21:57:55.068307+00:00,45,DSA,Recursion,Hard,44.0,0.36363636363636365,0.3333333333333333,0.0,0.5,0.5,0.5,0.0,0.0,0.5,0.5,0.0,168.0,0,0.556799,SYNTHETIC / SIMULATED — NOT REAL STUDENT DATA
S00030,2025-02-09T12:42:53.223472+00:00,46,Operating Systems,Synchronization,Medium,45.0,0.37777777777777777,0.16666666666666666,1.0,0.0,0.0,0.0,160.93,0.0,0.0,0.0,0.0,222.0239517836111,0,0.147017,SYNTHETIC / SIMULATED — NOT REAL STUDENT DATA
S00030,2025-02-10T18:04:50.789346+00:00,47,DBMS,Normalization,Hard,46.0,0.3695652173913043,0.6666666666666666,0.0,0.5,0.5,0.5,0.0,0.0,0.5,0.5,0.0,168.0,1,0.742779,SYNTHETIC / SIMULATED — NOT REAL STUDENT DATA
S00030,2025-02-10T22:58:02.622375+00:00,48,Computer Networks,DNS,Medium,47.0,0.3617021276595745,0.2222222222222222,0.0,0.5,0.5,0.5,0.0,0.0,0.5,0.5,0.0,168.0,0,0.243337,SYNTHETIC / SIMULATED — NOT REAL STUDENT DATA
S00030,2025-02-12T10:47:28.627921+00:00,49,Operating Systems,File Systems,Medium,48.0,0.3541666666666667,0.15384615384615385,0.0,0.5,0.5,0.5,0.0,0.0,0.5,0.5,0.0,168.0,0,0.198922,SYNTHETIC / SIMULATED — NOT REAL STUDENT DATA
S00030,2025-02-12T16:17:36.903709+00:00,50,Operating Systems,Synchronization,Easy,49.0,0.3469387755102041,0.14285714285714285,2.0,0.0,0.0,0.0,165.945,5.0150000000004855,0.5,0.0,0.0,75.57880006583333,0,0.151808,SYNTHETIC / SIMULATED — NOT REAL STUDENT DATA
S00030,2025-02-12T22:34:48.808059+00:00,51,Operating Systems,File Systems,Medium,50.0,0.34,0.13333333333333333,1.0,0.0,0.0,0.0,190.1,0.0,0.0,0.0,0.0,11.788938927222222,0,0.229688,SYNTHETIC / SIMULATED — NOT REAL STUDENT DATA
S00030,2025-02-14T05:45:25.446686+00:00,52,DBMS,DBMS Basics,Medium,51.0,0.35294117647058826,0.5,0.0,0.5,0.5,0.5,0.0,0.0,0.5,0.5,0.0,168.0,0,0.633906,SYNTHETIC / SIMULATED — NOT REAL STUDENT DATA
S00030,2025-02-14T11:13:27.662411+00:00,53,Operating Systems,Processes,Easy,52.0,0.36538461538461536,0.1875,0.0,0.5,0.5,0.5,0.0,0.0,0.5,0.5,0.0,168.0,0,0.384364,SYNTHETIC / SIMULATED — NOT REAL STUDENT DATA
S00030,2025-02-15T01:05:49.971941+00:00,54,Computer Networks,UDP,Medium,53.0,0.37735849056603776,0.2,0.0,0.5,0.5,0.5,0.0,0.0,0.5,0.5,0.0,168.0,0,0.365415,SYNTHETIC / SIMULATED — NOT REAL STUDENT DATA
S00030,2025-02-15T10:43:38.542244+00:00,55,Computer Networks,DNS,Easy,54.0,0.37037037037037035,0.18181818181818182,1.0,0.0,0.0,0.0,109.26,0.0,0.5,0.0,0.0,107.75997774138888,0,0.246728,SYNTHETIC / SIMULATED — NOT REAL STUDENT DATA
S00030,2025-02-16T05:17:02.192217+00:00,56,Computer Networks,TCP/IP,Medium,55.0,0.36363636363636365,0.16666666666666666,1.0,0.0,0.0,0.0,104.92,0.0,0.0,0.0,0.0,720.0,0,0.419568,SYNTHETIC / SIMULATED — NOT REAL STUDENT DATA
S00030,2025-02-16T22:57:42.369947+00:00,57,Operating Systems,Processes,Medium,56.0,0.35714285714285715,0.23529411764705882,1.0,1.0,1.0,1.0,50.76,0.0,0.5,1.0,0.0,59.73741876,0,0.392086,SYNTHETIC / SIMULATED — NOT REAL STUDENT DATA
S00030,2025-02-18T09:14:02.880313+00:00,58,DBMS,Transactions,Medium,57.0,0.3508771929824561,0.6,0.0,0.5,0.5,0.5,0.0,0.0,0.5,0.5,0.0,168.0,1,0.704427,SYNTHETIC / SIMULATED — NOT REAL STUDENT DATA
S00030,2025-02-19T01:07:59.042425+00:00,59,Computer Networks,DHCP,Easy,58.0,0.3620689655172414,0.15384615384615385,2.0,0.5,0.5,0.5,146.3,4.139999999999393,0.5,0.0,0.0,720.0,0,0.412443,SYNTHETIC / SIMULATED — NOT REAL STUDENT DATA
S00030,2025-02-20T12:58:45.546334+00:00,60,Operating Systems,Memory Management,Easy,59.0,0.3728813559322034,0.2222222222222222,2.0,0.5,0.5,0.5,177.32999999999998,141.36,1.0,0.0,0.0,709.4065516791666,0,0.254187,SYNTHETIC / SIMULATED — NOT REAL STUDENT DATA
