student_id,question_id,subject,topic,difficulty,is_correct,time_taken_seconds,attempt_number,timestamp,session_id,is_synthetic,data_label
S00001,Q0102A,DSA,Strings,Easy,1,63.33,1,2025-01-02T19:32:22.529477,S00001_SESSION_001,True,SYNTHETIC / SIMULATED — NOT REAL STUDENT DATA
S00001,Q0302S,Operating Systems,CPU Scheduling,Medium,0,81.93,2,2025-01-03T13:18:34.475908,S00001_SESSION_001,True,SYNTHETIC / SIMULATED — NOT REAL STUDENT DATA
S00001,Q0101A,DSA,Arrays,Easy,1,29.55,3,2025-01-05T01:23:20.437607,S00001_SESSION_001,True,SYNTHETIC / SIMULATED — NOT REAL STUDENT DATA
S00001,Q0309C,Operating Systems,I/O Management,Hard,0,237.46,4,2025-01-05T08:48:13.758700,S00001_SESSION_001,True,SYNTHETIC / SIMULATED — NOT REAL STUDENT DATA
S00001,Q0208A,DBMS,ER Model,Easy,1,66.08,5,2025-01-05T15:58:29.244765,S00001_SESSION_001,True,SYNTHETIC / SIMULATED — NOT REAL STUDENT DATA
S00001,Q0208B,DBMS,ER Model,Medium,1,61.48,6,2025-01-06T15:33:16.791239,S00001_SESSION_001,True,SYNTHETIC / SIMULATED — NOT REAL STUDENT DATA
S00001,Q0104B,DSA,Stack & Queue,Medium,1,74.34,7,2025-01-06T21:27:02.643182,S00001_SESSION_001,True,SYNTHETIC / SIMULATED — NOT REAL STUDENT DATA
S00001,Q0207S,DBMS,Indexing,Medium,1,61.78,8,2025-01-07T16:22:43.897244,S00001_SESSION_001,True,SYNTHETIC / SIMULATED — NOT REAL STUDENT DATA
S00001,Q0308C,Operating Systems,Threads,Hard,0,127.6,9,2025-01-07T19:49:24.548603,S00001_SESSION_001,True,SYNTHETIC / SIMULATED — NOT REAL STUDENT DATA
S00001,Q0301B,Operating Systems,Processes,Medium,0,141.74,10,2025-01-08T03:07:03.618172,S00001_SESSION_001,True,SYNTHETIC / SIMULATED — NOT REAL STUDENT DATA
S00001,Q0305C,Operating Systems,Paging,Hard,0,142.44,11,2025-01-09T06:09:50.457917,S00001_SESSION_002,True,SYNTHETIC / SIMULATED — NOT REAL STUDENT DATA
S00001,Q0310B,Operating Systems,Security,Medium,1,76.0,12,2025-01-10T14:03:19.040406,S00001_SESSION_002,True,SYNTHETIC / SIMULATED — NOT REAL STUDENT DATA
S00001,Q0306B,Operating Systems,Synchronization,Medium,1,28.13,13,2025-01-11T00:55:07.924466,S00001_SESSION_002,True,SYNTHETIC / SIMULATED — NOT REAL STUDENT DATA
S00001,Q0402A,Computer Networks,TCP/IP,Easy,0,36.74,14,2025-01-12T05:22:13.741300,S00001_SESSION_002,True,SYNTHETIC / SIMULATED — NOT REAL STUDENT DATA
S00001,Q0407A,Computer Networks,DHCP,Easy,0,44.97,15,2025-01-12T15:26:13.192384,S00001_SESSION_002,True,SYNTHETIC / SIMULATED — NOT REAL STUDENT DATA
S00001,Q0201B,DBMS,DBMS Basics,Medium,1,48.99,16,2025-01-13T10:19:11.037939,S00001_SESSION_002,True,SYNTHETIC / SIMULATED — NOT REAL STUDENT DATA
S00001,Q0401C,Computer Networks,OSI,Hard,0,123.88,17,2025-01-14T22:41:26.118633,S00001_SESSION_002,True,SYNTHETIC / SIMULATED — NOT REAL STUDENT DATA
S00001,Q0309B,Operating Systems,I/O Management,Medium,0,72.53,18,2025-01-16T09:40:35.475815,S00001_SESSION_002,True,SYNTHETIC / SIMULATED — NOT REAL STUDENT DATA
S00001,Q0306B,Operating Systems,Synchronization,Medium,0,82.74,19,2025-01-16T17:44:29.266559,S00001_SESSION_002,True,SYNTHETIC / SIMULATED — NOT REAL STUDENT DATA
S00001,Q0105A,DSA,Recursion,Easy,0,33.25,20,2025-01-17T13:57:43.035280,S00001_SESSION_002,True,SYNTHETIC / SIMULATED — NOT REAL STUDENT DATA
S00001,Q0401A,Computer Networks,OSI,Easy,0,30.12,21,2025-01-18T00:20:34.202465,S00001_SESSION_003,True,SYNTHETIC / SIMULATED — NOT REAL STUDENT DATA
S00001,Q0410A,Computer Networks,Network Security,Easy,0,36.04,22,2025-01-19T01:58:10.561489,S00001_SESSION_003,True,SYNTHETIC / SIMULATED — NOT REAL STUDENT DATA
S00001,Q0304B,Operating Systems,Memory Management,Medium,0,100.96,23,2025-01-20T15:03:02.576755,S00001_SESSION_003,True,SYNTHETIC / SIMULATED — NOT REAL STUDENT DATA
S00001,Q0510A,Software Engineering,Design Patterns,Easy,0,61.18,24,2025-01-21T01:06:31.233537,S00001_SESSION_003,True,SYNTHETIC / SIMULATED — NOT REAL STUDENT DATA
S00001,Q0109S,DSA,Heap,Medium,1,45.25,25,2025-01-21T08:09:32.834394,S00001_SESSION_003,True,SYNTHETIC / SIMULATED — NOT REAL STUDENT DATA
S00001,Q0203S,DBMS,SQL,Easy,1,37.91,26,2025-01-22T14:37:31.729659,S00001_SESSION_003,True,SYNTHETIC / SIMULATED — NOT REAL STUDENT DATA
S00001,Q0302A,Operating Systems,CPU Scheduling,Easy,1,46.88,27,2025-01-23T04:05:57.008672,S00001_SESSION_003,True,SYNTHETIC / SIMULATED — NOT REAL STUDENT DATA
S00001,Q0207S,DBMS,Indexing,Medium,1,96.97,28,2025-01-24T01:32:18.938117,S00001_SESSION_003,True,SYNTHETIC / SIMULATED — NOT REAL STUDENT DATA
S00001,Q0105A,DSA,Recursion,Easy,1,26.52,29,2025-01-24T04:38:55.857365,S00001_SESSION_003,True,SYNTHETIC / SIMULATED — NOT REAL STUDENT DATA
S00001,Q0504B,Software Engineering,SRS,Medium,1,74.84,30,2025-01-25T01:06:25.260287,S00001_SESSION_003,True,SYNTHETIC / SIMULATED — NOT REAL STUDENT DATA
S00001,Q0101B,DSA,Arrays,Medium,1,57.08,31,2025-01-25T19:36:29.248820,S00001_SESSION_004,True,SYNTHETIC / SIMULATED — NOT REAL STUDENT DATA
S00001,Q0108S,DSA,Hashing,Medium,0,101.86,32,2025-01-26T02:46:42.420025,S00001_SESSION_004,True,SYNTHETIC / SIMULATED — NOT REAL STUDENT DATA
S00001,Q0104C,DSA,Stack & Queue,Hard,0,241.53,33,2025-01-27T13:38:42.281334,S00001_SESSION_004,True,SYNTHETIC / SIMULATED — NOT REAL STUDENT DATA
S00001,Q0106S,DSA,Trees,Medium,1,59.22,34,2025-01-27T18:19:54.405451,S00001_SESSION_004,True,SYNTHETIC / SIMULATED — NOT REAL STUDENT DATA
S00001,Q0208C,DBMS,ER Model,Hard,0,89.36,35,2025-01-28T09:30:51.805090,S00001_SESSION_004,True,SYNTHETIC / SIMULATED — NOT REAL STUDENT DATA
S00001,Q0102A,DSA,Strings,Easy,1,41.31,36,2025-01-29T06:58:03.702913,S00001_SESSION_004,True,SYNTHETIC / SIMULATED — NOT REAL STUDENT DATA
S00001,Q0306A,Operating Systems,Synchronization,Easy,1,38.62,37,2025-01-30T06:33:42.947789,S00001_SESSION_004,True,SYNTHETIC / SIMULATED — NOT REAL STUDENT DATA
S00001,Q0310B,Operating Systems,Security,Medium,1,97.21,38,2025-01-30T14:09:23.368346,S00001_SESSION_004,True,SYNTHETIC / SIMULATED — NOT REAL STUDENT DATA
S00001,Q0201B,DBMS,DBMS Basics,Medium,0,61.52,39,2025-02-01T01:41:49.689989,S00001_SESSION_004,True,SYNTHETIC / SIMULATED — NOT REAL STUDENT DATA
S00001,Q0301B,Operating Systems,Processes,Medium,1,96.88,40,2025-02-01T14:44:13.176486,S00001_SESSION_004,True,SYNTHETIC / SIMULATED — NOT REAL STUDENT DATA
S00001,Q0410B,Computer Networks,Network Security,Medium,1,87.8,41,2025-02-02T02:17:02.393646,S00001_SESSION_005,True,SYNTHETIC / SIMULATED — NOT REAL STUDENT DATA
S00001,Q0405C,Computer Networks,DNS,Hard,1,100.12,42,2025-02-02T22:24:23.370083,S00001_SESSION_005,True,SYNTHETIC / SIMULATED — NOT REAL STUDENT DATA
S00001,Q0409A,Computer Networks,Routing,Easy,0,51.3,43,2025-02-03T10:14:46.753994,S00001_SESSION_005,True,SYNTHETIC / SIMULATED — NOT REAL STUDENT DATA
S00001,Q0510B,Software Engineering,Design Patterns,Medium,0,61.36,44,2025-02-04T13:51:36.222375,S00001_SESSION_005,True,SYNTHETIC / SIMULATED — NOT REAL STUDENT DATA
S00001,Q0405B,Computer Networks,DNS,Medium,0,45.56,45,2025-02-05T15:11:45.988940,S00001_SESSION_005,True,SYNTHETIC / SIMULATED — NOT REAL STUDENT DATA
S00001,Q0308B,Operating Systems,Threads,Medium,1,103.7,46,2025-02-06T02:39:10.029000,S00001_SESSION_005,True,SYNTHETIC / SIMULATED — NOT REAL STUDENT DATA
S00001,Q0309A,Operating Systems,I/O Management,Easy,0,52.9,47,2025-02-06T22:37:21.039044,S00001_SESSION_005,True,SYNTHETIC / SIMULATED — NOT REAL STUDENT DATA
S00001,Q0401A,Computer Networks,OSI,Easy,1,40.5,48,2025-02-07T09:02:46.003457,S00001_SESSION_005,True,SYNTHETIC / SIMULATED — NOT REAL STUDENT DATA
S00001,Q0102C,DSA,Strings,Hard,0,196.2,49,2025-02-07T12:07:25.786087,S00001_SESSION_005,True,SYNTHETIC / SIMULATED — NOT REAL STUDENT DATA
S00001,Q0105A,DSA,Recursion,Easy,1,75.55,50,2025-02-08T11:47:23.454952,S00001_SESSION_005,True,SYNTHETIC / SIMULATED — NOT REAL STUDENT DATA
S00001,Q0404S,Computer Networks,UDP,Easy,1,27.82,51,2025-02-09T16:16:14.495400,S00001_SESSION_006,True,SYNTHETIC / SIMULATED — NOT REAL STUDENT DATA
S00001,Q0506A,Software Engineering,UML,Easy,0,67.66,52,2025-02-11T03:13:06.875333,S00001_SESSION_006,True,SYNTHETIC / SIMULATED — NOT REAL STUDENT DATA
S00001,Q0405A,Computer Networks,DNS,Easy,1,33.26,53,2025-02-12T02:55:45.107589,S00001_SESSION_006,True,SYNTHETIC / SIMULATED — NOT REAL STUDENT DATA
S00001,Q0309A,Operating Systems,I/O Management,Easy,1,87.32,54,2025-02-12T12:19:31.007755,S00001_SESSION_006,True,SYNTHETIC / SIMULATED — NOT REAL STUDENT DATA
S00001,Q0206A,DBMS,Transactions,Easy,1,29.18,55,2025-02-13T19:25:00.658829,S00001_SESSION_006,True,SYNTHETIC / SIMULATED — NOT REAL STUDENT DATA
S00001,Q0308A,Operating Systems,Threads,Easy,1,51.25,56,2025-02-15T08:51:29.629749,S00001_SESSION_006,True,SYNTHETIC / SIMULATED — NOT REAL STUDENT DATA
S00001,Q0205A,DBMS,Joins,Easy,1,33.39,57,2025-02-16T22:02:21.718283,S00001_SESSION_006,True,SYNTHETIC / SIMULATED — NOT REAL STUDENT DATA
S00001,Q0503S,Software Engineering,Waterfall,Medium,0,47.08,58,2025-02-17T02:08:36.905825,S00001_SESSION_006,True,SYNTHETIC / SIMULATED — NOT REAL STUDENT DATA
S00001,Q0304C,Operating Systems,Memory Management,Hard,1,123.25,59,2025-02-18T11:49:32.891224,S00001_SESSION_006,True,SYNTHETIC / SIMULATED — NOT REAL STUDENT DATA
S00001,Q0503A,Software Engineering,Waterfall,Easy,1,26.39,60,2025-02-19T15:24:46.244952,S00001_SESSION_006,True,SYNTHETIC / SIMULATED — NOT REAL STUDENT DATA
S00002,Q0207S,DBMS,Indexing,Medium,1,111.68,1,2025-01-03T02:51:40.851051,S00002_SESSION_001,True,SYNTHETIC / SIMULATED — NOT REAL STUDENT DATA
S00002,Q0306B,Operating Systems,Synchronization,Medium,0,106.32,2,2025-01-03T06:06:32.117444,S00002_SESSION_001,True,SYNTHETIC / SIMULATED — NOT REAL STUDENT DATA
S00002,Q0307B,Operating Systems,File Systems,Medium,0,123.73,3,2025-01-04T00:56:01.317481,S00002_SESSION_001,True,SYNTHETIC / SIMULATED — NOT REAL STUDENT DATA
S00002,Q0509S,Software Engineering,Project Management,Medium,1,90.06,4,2025-01-04T06:20:17.487203,S00002_SESSION_001,True,SYNTHETIC / SIMULATED — NOT REAL STUDENT DATA
S00002,Q0410S,Computer Networks,Network Security,Hard,0,142.36,5,2025-01-04T09:38:45.371144,S00002_SESSION_001,True,SYNTHETIC / SIMULATED — NOT REAL STUDENT DATA
S00002,Q0402S,Computer Networks,TCP/IP,Medium,0,145.5,6,2025-01-04T16:57:40.390132,S00002_SESSION_001,True,SYNTHETIC / SIMULATED — NOT REAL STUDENT DATA
S00002,Q0104B,DSA,Stack & Queue,Medium,1,139.26,7,2025-01-05T02:58:01.426928,S00002_SESSION_001,True,SYNTHETIC / SIMULATED — NOT REAL STUDENT DATA
S00002,Q0306A,Operating Systems,Synchronization,Easy,0,98.95,8,2025-01-05T08:15:35.463660,S00002_SESSION_001,True,SYNTHETIC / SIMULATED — NOT REAL STUDENT DATA
S00002,Q0207A,DBMS,Indexing,Easy,1,63.5,9,2025-01-06T04:11:34.764342,S00002_SESSION_001,True,SYNTHETIC / SIMULATED — NOT REAL STUDENT DATA
S00002,Q0206S,DBMS,Transactions,Medium,0,123.13,10,2025-01-06T07:56:14.491220,S00002_SESSION_001,True,SYNTHETIC / SIMULATED — NOT REAL STUDENT DATA
S00002,Q0302B,Operating Systems,CPU Scheduling,Medium,0,214.11,11,2025-01-06T20:44:48.650198,S00002_SESSION_002,True,SYNTHETIC / SIMULATED — NOT REAL STUDENT DATA
S00002,Q0305A,Operating Systems,Paging,Easy,1,56.76,12,2025-01-07T14:27:47.458202,S00002_SESSION_002,True,SYNTHETIC / SIMULATED — NOT REAL STUDENT DATA
S00002,Q0501C,Software Engineering,SDLC,Hard,0,226.07,13,2025-01-08T06:08:57.391836,S00002_SESSION_002,True,SYNTHETIC / SIMULATED — NOT REAL STUDENT DATA
S00002,Q0404C,Computer Networks,UDP,Hard,0,261.01,14,2025-01-08T09:56:01.947004,S00002_SESSION_002,True,SYNTHETIC / SIMULATED — NOT REAL STUDENT DATA
S00002,Q0505S,Software Engineering,Testing,Medium,1,82.06,15,2025-01-09T05:07:36.779932,S00002_SESSION_002,True,SYNTHETIC / SIMULATED — NOT REAL STUDENT DATA
S00002,Q0408A,Computer Networks,IP Addressing,Easy,1,52.39,16,2025-01-09T12:37:56.929918,S00002_SESSION_002,True,SYNTHETIC / SIMULATED — NOT REAL STUDENT DATA
S00002,Q0205A,DBMS,Joins,Easy,1,45.79,17,2025-01-10T20:47:27.541098,S00002_SESSION_002,True,SYNTHETIC / SIMULATED — NOT REAL STUDENT DATA
S00002,Q0308S,Operating Systems,Threads,Medium,1,79.92,18,2025-01-11T02:38:59.053992,S00002_SESSION_002,True,SYNTHETIC / SIMULATED — NOT REAL STUDENT DATA
S00002,Q0105S,DSA,Recursion,Medium,0,136.64,19,2025-01-12T00:46:23.165354,S00002_SESSION_002,True,SYNTHETIC / SIMULATED — NOT REAL STUDENT DATA
S00002,Q0508A,Software Engineering,Software Quality,Easy,1,20.94,20,2025-01-13T02:31:20.764689,S00002_SESSION_002,True,SYNTHETIC / SIMULATED — NOT REAL STUDENT DATA
S00002,Q0110B,DSA,Dynamic Programming,Medium,1,81.16,21,2025-01-13T16:49:47.378605,S00002_SESSION_003,True,SYNTHETIC / SIMULATED — NOT REAL STUDENT DATA
S00002,Q0204A,DBMS,Normalization,Easy,0,98.99,22,2025-01-15T02:17:54.712363,S00002_SESSION_003,True,SYNTHETIC / SIMULATED — NOT REAL STUDENT DATA
S00002,Q0106A,DSA,Trees,Easy,0,65.99,23,2025-01-15T14:54:42.671316,S00002_SESSION_003,True,SYNTHETIC / SIMULATED — NOT REAL STUDENT DATA
S00002,Q0303S,Operating Systems,Deadlocks,Hard,0,235.56,24,2025-01-16T11:55:03.015292,S00002_SESSION_003,True,SYNTHETIC / SIMULATED — NOT REAL STUDENT DATA
S00002,Q0210B,DBMS,Concurrency Control,Medium,0,231.31,25,2025-01-17T20:37:02.188246,S00002_SESSION_003,True,SYNTHETIC / SIMULATED — NOT REAL STUDENT DATA
S00002,Q0201B,DBMS,DBMS Basics,Medium,0,154.34,26,2025-01-18T11:14:21.761371,S00002_SESSION_003,True,SYNTHETIC / SIMULATED — NOT REAL STUDENT DATA
S00002,Q0309S,Operating Systems,I/O Management,Medium,0,96.51,27,2025-01-19T03:01:25.056097,S00002_SESSION_003,True,SYNTHETIC / SIMULATED — NOT REAL STUDENT DATA
S00002,Q0304A,Operating Systems,Memory Management,Easy,0,55.96,28,2025-01-19T17:17:47.331586,S00002_SESSION_003,True,SYNTHETIC / SIMULATED — NOT REAL STUDENT DATA
S00002,Q0406C,Computer Networks,HTTP,Hard,0,273.1,29,2025-01-20T03:15:39.111997,S00002_SESSION_003,True,SYNTHETIC / SIMULATED — NOT REAL STUDENT DATA
S00002,Q0510S,Software Engineering,Design Patterns,Hard,0,243.96,30,2025-01-20T08:26:40.892453,S00002_SESSION_003,True,SYNTHETIC / SIMULATED — NOT REAL STUDENT DATA
S00002,Q0309B,Operating Systems,I/O Management,Medium,0,118.68,31,2025-01-21T21:57:37.021057,S00002_SESSION_004,True,SYNTHETIC / SIMULATED — NOT REAL STUDENT DATA
S00002,Q0207C,DBMS,Indexing,Hard,0,249.94,32,2025-01-22T20:18:13.268398,S00002_SESSION_004,True,SYNTHETIC / SIMULATED — NOT REAL STUDENT DATA
S00002,Q0303A,Operating Systems,Deadlocks,Easy,1,36.28,33,2025-01-23T01:37:18.779258,S00002_SESSION_004,True,SYNTHETIC / SIMULATED — NOT REAL STUDENT DATA
S00002,Q0505A,Software Engineering,Testing,Easy,0,89.66,34,2025-01-24T02:29:37.475195,S00002_SESSION_004,True,SYNTHETIC / SIMULATED — NOT REAL STUDENT DATA
S00002,Q0501S,Software Engineering,SDLC,Easy,1,59.55,35,2025-01-24T19:20:44.492417,S00002_SESSION_004,True,SYNTHETIC / SIMULATED — NOT REAL STUDENT DATA
S00002,Q0502B,Software Engineering,Agile,Medium,1,53.68,36,2025-01-26T00:01:30.091149,S00002_SESSION_004,True,SYNTHETIC / SIMULATED — NOT REAL STUDENT DATA
S00002,Q0503S,Software Engineering,Waterfall,Medium,0,207.81,37,2025-01-26T19:46:53.571739,S00002_SESSION_004,True,SYNTHETIC / SIMULATED — NOT REAL STUDENT DATA
S00002,Q0509B,Software Engineering,Project Management,Medium,0,223.07,38,2025-01-27T18:31:18.050090,S00002_SESSION_004,True,SYNTHETIC / SIMULATED — NOT REAL STUDENT DATA
S00002,Q0201S,DBMS,DBMS Basics,Easy,1,55.5,39,2025-01-28T20:21:06.396326,S00002_SESSION_004,True,SYNTHETIC / SIMULATED — NOT REAL STUDENT DATA
S00002,Q0402A,Computer Networks,TCP/IP,Easy,0,105.89,40,2025-01-30T00:44:47.247465,S00002_SESSION_004,True,SYNTHETIC / SIMULATED — NOT REAL STUDENT DATA
S00002,Q0205B,DBMS,Joins,Medium,0,118.81,41,2025-01-30T13:07:51.765727,S00002_SESSION_005,True,SYNTHETIC / SIMULATED — NOT REAL STUDENT DATA
S00002,Q0305C,Operating Systems,Paging,Hard,0,406.32,42,2025-02-01T00:29:36.090386,S00002_SESSION_005,True,SYNTHETIC / SIMULATED — NOT REAL STUDENT DATA
S00002,Q0306A,Operating Systems,Synchronization,Easy,1,67.21,43,2025-02-01T04:35:33.039305,S00002_SESSION_005,True,SYNTHETIC / SIMULATED — NOT REAL STUDENT DATA
S00002,Q0209A,DBMS,Relational Algebra,Easy,0,114.79,44,2025-02-02T13:22:33.829669,S00002_SESSION_005,True,SYNTHETIC / SIMULATED — NOT REAL STUDENT DATA
S00002,Q0510S,Software Engineering,Design Patterns,Hard,1,200.57,45,2025-02-03T12:20:18.437984,S00002_SESSION_005,True,SYNTHETIC / SIMULATED — NOT REAL STUDENT DATA
S00002,Q0310C,Operating Systems,Security,Hard,0,324.78,46,2025-02-04T04:06:29.798849,S00002_SESSION_005,True,SYNTHETIC / SIMULATED — NOT REAL STUDENT DATA
S00002,Q0208B,DBMS,ER Model,Medium,0,192.39,47,2025-02-05T12:30:07.752964,S00002_SESSION_005,True,SYNTHETIC / SIMULATED — NOT REAL STUDENT DATA
S00002,Q0302S,Operating Systems,CPU Scheduling,Medium,0,96.81,48,2025-02-06T22:04:45.332162,S00002_SESSION_005,True,SYNTHETIC / SIMULATED — NOT REAL STUDENT DATA
S00002,Q0303A,Operating Systems,Deadlocks,Easy,0,85.76,49,2025-02-07T04:31:21.437617,S00002_SESSION_005,True,SYNTHETIC / SIMULATED — NOT REAL STUDENT DATA
S00002,Q0109A,DSA,Heap,Easy,0,50.0,50,2025-02-08T03:44:29.918171,S00002_SESSION_005,True,SYNTHETIC / SIMULATED — NOT REAL STUDENT DATA
S00002,Q0103S,DSA,Linked Lists,Medium,0,161.45,51,2025-02-08T18:53:00.949040,S00002_SESSION_006,True,SYNTHETIC / SIMULATED — NOT REAL STUDENT DATA
S00002,Q0403A,Computer Networks,TCP,Easy,1,50.19,52,2025-02-10T07:11:31.998319,S00002_SESSION_006,True,SYNTHETIC / SIMULATED — NOT REAL STUDENT DATA
S00002,Q0307A,Operating Systems,File Systems,Easy,1,66.4,53,2025-02-10T20:06:47.323972,S00002_SESSION_006,True,SYNTHETIC / SIMULATED — NOT REAL STUDENT DATA
S00002,Q0405C,Computer Networks,DNS,Hard,0,211.8,54,2025-02-12T00:47:05.054334,S00002_SESSION_006,True,SYNTHETIC / SIMULATED — NOT REAL STUDENT DATA
S00002,Q0502C,Software Engineering,Agile,Hard,0,196.1,55,2025-02-13T11:51:22.009642,S00002_SESSION_006,True,SYNTHETIC / SIMULATED — NOT REAL STUDENT DATA
S00002,Q0306B,Operating Systems,Synchronization,Medium,0,175.52,56,2025-02-14T01:03:39.209265,S00002_SESSION_006,True,SYNTHETIC / SIMULATED — NOT REAL STUDENT DATA
S00002,Q0510A,Software Engineering,Design Patterns,Easy,0,82.9,57,2025-02-15T03:19:43.320984,S00002_SESSION_006,True,SYNTHETIC / SIMULATED — NOT REAL STUDENT DATA
S00002,Q0207C,DBMS,Indexing,Hard,0,296.95,58,2025-02-15T13:01:49.273478,S00002_SESSION_006,True,SYNTHETIC / SIMULATED — NOT REAL STUDENT DATA
S00002,Q0308B,Operating Systems,Threads,Medium,1,65.4,59,2025-02-15T16:49:38.244712,S00002_SESSION_006,True,SYNTHETIC / SIMULATED — NOT REAL STUDENT DATA
S00002,Q0509C,Software Engineering,Project Management,Hard,0,138.96,60,2025-02-16T09:55:35.669903,S00002_SESSION_006,True,SYNTHETIC / SIMULATED — NOT REAL STUDENT DATA
S00003,Q0506S,Software Engineering,UML,Medium,1,66.39,1,2025-01-03T07:48:19.887217,S00003_SESSION_001,True,SYNTHETIC / SIMULATED — NOT REAL STUDENT DATA
S00003,Q0203B,DBMS,SQL,Medium,1,70.67,2,2025-01-03T21:18:06.196993,S00003_SESSION_001,True,SYNTHETIC / SIMULATED — NOT REAL STUDENT DATA
S00003,Q0207A,DBMS,Indexing,Easy,1,67.44,3,2025-01-04T10:49:17.109585,S00003_SESSION_001,True,SYNTHETIC / SIMULATED — NOT REAL STUDENT DATA
S00003,Q0402C,Computer Networks,TCP/IP,Hard,0,152.87,4,2025-01-05T03:16:25.350405,S00003_SESSION_001,True,SYNTHETIC / SIMULATED — NOT REAL STUDENT DATA
S00003,Q0505C,Software Engineering,Testing,Hard,0,190.08,5,2025-01-05T07:57:23.343628,S00003_SESSION_001,True,SYNTHETIC / SIMULATED — NOT REAL STUDENT DATA
S00003,Q0506B,Software Engineering,UML,Medium,1,67.75,6,2025-01-06T08:04:20.689702,S00003_SESSION_001,True,SYNTHETIC / SIMULATED — NOT REAL STUDENT DATA
S00003,Q0408B,Computer Networks,IP Addressing,Medium,0,60.86,7,2025-01-06T19:26:08.043109,S00003_SESSION_001,True,SYNTHETIC / SIMULATED — NOT REAL STUDENT DATA
S00003,Q0507S,Software Engineering,Git/Version Control,Easy,0,75.28,8,2025-01-07T03:10:35.006279,S00003_SESSION_001,True,SYNTHETIC / SIMULATED — NOT REAL STUDENT DATA
S00003,Q0403A,Computer Networks,TCP,Easy,0,67.16,9,2025-01-08T01:07:21.017276,S00003_SESSION_001,True,SYNTHETIC / SIMULATED — NOT REAL STUDENT DATA
S00003,Q0302A,Operating Systems,CPU Scheduling,Easy,1,13.86,10,2025-01-08T07:10:23.089474,S00003_SESSION_001,True,SYNTHETIC / SIMULATED — NOT REAL STUDENT DATA
S00003,Q0303B,Operating Systems,Deadlocks,Medium,0,74.6,11,2025-01-09T16:39:58.383079,S00003_SESSION_002,True,SYNTHETIC / SIMULATED — NOT REAL STUDENT DATA
S00003,Q0307S,Operating Systems,File Systems,Easy,1,27.55,12,2025-01-09T21:26:10.734290,S00003_SESSION_002,True,SYNTHETIC / SIMULATED — NOT REAL STUDENT DATA
S00003,Q0505S,Software Engineering,Testing,Medium,0,115.55,13,2025-01-10T00:40:12.826908,S00003_SESSION_002,True,SYNTHETIC / SIMULATED — NOT REAL STUDENT DATA
S00003,Q0201B,DBMS,DBMS Basics,Medium,0,153.13,14,2025-01-11T05:37:04.973721,S00003_SESSION_002,True,SYNTHETIC / SIMULATED — NOT REAL STUDENT DATA
S00003,Q0308B,Operating Systems,Threads,Medium,1,34.34,15,2025-01-12T17:03:53.220152,S00003_SESSION_002,True,SYNTHETIC / SIMULATED — NOT REAL STUDENT DATA
S00003,Q0207B,DBMS,Indexing,Medium,0,142.43,16,2025-01-12T20:43:28.711155,S00003_SESSION_002,True,SYNTHETIC / SIMULATED — NOT REAL STUDENT DATA
S00003,Q0406C,Computer Networks,HTTP,Hard,1,81.32,17,2025-01-13T18:33:37.145981,S00003_SESSION_002,True,SYNTHETIC / SIMULATED — NOT REAL STUDENT DATA
S00003,Q0208S,DBMS,ER Model,Easy,1,69.15,18,2025-01-14T20:20:41.458863,S00003_SESSION_002,True,SYNTHETIC / SIMULATED — NOT REAL STUDENT DATA
S00003,Q0408C,Computer Networks,IP Addressing,Hard,1,134.66,19,2025-01-15T20:54:41.722528,S00003_SESSION_002,True,SYNTHETIC / SIMULATED — NOT REAL STUDENT DATA
S00003,Q0106S,DSA,Trees,Medium,1,64.68,20,2025-01-16T13:35:04.788231,S00003_SESSION_002,True,SYNTHETIC / SIMULATED — NOT REAL STUDENT DATA
S00003,Q0203A,DBMS,SQL,Easy,0,44.2,21,2025-01-16T20:13:30.297967,S00003_SESSION_003,True,SYNTHETIC / SIMULATED — NOT REAL STUDENT DATA
S00003,Q0510A,Software Engineering,Design Patterns,Easy,1,46.8,22,2025-01-18T00:48:46.290827,S00003_SESSION_003,True,SYNTHETIC / SIMULATED — NOT REAL STUDENT DATA
S00003,Q0401A,Computer Networks,OSI,Easy,0,58.06,23,2025-01-19T11:45:22.484105,S00003_SESSION_003,True,SYNTHETIC / SIMULATED — NOT REAL STUDENT DATA
S00003,Q0210A,DBMS,Concurrency Control,Easy,1,37.97,24,2025-01-20T05:02:55.551558,S00003_SESSION_003,True,SYNTHETIC / SIMULATED — NOT REAL STUDENT DATA
S00003,Q0506C,Software Engineering,UML,Hard,0,176.96,25,2025-01-21T05:56:11.484910,S00003_SESSION_003,True,SYNTHETIC / SIMULATED — NOT REAL STUDENT DATA
S00003,Q0101S,DSA,Arrays,Easy,0,65.78,26,2025-01-22T03:52:41.991333,S00003_SESSION_003,True,SYNTHETIC / SIMULATED — NOT REAL STUDENT DATA
S00003,Q0510A,Software Engineering,Design Patterns,Easy,0,71.61,27,2025-01-23T07:54:25.759478,S00003_SESSION_003,True,SYNTHETIC / SIMULATED — NOT REAL STUDENT DATA
S00003,Q0404B,Computer Networks,UDP,Medium,1,87.77,28,2025-01-23T11:33:44.738517,S00003_SESSION_003,True,SYNTHETIC / SIMULATED — NOT REAL STUDENT DATA
S00003,Q0406S,Computer Networks,HTTP,Easy,1,39.56,29,2025-01-24T00:29:29.602821,S00003_SESSION_003,True,SYNTHETIC / SIMULATED — NOT REAL STUDENT DATA
S00003,Q0109B,DSA,Heap,Medium,0,98.23,30,2025-01-25T13:18:26.716331,S00003_SESSION_003,True,SYNTHETIC / SIMULATED — NOT REAL STUDENT DATA
S00003,Q0407S,Computer Networks,DHCP,Medium,1,85.08,31,2025-01-26T01:40:51.192939,S00003_SESSION_004,True,SYNTHETIC / SIMULATED — NOT REAL STUDENT DATA
S00003,Q0205A,DBMS,Joins,Easy,1,23.52,32,2025-01-27T14:31:23.956167,S00003_SESSION_004,True,SYNTHETIC / SIMULATED — NOT REAL STUDENT DATA
S00003,Q0208C,DBMS,ER Model,Hard,0,183.81,33,2025-01-29T02:59:48.814653,S00003_SESSION_004,True,SYNTHETIC / SIMULATED — NOT REAL STUDENT DATA
S00003,Q0303A,Operating Systems,Deadlocks,Easy,1,31.87,34,2025-01-30T13:21:43.171858,S00003_SESSION_004,True,SYNTHETIC / SIMULATED — NOT REAL STUDENT DATA
S00003,Q0406C,Computer Networks,HTTP,Hard,1,119.5,35,2025-01-31T07:14:41.420854,S00003_SESSION_004,True,SYNTHETIC / SIMULATED — NOT REAL STUDENT DATA
S00003,Q0502S,Software Engineering,Agile,Easy,1,29.82,36,2025-01-31T12:46:05.997645,S00003_SESSION_004,True,SYNTHETIC / SIMULATED — NOT REAL STUDENT DATA
S00003,Q0306A,Operating Systems,Synchronization,Easy,0,53.45,37,2025-02-01T17:43:22.668254,S00003_SESSION_004,True,SYNTHETIC / SIMULATED — NOT REAL STUDENT DATA
S00003,Q0206A,DBMS,Transactions,Easy,1,23.74,38,2025-02-03T03:44:07.697121,S00003_SESSION_004,True,SYNTHETIC / SIMULATED — NOT REAL STUDENT DATA
S00003,Q0104S,DSA,Stack & Queue,Easy,1,48.95,39,2025-02-03T12:16:50.153500,S00003_SESSION_004,True,SYNTHETIC / SIMULATED — NOT REAL STUDENT DATA
S00003,Q0509S,Software Engineering,Project Management,Medium,0,156.37,40,2025-02-04T02:51:33.321263,S00003_SESSION_004,True,SYNTHETIC / SIMULATED — NOT REAL STUDENT DATA
S00003,Q0106A,DSA,Trees,Easy,1,32.0,41,2025-02-05T08:38:45.990515,S00003_SESSION_005,True,SYNTHETIC / SIMULATED — NOT REAL STUDENT DATA
S00003,Q0208A,DBMS,ER Model,Easy,0,61.27,42,2025-02-06T11:40:34.045433,S00003_SESSION_005,True,SYNTHETIC / SIMULATED — NOT REAL STUDENT DATA
S00003,Q0510C,Software Engineering,Design Patterns,Hard,1,114.91,43,2025-02-08T00:07:03.321887,S00003_SESSION_005,True,SYNTHETIC / SIMULATED — NOT REAL STUDENT DATA
S00003,Q0206A,DBMS,Transactions,Easy,0,62.73,44,2025-02-08T14:18:43.861302,S00003_SESSION_005,True,SYNTHETIC / SIMULATED — NOT REAL STUDENT DATA
S00003,Q0401B,Computer Networks,OSI,Medium,1,63.36,45,2025-02-08T20:03:45.759841,S00003_SESSION_005,True,SYNTHETIC / SIMULATED — NOT REAL STUDENT DATA
S00003,Q0407A,Computer Networks,DHCP,Easy,0,83.97,46,2025-02-09T04:04:47.853183,S00003_SESSION_005,True,SYNTHETIC / SIMULATED — NOT REAL STUDENT DATA
S00003,Q0405B,Computer Networks,DNS,Medium,0,86.67,47,2025-02-10T00:54:11.595342,S00003_SESSION_005,True,SYNTHETIC / SIMULATED — NOT REAL STUDENT DATA
S00003,Q0509A,Software Engineering,Project Management,Easy,0,67.88,48,2025-02-11T12:13:41.425877,S00003_SESSION_005,True,SYNTHETIC / SIMULATED — NOT REAL STUDENT DATA
S00003,Q0308A,Operating Systems,Threads,Easy,1,23.48,49,2025-02-12T19:07:00.557395,S00003_SESSION_005,True,SYNTHETIC / SIMULATED — NOT REAL STUDENT DATA
S00003,Q0103A,DSA,Linked Lists,Easy,1,33.64,50,2025-02-13T11:03:12.235224,S00003_SESSION_005,True,SYNTHETIC / SIMULATED — NOT REAL STUDENT DATA
S00003,Q0109S,DSA,Heap,Medium,0,63.44,51,2025-02-14T02:54:39.389272,S00003_SESSION_006,True,SYNTHETIC / SIMULATED — NOT REAL STUDENT DATA
S00003,Q0405C,Computer Networks,DNS,Hard,0,185.49,52,2025-02-15T04:52:39.375578,S00003_SESSION_006,True,SYNTHETIC / SIMULATED — NOT REAL STUDENT DATA
S00003,Q0507A,Software Engineering,Git/Version Control,Easy,1,49.51,53,2025-02-16T12:25:00.903696,S00003_SESSION_006,True,SYNTHETIC / SIMULATED — NOT REAL STUDENT DATA
S00003,Q0507A,Software Engineering,Git/Version Control,Easy,0,46.2,54,2025-02-16T18:01:17.845026,S00003_SESSION_006,True,SYNTHETIC / SIMULATED — NOT REAL STUDENT DATA
S00003,Q0203C,DBMS,SQL,Hard,1,163.2,55,2025-02-17T22:00:38.769656,S00003_SESSION_006,True,SYNTHETIC / SIMULATED — NOT REAL STUDENT DATA
S00003,Q0104B,DSA,Stack & Queue,Medium,0,95.79,56,2025-02-18T12:25:02.311223,S00003_SESSION_006,True,SYNTHETIC / SIMULATED — NOT REAL STUDENT DATA
S00003,Q0407S,Computer Networks,DHCP,Medium,1,92.66,57,2025-02-18T22:24:04.714039,S00003_SESSION_006,True,SYNTHETIC / SIMULATED — NOT REAL STUDENT DATA
S00003,Q0402B,Computer Networks,TCP/IP,Medium,0,141.9,58,2025-02-20T02:19:03.792407,S00003_SESSION_006,True,SYNTHETIC / SIMULATED — NOT REAL STUDENT DATA
S00003,Q0408A,Computer Networks,IP Addressing,Easy,1,52.93,59,2025-02-21T10:05:31.860790,S00003_SESSION_006,True,SYNTHETIC / SIMULATED — NOT REAL STUDENT DATA
S00003,Q0201B,DBMS,DBMS Basics,Medium,0,159.17,60,2025-02-21T19:12:22.640760,S00003_SESSION_006,True,SYNTHETIC / SIMULATED — NOT REAL STUDENT DATA
S00004,Q0410B,Computer Networks,Network Security,Medium,0,150.08,1,2025-01-04T01:22:43.948297,S00004_SESSION_001,True,SYNTHETIC / SIMULATED — NOT REAL STUDENT DATA
S00004,Q0204A,DBMS,Normalization,Easy,0,84.76,2,2025-01-05T01:23:44.337817,S00004_SESSION_001,True,SYNTHETIC / SIMULATED — NOT REAL STUDENT DATA
S00004,Q0106C,DSA,Trees,Hard,0,185.9,3,2025-01-05T04:33:03.804960,S00004_SESSION_001,True,SYNTHETIC / SIMULATED — NOT REAL STUDENT DATA
S00004,Q0508A,Software Engineering,Software Quality,Easy,1,55.08,4,2025-01-06T02:39:03.415278,S00004_SESSION_001,True,SYNTHETIC / SIMULATED — NOT REAL STUDENT DATA
S00004,Q0108B,DSA,Hashing,Medium,1,119.31,5,2025-01-06T09:50:45.709380,S00004_SESSION_001,True,SYNTHETIC / SIMULATED — NOT REAL STUDENT DATA
S00004,Q0209A,DBMS,Relational Algebra,Easy,1,29.17,6,2025-01-07T01:32:26.063529,S00004_SESSION_001,True,SYNTHETIC / SIMULATED — NOT REAL STUDENT DATA
S00004,Q0509S,Software Engineering,Project Management,Medium,0,54.22,7,2025-01-07T10:27:49.281112,S00004_SESSION_001,True,SYNTHETIC / SIMULATED — NOT REAL STUDENT DATA
S00004,Q0207S,DBMS,Indexing,Medium,1,79.44,8,2025-01-08T15:24:16.249920,S00004_SESSION_001,True,SYNTHETIC / SIMULATED — NOT REAL STUDENT DATA
S00004,Q0510C,Software Engineering,Design Patterns,Hard,0,195.72,9,2025-01-09T22:11:28.910697,S00004_SESSION_001,True,SYNTHETIC / SIMULATED — NOT REAL STUDENT DATA
S00004,Q0205A,DBMS,Joins,Easy,1,41.55,10,2025-01-10T19:41:56.491944,S00004_SESSION_001,True,SYNTHETIC / SIMULATED — NOT REAL STUDENT DATA
S00004,Q0106A,DSA,Trees,Easy,0,65.13,11,2025-01-11T08:54:38.638660,S00004_SESSION_002,True,SYNTHETIC / SIMULATED — NOT REAL STUDENT DATA
S00004,Q0105S,DSA,Recursion,Medium,0,160.15,12,2025-01-12T14:51:23.682080,S00004_SESSION_002,True,SYNTHETIC / SIMULATED — NOT REAL STUDENT DATA
S00004,Q0404B,Computer Networks,UDP,Medium,0,76.01,13,2025-01-13T07:58:23.069089,S00004_SESSION_002,True,SYNTHETIC / SIMULATED — NOT REAL STUDENT DATA
S00004,Q0103B,DSA,Linked Lists,Medium,0,130.22,14,2025-01-13T18:12:53.432627,S00004_SESSION_002,True,SYNTHETIC / SIMULATED — NOT REAL STUDENT DATA
S00004,Q0310B,Operating Systems,Security,Medium,0,151.35,15,2025-01-13T23:51:25.685779,S00004_SESSION_002,True,SYNTHETIC / SIMULATED — NOT REAL STUDENT DATA
S00004,Q0110A,DSA,Dynamic Programming,Easy,0,89.34,16,2025-01-15T13:16:56.403229,S00004_SESSION_002,True,SYNTHETIC / SIMULATED — NOT REAL STUDENT DATA
S00004,Q0501A,Software Engineering,SDLC,Easy,1,43.86,17,2025-01-16T04:23:13.727201,S00004_SESSION_002,True,SYNTHETIC / SIMULATED — NOT REAL STUDENT DATA
S00004,Q0310C,Operating Systems,Security,Hard,0,299.25,18,2025-01-16T15:42:33.969235,S00004_SESSION_002,True,SYNTHETIC / SIMULATED — NOT REAL STUDENT DATA
S00004,Q0402A,Computer Networks,TCP/IP,Easy,1,82.12,19,2025-01-18T01:18:24.905885,S00004_SESSION_002,True,SYNTHETIC / SIMULATED — NOT REAL STUDENT DATA
S00004,Q0404C,Computer Networks,UDP,Hard,0,212.42,20,2025-01-18T22:12:58.291909,S00004_SESSION_002,True,SYNTHETIC / SIMULATED — NOT REAL STUDENT DATA
S00004,Q0508B,Software Engineering,Software Quality,Medium,0,126.93,21,2025-01-19T07:31:41.395048,S00004_SESSION_003,True,SYNTHETIC / SIMULATED — NOT REAL STUDENT DATA
S00004,Q0110A,DSA,Dynamic Programming,Easy,0,37.61,22,2025-01-20T21:10:19.923020,S00004_SESSION_003,True,SYNTHETIC / SIMULATED — NOT REAL STUDENT DATA
S00004,Q0201C,DBMS,DBMS Basics,Hard,0,130.91,23,2025-01-21T13:19:56.640518,S00004_SESSION_003,True,SYNTHETIC / SIMULATED — NOT REAL STUDENT DATA
S00004,Q0104B,DSA,Stack & Queue,Medium,0,197.74,24,2025-01-22T17:07:03.309171,S00004_SESSION_003,True,SYNTHETIC / SIMULATED — NOT REAL STUDENT DATA
S00004,Q0208S,DBMS,ER Model,Easy,1,58.95,25,2025-01-23T00:26:42.506437,S00004_SESSION_003,True,SYNTHETIC / SIMULATED — NOT REAL STUDENT DATA
S00004,Q0304A,Operating Systems,Memory Management,Easy,1,46.76,26,2025-01-23T09:15:51.273354,S00004_SESSION_003,True,SYNTHETIC / SIMULATED — NOT REAL STUDENT DATA
S00004,Q0207B,DBMS,Indexing,Medium,0,99.81,27,2025-01-24T10:19:08.069987,S00004_SESSION_003,True,SYNTHETIC / SIMULATED — NOT REAL STUDENT DATA
S00004,Q0410B,Computer Networks,Network Security,Medium,0,124.84,28,2025-01-25T16:06:12.079512,S00004_SESSION_003,True,SYNTHETIC / SIMULATED — NOT REAL STUDENT DATA
S00004,Q0208A,DBMS,ER Model,Easy,1,76.52,29,2025-01-26T11:10:46.780318,S00004_SESSION_003,True,SYNTHETIC / SIMULATED — NOT REAL STUDENT DATA
S00004,Q0102B,DSA,Strings,Medium,0,196.38,30,2025-01-26T17:00:25.863334,S00004_SESSION_003,True,SYNTHETIC / SIMULATED — NOT REAL STUDENT DATA
S00004,Q0207C,DBMS,Indexing,Hard,0,254.38,31,2025-01-27T21:17:33.619486,S00004_SESSION_004,True,SYNTHETIC / SIMULATED — NOT REAL STUDENT DATA
S00004,Q0306S,Operating Systems,Synchronization,Hard,0,186.68,32,2025-01-29T01:03:36.579835,S00004_SESSION_004,True,SYNTHETIC / SIMULATED — NOT REAL STUDENT DATA
S00004,Q0510B,Software Engineering,Design Patterns,Medium,1,41.34,33,2025-01-30T11:27:40.128400,S00004_SESSION_004,True,SYNTHETIC / SIMULATED — NOT REAL STUDENT DATA
S00004,Q0303C,Operating Systems,Deadlocks,Hard,0,165.73,34,2025-01-31T08:45:37.646683,S00004_SESSION_004,True,SYNTHETIC / SIMULATED — NOT REAL STUDENT DATA
S00004,Q0108B,DSA,Hashing,Medium,0,171.0,35,2025-02-01T09:21:54.500626,S00004_SESSION_004,True,SYNTHETIC / SIMULATED — NOT REAL STUDENT DATA
S00004,Q0304A,Operating Systems,Memory Management,Easy,0,121.54,36,2025-02-02T00:32:26.188697,S00004_SESSION_004,True,SYNTHETIC / SIMULATED — NOT REAL STUDENT DATA
S00004,Q0109A,DSA,Heap,Easy,0,76.65,37,2025-02-03T06:30:14.261349,S00004_SESSION_004,True,SYNTHETIC / SIMULATED — NOT REAL STUDENT DATA
S00004,Q0303A,Operating Systems,Deadlocks,Easy,1,67.42,38,2025-02-04T07:55:32.666403,S00004_SESSION_004,True,SYNTHETIC / SIMULATED — NOT REAL STUDENT DATA
S00004,Q0401S,Computer Networks,OSI,Medium,0,171.74,39,2025-02-05T16:35:35.548079,S00004_SESSION_004,True,SYNTHETIC / SIMULATED — NOT REAL STUDENT DATA
S00004,Q0206S,DBMS,Transactions,Medium,0,106.17,40,2025-02-06T07:01:20.500190,S00004_SESSION_004,True,SYNTHETIC / SIMULATED — NOT REAL STUDENT DATA
S00004,Q0401C,Computer Networks,OSI,Hard,0,184.41,41,2025-02-06T17:38:07.440353,S00004_SESSION_005,True,SYNTHETIC / SIMULATED — NOT REAL STUDENT DATA
S00004,Q0106A,DSA,Trees,Easy,1,43.54,42,2025-02-06T21:23:25.370226,S00004_SESSION_005,True,SYNTHETIC / SIMULATED — NOT REAL STUDENT DATA
S00004,Q0108A,DSA,Hashing,Easy,1,62.22,43,2025-02-07T22:30:31.880018,S00004_SESSION_005,True,SYNTHETIC / SIMULATED — NOT REAL STUDENT DATA
S00004,Q0509S,Software Engineering,Project Management,Medium,1,59.85,44,2025-02-09T07:44:08.067049,S00004_SESSION_005,True,SYNTHETIC / SIMULATED — NOT REAL STUDENT DATA
S00004,Q0102A,DSA,Strings,Easy,1,61.29,45,2025-02-09T12:48:14.161390,S00004_SESSION_005,True,SYNTHETIC / SIMULATED — NOT REAL STUDENT DATA
S00004,Q0309C,Operating Systems,I/O Management,Hard,0,254.37,46,2025-02-10T05:48:22.291125,S00004_SESSION_005,True,SYNTHETIC / SIMULATED — NOT REAL STUDENT DATA
S00004,Q0101B,DSA,Arrays,Medium,0,140.5,47,2025-02-10T11:43:00.030813,S00004_SESSION_005,True,SYNTHETIC / SIMULATED — NOT REAL STUDENT DATA
S00004,Q0501C,Software Engineering,SDLC,Hard,0,179.54,48,2025-02-11T13:12:10.233553,S00004_SESSION_005,True,SYNTHETIC / SIMULATED — NOT REAL STUDENT DATA
S00004,Q0107A,DSA,Graphs,Easy,0,35.62,49,2025-02-12T08:33:15.130042,S00004_SESSION_005,True,SYNTHETIC / SIMULATED — NOT REAL STUDENT DATA
S00004,Q0410A,Computer Networks,Network Security,Easy,0,66.58,50,2025-02-13T16:18:28.590129,S00004_SESSION_005,True,SYNTHETIC / SIMULATED — NOT REAL STUDENT DATA
S00004,Q0207S,DBMS,Indexing,Medium,0,109.69,51,2025-02-14T21:22:54.219506,S00004_SESSION_006,True,SYNTHETIC / SIMULATED — NOT REAL STUDENT DATA
S00004,Q0406A,Computer Networks,HTTP,Easy,1,47.7,52,2025-02-15T20:32:01.360288,S00004_SESSION_006,True,SYNTHETIC / SIMULATED — NOT REAL STUDENT DATA
S00004,Q0201S,DBMS,DBMS Basics,Easy,1,57.41,53,2025-02-17T05:45:37.442868,S00004_SESSION_006,True,SYNTHETIC / SIMULATED — NOT REAL STUDENT DATA
S00004,Q0308A,Operating Systems,Threads,Easy,1,66.26,54,2025-02-17T10:24:09.748187,S00004_SESSION_006,True,SYNTHETIC / SIMULATED — NOT REAL STUDENT DATA
S00004,Q0104B,DSA,Stack & Queue,Medium,0,163.56,55,2025-02-18T08:19:23.510092,S00004_SESSION_006,True,SYNTHETIC / SIMULATED — NOT REAL STUDENT DATA
S00004,Q0210A,DBMS,Concurrency Control,Easy,1,44.7,56,2025-02-19T21:10:51.752165,S00004_SESSION_006,True,SYNTHETIC / SIMULATED — NOT REAL STUDENT DATA
S00004,Q0303B,Operating Systems,Deadlocks,Medium,0,140.38,57,2025-02-21T10:40:58.574219,S00004_SESSION_006,True,SYNTHETIC / SIMULATED — NOT REAL STUDENT DATA
S00004,Q0406C,Computer Networks,HTTP,Hard,0,243.49,58,2025-02-22T07:23:07.734662,S00004_SESSION_006,True,SYNTHETIC / SIMULATED — NOT REAL STUDENT DATA
S00004,Q0101C,DSA,Arrays,Hard,0,326.95,59,2025-02-23T17:30:20.809262,S00004_SESSION_006,True,SYNTHETIC / SIMULATED — NOT REAL STUDENT DATA
S00004,Q0505S,Software Engineering,Testing,Medium,1,106.78,60,2025-02-25T04:06:55.852701,S00004_SESSION_006,True,SYNTHETIC / SIMULATED — NOT REAL STUDENT DATA
S00005,Q0507B,Software Engineering,Git/Version Control,Medium,0,94.09,1,2025-01-04T03:15:41.642558,S00005_SESSION_001,True,SYNTHETIC / SIMULATED — NOT REAL STUDENT DATA
S00005,Q0306B,Operating Systems,Synchronization,Medium,1,34.94,2,2025-01-04T22:14:26.200156,S00005_SESSION_001,True,SYNTHETIC / SIMULATED — NOT REAL STUDENT DATA
S00005,Q0404S,Computer Networks,UDP,Easy,1,21.08,3,2025-01-05T21:15:43.323328,S00005_SESSION_001,True,SYNTHETIC / SIMULATED — NOT REAL STUDENT DATA
S00005,Q0106A,DSA,Trees,Easy,0,79.14,4,2025-01-06T01:49:00.247913,S00005_SESSION_001,True,SYNTHETIC / SIMULATED — NOT REAL STUDENT DATA
S00005,Q0507B,Software Engineering,Git/Version Control,Medium,1,77.73,5,2025-01-07T03:05:25.688983,S00005_SESSION_001,True,SYNTHETIC / SIMULATED — NOT REAL STUDENT DATA
S00005,Q0201A,DBMS,DBMS Basics,Easy,1,57.99,6,2025-01-07T20:21:15.170397,S00005_SESSION_001,True,SYNTHETIC / SIMULATED — NOT REAL STUDENT DATA
S00005,Q0205S,DBMS,Joins,Medium,0,58.45,7,2025-01-08T12:39:45.797992,S00005_SESSION_001,True,SYNTHETIC / SIMULATED — NOT REAL STUDENT DATA
S00005,Q0204S,DBMS,Normalization,Medium,1,62.59,8,2025-01-09T03:17:27.071881,S00005_SESSION_001,True,SYNTHETIC / SIMULATED — NOT REAL STUDENT DATA
S00005,Q0105C,DSA,Recursion,Hard,0,244.66,9,2025-01-10T13:13:30.093896,S00005_SESSION_001,True,SYNTHETIC / SIMULATED — NOT REAL STUDENT DATA
S00005,Q0409B,Computer Networks,Routing,Medium,1,56.84,10,2025-01-11T09:40:36.393908,S00005_SESSION_001,True,SYNTHETIC / SIMULATED — NOT REAL STUDENT DATA
S00005,Q0109A,DSA,Heap,Easy,1,37.65,11,2025-01-12T11:14:20.269055,S00005_SESSION_002,True,SYNTHETIC / SIMULATED — NOT REAL STUDENT DATA
S00005,Q0403A,Computer Networks,TCP,Easy,1,41.74,12,2025-01-13T14:37:16.549711,S00005_SESSION_002,True,SYNTHETIC / SIMULATED — NOT REAL STUDENT DATA
S00005,Q0406A,Computer Networks,HTTP,Easy,1,36.96,13,2025-01-13T23:55:28.823449,S00005_SESSION_002,True,SYNTHETIC / SIMULATED — NOT REAL STUDENT DATA
S00005,Q0302A,Operating Systems,CPU Scheduling,Easy,1,52.24,14,2025-01-15T07:03:36.959506,S00005_SESSION_002,True,SYNTHETIC / SIMULATED — NOT REAL STUDENT DATA
S00005,Q0107S,DSA,Graphs,Medium,1,68.11,15,2025-01-16T07:46:39.109266,S00005_SESSION_002,True,SYNTHETIC / SIMULATED — NOT REAL STUDENT DATA
S00005,Q0102B,DSA,Strings,Medium,1,66.19,16,2025-01-16T23:26:53.584002,S00005_SESSION_002,True,SYNTHETIC / SIMULATED — NOT REAL STUDENT DATA
S00005,Q0106S,DSA,Trees,Medium,1,80.49,17,2025-01-18T02:35:38.062223,S00005_SESSION_002,True,SYNTHETIC / SIMULATED — NOT REAL STUDENT DATA
S00005,Q0408B,Computer Networks,IP Addressing,Medium,1,77.45,18,2025-01-18T06:31:20.712611,S00005_SESSION_002,True,SYNTHETIC / SIMULATED — NOT REAL STUDENT DATA
S00005,Q0204C,DBMS,Normalization,Hard,0,169.11,19,2025-01-19T20:07:29.256867,S00005_SESSION_002,True,SYNTHETIC / SIMULATED — NOT REAL STUDENT DATA
S00005,Q0302A,Operating Systems,CPU Scheduling,Easy,1,31.1,20,2025-01-21T00:15:52.175339,S00005_SESSION_002,True,SYNTHETIC / SIMULATED — NOT REAL STUDENT DATA
S00005,Q0406C,Computer Networks,HTTP,Hard,0,117.43,21,2025-01-22T12:00:31.350440,S00005_SESSION_003,True,SYNTHETIC / SIMULATED — NOT REAL STUDENT DATA
S00005,Q0202B,DBMS,Keys,Medium,1,50.77,22,2025-01-23T18:35:21.577388,S00005_SESSION_003,True,SYNTHETIC / SIMULATED — NOT REAL STUDENT DATA
S00005,Q0103C,DSA,Linked Lists,Hard,0,137.93,23,2025-01-24T17:23:30.057899,S00005_SESSION_003,True,SYNTHETIC / SIMULATED — NOT REAL STUDENT DATA
S00005,Q0405S,Computer Networks,DNS,Easy,1,62.09,24,2025-01-25T21:07:51.589591,S00005_SESSION_003,True,SYNTHETIC / SIMULATED — NOT REAL STUDENT DATA
S00005,Q0101B,DSA,Arrays,Medium,0,85.86,25,2025-01-26T13:12:33.595404,S00005_SESSION_003,True,SYNTHETIC / SIMULATED — NOT REAL STUDENT DATA
S00005,Q0407B,Computer Networks,DHCP,Medium,0,87.17,26,2025-01-27T15:05:47.507498,S00005_SESSION_003,True,SYNTHETIC / SIMULATED — NOT REAL STUDENT DATA
S00005,Q0407B,Computer Networks,DHCP,Medium,0,129.51,27,2025-01-28T09:04:07.963816,S00005_SESSION_003,True,SYNTHETIC / SIMULATED — NOT REAL STUDENT DATA
S00005,Q0204S,DBMS,Normalization,Medium,0,112.71,28,2025-01-29T17:15:53.644479,S00005_SESSION_003,True,SYNTHETIC / SIMULATED — NOT REAL STUDENT DATA
S00005,Q0402B,Computer Networks,TCP/IP,Medium,0,117.78,29,2025-01-29T20:25:27.484781,S00005_SESSION_003,True,SYNTHETIC / SIMULATED — NOT REAL STUDENT DATA
S00005,Q0102B,DSA,Strings,Medium,1,67.68,30,2025-01-30T11:23:43.347003,S00005_SESSION_003,True,SYNTHETIC / SIMULATED — NOT REAL STUDENT DATA
S00005,Q0107A,DSA,Graphs,Easy,0,47.8,31,2025-01-30T22:11:38.337125,S00005_SESSION_004,True,SYNTHETIC / SIMULATED — NOT REAL STUDENT DATA
S00005,Q0109A,DSA,Heap,Easy,1,65.89,32,2025-02-01T05:41:12.503853,S00005_SESSION_004,True,SYNTHETIC / SIMULATED — NOT REAL STUDENT DATA
S00005,Q0505B,Software Engineering,Testing,Medium,1,42.07,33,2025-02-01T16:08:27.577837,S00005_SESSION_004,True,SYNTHETIC / SIMULATED — NOT REAL STUDENT DATA
S00005,Q0406A,Computer Networks,HTTP,Easy,0,60.17,34,2025-02-03T03:22:47.574675,S00005_SESSION_004,True,SYNTHETIC / SIMULATED — NOT REAL STUDENT DATA
S00005,Q0406A,Computer Networks,HTTP,Easy,1,36.04,35,2025-02-04T05:34:03.297045,S00005_SESSION_004,True,SYNTHETIC / SIMULATED — NOT REAL STUDENT DATA
S00005,Q0102C,DSA,Strings,Hard,1,89.1,36,2025-02-05T00:47:53.863961,S00005_SESSION_004,True,SYNTHETIC / SIMULATED — NOT REAL STUDENT DATA
S00005,Q0307C,Operating Systems,File Systems,Hard,1,119.38,37,2025-02-05T15:42:37.895855,S00005_SESSION_004,True,SYNTHETIC / SIMULATED — NOT REAL STUDENT DATA
S00005,Q0109C,DSA,Heap,Hard,0,149.34,38,2025-02-06T12:58:29.074264,S00005_SESSION_004,True,SYNTHETIC / SIMULATED — NOT REAL STUDENT DATA
S00005,Q0201B,DBMS,DBMS Basics,Medium,1,72.76,39,2025-02-07T16:44:40.464302,S00005_SESSION_004,True,SYNTHETIC / SIMULATED — NOT REAL STUDENT DATA
S00005,Q0308A,Operating Systems,Threads,Easy,1,50.24,40,2025-02-08T07:14:18.129674,S00005_SESSION_004,True,SYNTHETIC / SIMULATED — NOT REAL STUDENT DATA
S00005,Q0203S,DBMS,SQL,Easy,1,16.52,41,2025-02-09T14:38:45.457217,S00005_SESSION_005,True,SYNTHETIC / SIMULATED — NOT REAL STUDENT DATA
S00005,Q0101B,DSA,Arrays,Medium,1,100.43,42,2025-02-10T16:12:40.604855,S00005_SESSION_005,True,SYNTHETIC / SIMULATED — NOT REAL STUDENT DATA
S00005,Q0510S,Software Engineering,Design Patterns,Hard,0,139.53,43,2025-02-12T02:30:17.506765,S00005_SESSION_005,True,SYNTHETIC / SIMULATED — NOT REAL STUDENT DATA
S00005,Q0503A,Software Engineering,Waterfall,Easy,1,46.7,44,2025-02-12T10:10:48.561010,S00005_SESSION_005,True,SYNTHETIC / SIMULATED — NOT REAL STUDENT DATA
S00005,Q0309C,Operating Systems,I/O Management,Hard,1,64.59,45,2025-02-12T20:36:25.007491,S00005_SESSION_005,True,SYNTHETIC / SIMULATED — NOT REAL STUDENT DATA
S00005,Q0204A,DBMS,Normalization,Easy,1,34.0,46,2025-02-13T06:02:35.004265,S00005_SESSION_005,True,SYNTHETIC / SIMULATED — NOT REAL STUDENT DATA
S00005,Q0106B,DSA,Trees,Medium,0,179.18,47,2025-02-14T07:52:15.749933,S00005_SESSION_005,True,SYNTHETIC / SIMULATED — NOT REAL STUDENT DATA
S00005,Q0209B,DBMS,Relational Algebra,Medium,0,63.24,48,2025-02-14T19:19:58.071507,S00005_SESSION_005,True,SYNTHETIC / SIMULATED — NOT REAL STUDENT DATA
S00005,Q0110A,DSA,Dynamic Programming,Easy,1,37.15,49,2025-02-15T12:10:24.252114,S00005_SESSION_005,True,SYNTHETIC / SIMULATED — NOT REAL STUDENT DATA
S00005,Q0208A,DBMS,ER Model,Easy,1,49.86,50,2025-02-16T23:50:20.836350,S00005_SESSION_005,True,SYNTHETIC / SIMULATED — NOT REAL STUDENT DATA
S00005,Q0405A,Computer Networks,DNS,Easy,1,31.77,51,2025-02-18T07:17:14.677593,S00005_SESSION_006,True,SYNTHETIC / SIMULATED — NOT REAL STUDENT DATA
S00005,Q0205C,DBMS,Joins,Hard,0,167.92,52,2025-02-18T19:47:32.496435,S00005_SESSION_006,True,SYNTHETIC / SIMULATED — NOT REAL STUDENT DATA
S00005,Q0405C,Computer Networks,DNS,Hard,1,88.97,53,2025-02-19T19:12:53.093685,S00005_SESSION_006,True,SYNTHETIC / SIMULATED — NOT REAL STUDENT DATA
S00005,Q0109C,DSA,Heap,Hard,0,146.31,54,2025-02-20T03:15:43.973559,S00005_SESSION_006,True,SYNTHETIC / SIMULATED — NOT REAL STUDENT DATA
S00005,Q0409S,Computer Networks,Routing,Hard,1,71.86,55,2025-02-21T00:34:27.673463,S00005_SESSION_006,True,SYNTHETIC / SIMULATED — NOT REAL STUDENT DATA
S00005,Q0101S,DSA,Arrays,Easy,1,85.19,56,2025-02-21T09:47:00.543184,S00005_SESSION_006,True,SYNTHETIC / SIMULATED — NOT REAL STUDENT DATA
S00005,Q0104B,DSA,Stack & Queue,Medium,0,78.08,57,2025-02-21T19:44:21.689729,S00005_SESSION_006,True,SYNTHETIC / SIMULATED — NOT REAL STUDENT DATA
S00005,Q0307C,Operating Systems,File Systems,Hard,0,182.65,58,2025-02-21T22:51:24.336506,S00005_SESSION_006,True,SYNTHETIC / SIMULATED — NOT REAL STUDENT DATA
S00005,Q0204B,DBMS,Normalization,Medium,1,76.28,59,2025-02-22T02:15:54.058352,S00005_SESSION_006,True,SYNTHETIC / SIMULATED — NOT REAL STUDENT DATA
S00005,Q0504C,Software Engineering,SRS,Hard,0,45.19,60,2025-02-22T17:15:49.552532,S00005_SESSION_006,True,SYNTHETIC / SIMULATED — NOT REAL STUDENT DATA
S00006,Q0506S,Software Engineering,UML,Medium,1,73.74,1,2025-01-02T13:05:49.460027,S00006_SESSION_001,True,SYNTHETIC / SIMULATED — NOT REAL STUDENT DATA
S00006,Q0203A,DBMS,SQL,Easy,0,121.74,2,2025-01-02T22:01:30.200891,S00006_SESSION_001,True,SYNTHETIC / SIMULATED — NOT REAL STUDENT DATA
S00006,Q0303B,Operating Systems,Deadlocks,Medium,1,65.76,3,2025-01-03T23:14:09.037501,S00006_SESSION_001,True,SYNTHETIC / SIMULATED — NOT REAL STUDENT DATA
S00006,Q0208C,DBMS,ER Model,Hard,0,154.09,4,2025-01-04T18:43:50.682680,S00006_SESSION_001,True,SYNTHETIC / SIMULATED — NOT REAL STUDENT DATA
S00006,Q0102A,DSA,Strings,Easy,1,39.33,5,2025-01-05T09:00:14.369571,S00006_SESSION_001,True,SYNTHETIC / SIMULATED — NOT REAL STUDENT DATA
S00006,Q0105B,DSA,Recursion,Medium,1,35.34,6,2025-01-06T22:54:22.424405,S00006_SESSION_001,True,SYNTHETIC / SIMULATED — NOT REAL STUDENT DATA
S00006,Q0208A,DBMS,ER Model,Easy,1,56.97,7,2025-01-07T20:31:15.636114,S00006_SESSION_001,True,SYNTHETIC / SIMULATED — NOT REAL STUDENT DATA
S00006,Q0409A,Computer Networks,Routing,Easy,1,65.95,8,2025-01-08T08:42:12.424952,S00006_SESSION_001,True,SYNTHETIC / SIMULATED — NOT REAL STUDENT DATA
S00006,Q0502S,Software Engineering,Agile,Easy,1,28.78,9,2025-01-09T18:02:24.434967,S00006_SESSION_001,True,SYNTHETIC / SIMULATED — NOT REAL STUDENT DATA
S00006,Q0207A,DBMS,Indexing,Easy,0,70.97,10,2025-01-09T21:56:15.283157,S00006_SESSION_001,True,SYNTHETIC / SIMULATED — NOT REAL STUDENT DATA
S00006,Q0107S,DSA,Graphs,Medium,1,107.89,11,2025-01-10T08:42:51.326741,S00006_SESSION_002,True,SYNTHETIC / SIMULATED — NOT REAL STUDENT DATA
S00006,Q0503B,Software Engineering,Waterfall,Medium,1,70.22,12,2025-01-11T19:35:41.486012,S00006_SESSION_002,True,SYNTHETIC / SIMULATED — NOT REAL STUDENT DATA
S00006,Q0210C,DBMS,Concurrency Control,Hard,1,164.53,13,2025-01-13T07:49:25.325435,S00006_SESSION_002,True,SYNTHETIC / SIMULATED — NOT REAL STUDENT DATA
S00006,Q0206A,DBMS,Transactions,Easy,1,59.29,14,2025-01-13T11:43:34.967419,S00006_SESSION_002,True,SYNTHETIC / SIMULATED — NOT REAL STUDENT DATA
S00006,Q0401S,Computer Networks,OSI,Medium,0,104.56,15,2025-01-14T04:09:56.576820,S00006_SESSION_002,True,SYNTHETIC / SIMULATED — NOT REAL STUDENT DATA
S00006,Q0408B,Computer Networks,IP Addressing,Medium,1,73.63,16,2025-01-14T09:27:58.145703,S00006_SESSION_002,True,SYNTHETIC / SIMULATED — NOT REAL STUDENT DATA
S00006,Q0309A,Operating Systems,I/O Management,Easy,1,26.24,17,2025-01-15T21:23:03.326232,S00006_SESSION_002,True,SYNTHETIC / SIMULATED — NOT REAL STUDENT DATA
S00006,Q0202C,DBMS,Keys,Hard,0,85.68,18,2025-01-16T07:54:33.351090,S00006_SESSION_002,True,SYNTHETIC / SIMULATED — NOT REAL STUDENT DATA
S00006,Q0109S,DSA,Heap,Medium,1,101.16,19,2025-01-17T16:23:19.179596,S00006_SESSION_002,True,SYNTHETIC / SIMULATED — NOT REAL STUDENT DATA
S00006,Q0103A,DSA,Linked Lists,Easy,1,22.85,20,2025-01-17T20:51:25.618879,S00006_SESSION_002,True,SYNTHETIC / SIMULATED — NOT REAL STUDENT DATA
S00006,Q0501B,Software Engineering,SDLC,Medium,0,82.62,21,2025-01-18T02:06:40.906679,S00006_SESSION_003,True,SYNTHETIC / SIMULATED — NOT REAL STUDENT DATA
S00006,Q0106B,DSA,Trees,Medium,0,70.18,22,2025-01-18T10:16:51.784845,S00006_SESSION_003,True,SYNTHETIC / SIMULATED — NOT REAL STUDENT DATA
S00006,Q0509C,Software Engineering,Project Management,Hard,0,92.22,23,2025-01-18T13:55:16.535562,S00006_SESSION_003,True,SYNTHETIC / SIMULATED — NOT REAL STUDENT DATA
S00006,Q0106B,DSA,Trees,Medium,0,117.05,24,2025-01-18T20:50:46.096954,S00006_SESSION_003,True,SYNTHETIC / SIMULATED — NOT REAL STUDENT DATA
S00006,Q0101C,DSA,Arrays,Hard,0,159.43,25,2025-01-20T05:38:11.951867,S00006_SESSION_003,True,SYNTHETIC / SIMULATED — NOT REAL STUDENT DATA
S00006,Q0104B,DSA,Stack & Queue,Medium,1,115.42,26,2025-01-21T04:29:52.623075,S00006_SESSION_003,True,SYNTHETIC / SIMULATED — NOT REAL STUDENT DATA
S00006,Q0408S,Computer Networks,IP Addressing,Medium,0,97.91,27,2025-01-21T19:38:52.561636,S00006_SESSION_003,True,SYNTHETIC / SIMULATED — NOT REAL STUDENT DATA
S00006,Q0201B,DBMS,DBMS Basics,Medium,0,150.19,28,2025-01-22T10:55:50.253062,S00006_SESSION_003,True,SYNTHETIC / SIMULATED — NOT REAL STUDENT DATA
S00006,Q0206S,DBMS,Transactions,Medium,1,73.92,29,2025-01-23T18:42:52.852157,S00006_SESSION_003,True,SYNTHETIC / SIMULATED — NOT REAL STUDENT DATA
S00006,Q0208B,DBMS,ER Model,Medium,0,135.83,30,2025-01-25T02:21:15.524591,S00006_SESSION_003,True,SYNTHETIC / SIMULATED — NOT REAL STUDENT DATA
S00006,Q0503A,Software Engineering,Waterfall,Easy,1,19.36,31,2025-01-26T11:50:30.322145,S00006_SESSION_004,True,SYNTHETIC / SIMULATED — NOT REAL STUDENT DATA
S00006,Q0210A,DBMS,Concurrency Control,Easy,1,55.28,32,2025-01-26T19:13:58.791657,S00006_SESSION_004,True,SYNTHETIC / SIMULATED — NOT REAL STUDENT DATA
S00006,Q0106A,DSA,Trees,Easy,1,48.76,33,2025-01-27T09:05:05.272629,S00006_SESSION_004,True,SYNTHETIC / SIMULATED — NOT REAL STUDENT DATA
S00006,Q0309C,Operating Systems,I/O Management,Hard,1,95.21,34,2025-01-28T00:26:28.254742,S00006_SESSION_004,True,SYNTHETIC / SIMULATED — NOT REAL STUDENT DATA
S00006,Q0509A,Software Engineering,Project Management,Easy,1,48.9,35,2025-01-28T18:59:34.419830,S00006_SESSION_004,True,SYNTHETIC / SIMULATED — NOT REAL STUDENT DATA
S00006,Q0209A,DBMS,Relational Algebra,Easy,1,69.22,36,2025-01-29T05:03:48.537251,S00006_SESSION_004,True,SYNTHETIC / SIMULATED — NOT REAL STUDENT DATA
S00006,Q0509C,Software Engineering,Project Management,Hard,0,196.45,37,2025-01-30T13:44:59.049619,S00006_SESSION_004,True,SYNTHETIC / SIMULATED — NOT REAL STUDENT DATA
S00006,Q0209A,DBMS,Relational Algebra,Easy,1,29.53,38,2025-01-31T16:38:35.119558,S00006_SESSION_004,True,SYNTHETIC / SIMULATED — NOT REAL STUDENT DATA
S00006,Q0206C,DBMS,Transactions,Hard,0,163.83,39,2025-02-01T07:46:38.340676,S00006_SESSION_004,True,SYNTHETIC / SIMULATED — NOT REAL STUDENT DATA
S00006,Q0406B,Computer Networks,HTTP,Medium,0,51.6,40,2025-02-02T08:48:36.124837,S00006_SESSION_004,True,SYNTHETIC / SIMULATED — NOT REAL STUDENT DATA
S00006,Q0205A,DBMS,Joins,Easy,1,42.43,41,2025-02-02T12:13:56.219823,S00006_SESSION_005,True,SYNTHETIC / SIMULATED — NOT REAL STUDENT DATA
S00006,Q0109A,DSA,Heap,Easy,1,36.61,42,2025-02-03T04:05:48.220114,S00006_SESSION_005,True,SYNTHETIC / SIMULATED — NOT REAL STUDENT DATA
S00006,Q0406B,Computer Networks,HTTP,Medium,1,64.09,43,2025-02-03T09:47:10.147427,S00006_SESSION_005,True,SYNTHETIC / SIMULATED — NOT REAL STUDENT DATA
S00006,Q0110S,DSA,Dynamic Programming,Hard,0,132.38,44,2025-02-03T18:37:13.361867,S00006_SESSION_005,True,SYNTHETIC / SIMULATED — NOT REAL STUDENT DATA
S00006,Q0109C,DSA,Heap,Hard,0,139.25,45,2025-02-05T06:08:59.163537,S00006_SESSION_005,True,SYNTHETIC / SIMULATED — NOT REAL STUDENT DATA
S00006,Q0106A,DSA,Trees,Easy,0,74.52,46,2025-02-05T16:32:40.789697,S00006_SESSION_005,True,SYNTHETIC / SIMULATED — NOT REAL STUDENT DATA
S00006,Q0303B,Operating Systems,Deadlocks,Medium,1,24.01,47,2025-02-06T23:54:56.575589,S00006_SESSION_005,True,SYNTHETIC / SIMULATED — NOT REAL STUDENT DATA
S00006,Q0202S,DBMS,Keys,Easy,1,34.14,48,2025-02-07T21:56:01.895423,S00006_SESSION_005,True,SYNTHETIC / SIMULATED — NOT REAL STUDENT DATA
S00006,Q0206C,DBMS,Transactions,Hard,0,202.59,49,2025-02-09T09:56:14.517786,S00006_SESSION_005,True,SYNTHETIC / SIMULATED — NOT REAL STUDENT DATA
S00006,Q0506C,Software Engineering,UML,Hard,0,102.87,50,2025-02-10T02:42:54.704486,S00006_SESSION_005,True,SYNTHETIC / SIMULATED — NOT REAL STUDENT DATA
S00006,Q0407B,Computer Networks,DHCP,Medium,0,84.66,51,2025-02-10T15:39:57.145454,S00006_SESSION_006,True,SYNTHETIC / SIMULATED — NOT REAL STUDENT DATA
S00006,Q0204A,DBMS,Normalization,Easy,0,77.7,52,2025-02-11T19:28:52.181383,S00006_SESSION_006,True,SYNTHETIC / SIMULATED — NOT REAL STUDENT DATA
S00006,Q0203S,DBMS,SQL,Easy,0,95.63,53,2025-02-13T06:31:19.011630,S00006_SESSION_006,True,SYNTHETIC / SIMULATED — NOT REAL STUDENT DATA
S00006,Q0309C,Operating Systems,I/O Management,Hard,1,64.57,54,2025-02-13T13:11:32.208669,S00006_SESSION_006,True,SYNTHETIC / SIMULATED — NOT REAL STUDENT DATA
S00006,Q0208S,DBMS,ER Model,Easy,1,68.73,55,2025-02-14T09:10:10.088734,S00006_SESSION_006,True,SYNTHETIC / SIMULATED — NOT REAL STUDENT DATA
S00006,Q0109B,DSA,Heap,Medium,1,45.54,56,2025-02-14T17:07:41.214820,S00006_SESSION_006,True,SYNTHETIC / SIMULATED — NOT REAL STUDENT DATA
S00006,Q0102S,DSA,Strings,Easy,1,28.36,57,2025-02-15T16:43:09.913090,S00006_SESSION_006,True,SYNTHETIC / SIMULATED — NOT REAL STUDENT DATA
S00006,Q0104B,DSA,Stack & Queue,Medium,1,109.31,58,2025-02-16T11:18:06.899233,S00006_SESSION_006,True,SYNTHETIC / SIMULATED — NOT REAL STUDENT DATA
S00006,Q0203S,DBMS,SQL,Easy,1,45.8,59,2025-02-16T14:51:58.609345,S00006_SESSION_006,True,SYNTHETIC / SIMULATED — NOT REAL STUDENT DATA
S00006,Q0110B,DSA,Dynamic Programming,Medium,0,120.26,60,2025-02-17T15:32:07.497681,S00006_SESSION_006,True,SYNTHETIC / SIMULATED — NOT REAL STUDENT DATA
S00007,Q0104S,DSA,Stack & Queue,Easy,1,32.76,1,2025-01-03T16:14:02.015105,S00007_SESSION_001,True,SYNTHETIC / SIMULATED — NOT REAL STUDENT DATA
S00007,Q0403A,Computer Networks,TCP,Easy,0,66.81,2,2025-01-04T05:57:32.798530,S00007_SESSION_001,True,SYNTHETIC / SIMULATED — NOT REAL STUDENT DATA
S00007,Q0408C,Computer Networks,IP Addressing,Hard,0,202.59,3,2025-01-04T15:18:18.762997,S00007_SESSION_001,True,SYNTHETIC / SIMULATED — NOT REAL STUDENT DATA
S00007,Q0101B,DSA,Arrays,Medium,1,48.03,4,2025-01-06T03:09:22.973289,S00007_SESSION_001,True,SYNTHETIC / SIMULATED — NOT REAL STUDENT DATA
S00007,Q0107B,DSA,Graphs,Medium,1,33.31,5,2025-01-06T12:18:41.484334,S00007_SESSION_001,True,SYNTHETIC / SIMULATED — NOT REAL STUDENT DATA
S00007,Q0408C,Computer Networks,IP Addressing,Hard,1,128.56,6,2025-01-07T20:50:32.322032,S00007_SESSION_001,True,SYNTHETIC / SIMULATED — NOT REAL STUDENT DATA
S00007,Q0207S,DBMS,Indexing,Medium,1,60.32,7,2025-01-08T20:27:52.233701,S00007_SESSION_001,True,SYNTHETIC / SIMULATED — NOT REAL STUDENT DATA
S00007,Q0208A,DBMS,ER Model,Easy,1,38.96,8,2025-01-09T16:44:42.765941,S00007_SESSION_001,True,SYNTHETIC / SIMULATED — NOT REAL STUDENT DATA
S00007,Q0408B,Computer Networks,IP Addressing,Medium,0,208.84,9,2025-01-11T04:33:30.994697,S00007_SESSION_001,True,SYNTHETIC / SIMULATED — NOT REAL STUDENT DATA
S00007,Q0301B,Operating Systems,Processes,Medium,0,115.0,10,2025-01-12T13:55:45.582880,S00007_SESSION_001,True,SYNTHETIC / SIMULATED — NOT REAL STUDENT DATA
S00007,Q0305C,Operating Systems,Paging,Hard,1,129.05,11,2025-01-13T06:02:18.257875,S00007_SESSION_002,True,SYNTHETIC / SIMULATED — NOT REAL STUDENT DATA
S00007,Q0310B,Operating Systems,Security,Medium,1,47.68,12,2025-01-13T14:02:17.136206,S00007_SESSION_002,True,SYNTHETIC / SIMULATED — NOT REAL STUDENT DATA
S00007,Q0109A,DSA,Heap,Easy,1,33.9,13,2025-01-14T22:05:51.149321,S00007_SESSION_002,True,SYNTHETIC / SIMULATED — NOT REAL STUDENT DATA
S00007,Q0306S,Operating Systems,Synchronization,Hard,0,231.57,14,2025-01-15T04:12:41.106764,S00007_SESSION_002,True,SYNTHETIC / SIMULATED — NOT REAL STUDENT DATA
S00007,Q0305A,Operating Systems,Paging,Easy,0,87.23,15,2025-01-16T15:09:43.900653,S00007_SESSION_002,True,SYNTHETIC / SIMULATED — NOT REAL STUDENT DATA
S00007,Q0104C,DSA,Stack & Queue,Hard,1,56.94,16,2025-01-16T22:24:21.374370,S00007_SESSION_002,True,SYNTHETIC / SIMULATED — NOT REAL STUDENT DATA
S00007,Q0304S,Operating Systems,Memory Management,Medium,1,64.57,17,2025-01-17T01:55:22.749938,S00007_SESSION_002,True,SYNTHETIC / SIMULATED — NOT REAL STUDENT DATA
S00007,Q0310A,Operating Systems,Security,Easy,1,51.96,18,2025-01-18T00:42:34.658671,S00007_SESSION_002,True,SYNTHETIC / SIMULATED — NOT REAL STUDENT DATA
S00007,Q0502B,Software Engineering,Agile,Medium,0,79.53,19,2025-01-18T07:25:16.403578,S00007_SESSION_002,True,SYNTHETIC / SIMULATED — NOT REAL STUDENT DATA
S00007,Q0209A,DBMS,Relational Algebra,Easy,1,32.69,20,2025-01-18T11:14:18.859022,S00007_SESSION_002,True,SYNTHETIC / SIMULATED — NOT REAL STUDENT DATA
S00007,Q0405B,Computer Networks,DNS,Medium,0,114.79,21,2025-01-19T20:16:54.139414,S00007_SESSION_003,True,SYNTHETIC / SIMULATED — NOT REAL STUDENT DATA
S00007,Q0105B,DSA,Recursion,Medium,1,68.22,22,2025-01-20T17:36:33.526167,S00007_SESSION_003,True,SYNTHETIC / SIMULATED — NOT REAL STUDENT DATA
S00007,Q0303A,Operating Systems,Deadlocks,Easy,1,57.88,23,2025-01-20T22:24:03.144121,S00007_SESSION_003,True,SYNTHETIC / SIMULATED — NOT REAL STUDENT DATA
S00007,Q0404S,Computer Networks,UDP,Easy,0,50.31,24,2025-01-21T02:33:50.745460,S00007_SESSION_003,True,SYNTHETIC / SIMULATED — NOT REAL STUDENT DATA
S00007,Q0407S,Computer Networks,DHCP,Medium,0,142.57,25,2025-01-22T07:17:05.878681,S00007_SESSION_003,True,SYNTHETIC / SIMULATED — NOT REAL STUDENT DATA
S00007,Q0106C,DSA,Trees,Hard,0,95.2,26,2025-01-22T16:49:43.289423,S00007_SESSION_003,True,SYNTHETIC / SIMULATED — NOT REAL STUDENT DATA
S00007,Q0406A,Computer Networks,HTTP,Easy,0,102.91,27,2025-01-24T03:07:09.843204,S00007_SESSION_003,True,SYNTHETIC / SIMULATED — NOT REAL STUDENT DATA
S00007,Q0406A,Computer Networks,HTTP,Easy,0,49.55,28,2025-01-24T11:00:18.982868,S00007_SESSION_003,True,SYNTHETIC / SIMULATED — NOT REAL STUDENT DATA
S00007,Q0206A,DBMS,Transactions,Easy,1,29.06,29,2025-01-25T21:57:09.487985,S00007_SESSION_003,True,SYNTHETIC / SIMULATED — NOT REAL STUDENT DATA
S00007,Q0305C,Operating Systems,Paging,Hard,1,84.65,30,2025-01-26T13:12:37.882377,S00007_SESSION_003,True,SYNTHETIC / SIMULATED — NOT REAL STUDENT DATA
S00007,Q0204C,DBMS,Normalization,Hard,0,106.25,31,2025-01-26T20:27:36.019868,S00007_SESSION_004,True,SYNTHETIC / SIMULATED — NOT REAL STUDENT DATA
S00007,Q0204A,DBMS,Normalization,Easy,1,42.09,32,2025-01-27T23:49:55.468235,S00007_SESSION_004,True,SYNTHETIC / SIMULATED — NOT REAL STUDENT DATA
S00007,Q0406S,Computer Networks,HTTP,Easy,1,65.39,33,2025-01-28T21:13:30.273926,S00007_SESSION_004,True,SYNTHETIC / SIMULATED — NOT REAL STUDENT DATA
S00007,Q0208B,DBMS,ER Model,Medium,1,87.55,34,2025-01-29T12:22:03.852705,S00007_SESSION_004,True,SYNTHETIC / SIMULATED — NOT REAL STUDENT DATA
S00007,Q0405B,Computer Networks,DNS,Medium,1,169.78,35,2025-01-29T16:59:57.692424,S00007_SESSION_004,True,SYNTHETIC / SIMULATED — NOT REAL STUDENT DATA
S00007,Q0302C,Operating Systems,CPU Scheduling,Hard,1,116.39,36,2025-01-29T20:09:42.784659,S00007_SESSION_004,True,SYNTHETIC / SIMULATED — NOT REAL STUDENT DATA
S00007,Q0201S,DBMS,DBMS Basics,Easy,1,66.99,37,2025-01-30T07:42:16.123074,S00007_SESSION_004,True,SYNTHETIC / SIMULATED — NOT REAL STUDENT DATA
S00007,Q0407A,Computer Networks,DHCP,Easy,1,34.14,38,2025-01-30T13:51:32.627163,S00007_SESSION_004,True,SYNTHETIC / SIMULATED — NOT REAL STUDENT DATA
S00007,Q0207C,DBMS,Indexing,Hard,1,89.18,39,2025-01-30T17:54:04.950329,S00007_SESSION_004,True,SYNTHETIC / SIMULATED — NOT REAL STUDENT DATA
S00007,Q0405S,Computer Networks,DNS,Easy,1,71.39,40,2025-01-31T03:10:33.375824,S00007_SESSION_004,True,SYNTHETIC / SIMULATED — NOT REAL STUDENT DATA
S00007,Q0502S,Software Engineering,Agile,Easy,0,70.8,41,2025-01-31T10:21:18.603762,S00007_SESSION_005,True,SYNTHETIC / SIMULATED — NOT REAL STUDENT DATA
S00007,Q0504A,Software Engineering,SRS,Easy,1,34.1,42,2025-02-02T00:16:29.793526,S00007_SESSION_005,True,SYNTHETIC / SIMULATED — NOT REAL STUDENT DATA
S00007,Q0506C,Software Engineering,UML,Hard,1,80.55,43,2025-02-02T05:23:23.967673,S00007_SESSION_005,True,SYNTHETIC / SIMULATED — NOT REAL STUDENT DATA
S00007,Q0104C,DSA,Stack & Queue,Hard,0,97.69,44,2025-02-03T11:26:43.511322,S00007_SESSION_005,True,SYNTHETIC / SIMULATED — NOT REAL STUDENT DATA
S00007,Q0401A,Computer Networks,OSI,Easy,1,62.34,45,2025-02-04T10:26:41.085200,S00007_SESSION_005,True,SYNTHETIC / SIMULATED — NOT REAL STUDENT DATA
S00007,Q0304C,Operating Systems,Memory Management,Hard,0,105.12,46,2025-02-05T20:26:55.161512,S00007_SESSION_005,True,SYNTHETIC / SIMULATED — NOT REAL STUDENT DATA
S00007,Q0507S,Software Engineering,Git/Version Control,Easy,1,27.01,47,2025-02-06T17:37:37.348286,S00007_SESSION_005,True,SYNTHETIC / SIMULATED — NOT REAL STUDENT DATA
S00007,Q0405C,Computer Networks,DNS,Hard,0,186.26,48,2025-02-07T20:07:27.984834,S00007_SESSION_005,True,SYNTHETIC / SIMULATED — NOT REAL STUDENT DATA
S00007,Q0403S,Computer Networks,TCP,Medium,0,104.71,49,2025-02-09T05:03:17.775575,S00007_SESSION_005,True,SYNTHETIC / SIMULATED — NOT REAL STUDENT DATA
S00007,Q0302C,Operating Systems,CPU Scheduling,Hard,0,150.74,50,2025-02-09T13:12:54.502875,S00007_SESSION_005,True,SYNTHETIC / SIMULATED — NOT REAL STUDENT DATA
S00007,Q0301B,Operating Systems,Processes,Medium,0,112.84,51,2025-02-11T01:13:07.873259,S00007_SESSION_006,True,SYNTHETIC / SIMULATED — NOT REAL STUDENT DATA
S00007,Q0503C,Software Engineering,Waterfall,Hard,0,186.92,52,2025-02-11T19:14:47.726879,S00007_SESSION_006,True,SYNTHETIC / SIMULATED — NOT REAL STUDENT DATA
S00007,Q0508S,Software Engineering,Software Quality,Medium,1,91.35,53,2025-02-13T04:33:17.017567,S00007_SESSION_006,True,SYNTHETIC / SIMULATED — NOT REAL STUDENT DATA
S00007,Q0405C,Computer Networks,DNS,Hard,0,235.16,54,2025-02-13T14:30:44.414546,S00007_SESSION_006,True,SYNTHETIC / SIMULATED — NOT REAL STUDENT DATA
S00007,Q0109C,DSA,Heap,Hard,1,86.75,55,2025-02-14T21:53:40.379160,S00007_SESSION_006,True,SYNTHETIC / SIMULATED — NOT REAL STUDENT DATA
S00007,Q0409A,Computer Networks,Routing,Easy,1,48.04,56,2025-02-15T12:19:20.598615,S00007_SESSION_006,True,SYNTHETIC / SIMULATED — NOT REAL STUDENT DATA
S00007,Q0402A,Computer Networks,TCP/IP,Easy,1,58.24,57,2025-02-16T11:29:48.592982,S00007_SESSION_006,True,SYNTHETIC / SIMULATED — NOT REAL STUDENT DATA
S00007,Q0306B,Operating Systems,Synchronization,Medium,1,94.62,58,2025-02-17T06:22:03.270735,S00007_SESSION_006,True,SYNTHETIC / SIMULATED — NOT REAL STUDENT DATA
S00007,Q0204C,DBMS,Normalization,Hard,0,105.1,59,2025-02-18T04:46:16.838621,S00007_SESSION_006,True,SYNTHETIC / SIMULATED — NOT REAL STUDENT DATA
S00007,Q0401C,Computer Networks,OSI,Hard,0,165.88,60,2025-02-18T08:37:44.743292,S00007_SESSION_006,True,SYNTHETIC / SIMULATED — NOT REAL STUDENT DATA
S00008,Q0102A,DSA,Strings,Easy,0,81.08,1,2025-01-01T21:09:46.546211,S00008_SESSION_001,True,SYNTHETIC / SIMULATED — NOT REAL STUDENT DATA
S00008,Q0110C,DSA,Dynamic Programming,Hard,0,190.62,2,2025-01-02T19:19:14.718534,S00008_SESSION_001,True,SYNTHETIC / SIMULATED — NOT REAL STUDENT DATA
S00008,Q0305S,Operating Systems,Paging,Medium,0,140.87,3,2025-01-03T05:21:11.458790,S00008_SESSION_001,True,SYNTHETIC / SIMULATED — NOT REAL STUDENT DATA
S00008,Q0208A,DBMS,ER Model,Easy,1,61.38,4,2025-01-03T22:20:24.197465,S00008_SESSION_001,True,SYNTHETIC / SIMULATED — NOT REAL STUDENT DATA
S00008,Q0207A,DBMS,Indexing,Easy,1,48.1,5,2025-01-05T08:08:22.075904,S00008_SESSION_001,True,SYNTHETIC / SIMULATED — NOT REAL STUDENT DATA
S00008,Q0505A,Software Engineering,Testing,Easy,1,89.25,6,2025-01-05T11:12:36.711994,S00008_SESSION_001,True,SYNTHETIC / SIMULATED — NOT REAL STUDENT DATA
S00008,Q0305C,Operating Systems,Paging,Hard,0,225.28,7,2025-01-06T02:10:05.263137,S00008_SESSION_001,True,SYNTHETIC / SIMULATED — NOT REAL STUDENT DATA
S00008,Q0302C,Operating Systems,CPU Scheduling,Hard,0,277.7,8,2025-01-06T05:23:11.344255,S00008_SESSION_001,True,SYNTHETIC / SIMULATED — NOT REAL STUDENT DATA
S00008,Q0309A,Operating Systems,I/O Management,Easy,0,48.11,9,2025-01-07T02:40:08.710883,S00008_SESSION_001,True,SYNTHETIC / SIMULATED — NOT REAL STUDENT DATA
S00008,Q0209A,DBMS,Relational Algebra,Easy,1,84.82,10,2025-01-08T09:49:58.109815,S00008_SESSION_001,True,SYNTHETIC / SIMULATED — NOT REAL STUDENT DATA
S00008,Q0503A,Software Engineering,Waterfall,Easy,1,65.6,11,2025-01-09T10:58:15.941432,S00008_SESSION_002,True,SYNTHETIC / SIMULATED — NOT REAL STUDENT DATA
S00008,Q0303B,Operating Systems,Deadlocks,Medium,1,80.16,12,2025-01-10T21:44:22.001561,S00008_SESSION_002,True,SYNTHETIC / SIMULATED — NOT REAL STUDENT DATA
S00008,Q0210S,DBMS,Concurrency Control,Hard,0,228.35,13,2025-01-11T07:18:02.888906,S00008_SESSION_002,True,SYNTHETIC / SIMULATED — NOT REAL STUDENT DATA
S00008,Q0310S,Operating Systems,Security,Hard,0,346.67,14,2025-01-11T18:56:50.859403,S00008_SESSION_002,True,SYNTHETIC / SIMULATED — NOT REAL STUDENT DATA
S00008,Q0404A,Computer Networks,UDP,Easy,1,65.04,15,2025-01-13T04:47:44.608312,S00008_SESSION_002,True,SYNTHETIC / SIMULATED — NOT REAL STUDENT DATA
S00008,Q0505C,Software Engineering,Testing,Hard,0,131.5,16,2025-01-14T14:17:13.347949,S00008_SESSION_002,True,SYNTHETIC / SIMULATED — NOT REAL STUDENT DATA
S00008,Q0301B,Operating Systems,Processes,Medium,1,106.6,17,2025-01-15T13:07:57.258731,S00008_SESSION_002,True,SYNTHETIC / SIMULATED — NOT REAL STUDENT DATA
S00008,Q0305A,Operating Systems,Paging,Easy,1,75.34,18,2025-01-16T12:10:35.031886,S00008_SESSION_002,True,SYNTHETIC / SIMULATED — NOT REAL STUDENT DATA
S00008,Q0110B,DSA,Dynamic Programming,Medium,0,102.79,19,2025-01-16T21:42:58.255236,S00008_SESSION_002,True,SYNTHETIC / SIMULATED — NOT REAL STUDENT DATA
S00008,Q0402A,Computer Networks,TCP/IP,Easy,0,63.89,20,2025-01-17T14:22:42.545531,S00008_SESSION_002,True,SYNTHETIC / SIMULATED — NOT REAL STUDENT DATA
S00008,Q0509C,Software Engineering,Project Management,Hard,0,241.47,21,2025-01-17T21:21:25.504664,S00008_SESSION_003,True,SYNTHETIC / SIMULATED — NOT REAL STUDENT DATA
S00008,Q0107B,DSA,Graphs,Medium,1,152.25,22,2025-01-19T07:15:08.311820,S00008_SESSION_003,True,SYNTHETIC / SIMULATED — NOT REAL STUDENT DATA
S00008,Q0306A,Operating Systems,Synchronization,Easy,0,66.03,23,2025-01-20T00:13:22.305793,S00008_SESSION_003,True,SYNTHETIC / SIMULATED — NOT REAL STUDENT DATA
S00008,Q0107B,DSA,Graphs,Medium,0,119.18,24,2025-01-20T19:52:41.802651,S00008_SESSION_003,True,SYNTHETIC / SIMULATED — NOT REAL STUDENT DATA
S00008,Q0502C,Software Engineering,Agile,Hard,0,210.2,25,2025-01-21T10:57:24.993220,S00008_SESSION_003,True,SYNTHETIC / SIMULATED — NOT REAL STUDENT DATA
S00008,Q0205A,DBMS,Joins,Easy,1,45.78,26,2025-01-21T19:41:32.374893,S00008_SESSION_003,True,SYNTHETIC / SIMULATED — NOT REAL STUDENT DATA
S00008,Q0502A,Software Engineering,Agile,Easy,0,49.48,27,2025-01-22T16:02:59.161340,S00008_SESSION_003,True,SYNTHETIC / SIMULATED — NOT REAL STUDENT DATA
S00008,Q0401S,Computer Networks,OSI,Medium,0,77.85,28,2025-01-23T06:45:46.278311,S00008_SESSION_003,True,SYNTHETIC / SIMULATED — NOT REAL STUDENT DATA
S00008,Q0501A,Software Engineering,SDLC,Easy,1,60.57,29,2025-01-23T13:40:56.446093,S00008_SESSION_003,True,SYNTHETIC / SIMULATED — NOT REAL STUDENT DATA
S00008,Q0306C,Operating Systems,Synchronization,Hard,0,407.21,30,2025-01-24T09:42:49.909982,S00008_SESSION_003,True,SYNTHETIC / SIMULATED — NOT REAL STUDENT DATA
S00008,Q0301B,Operating Systems,Processes,Medium,1,92.69,31,2025-01-25T13:14:03.064647,S00008_SESSION_004,True,SYNTHETIC / SIMULATED — NOT REAL STUDENT DATA
S00008,Q0109S,DSA,Heap,Medium,0,130.16,32,2025-01-26T18:29:17.509411,S00008_SESSION_004,True,SYNTHETIC / SIMULATED — NOT REAL STUDENT DATA
S00008,Q0501S,Software Engineering,SDLC,Easy,0,76.85,33,2025-01-27T02:31:18.586297,S00008_SESSION_004,True,SYNTHETIC / SIMULATED — NOT REAL STUDENT DATA
S00008,Q0301C,Operating Systems,Processes,Hard,0,171.56,34,2025-01-28T01:24:18.860181,S00008_SESSION_004,True,SYNTHETIC / SIMULATED — NOT REAL STUDENT DATA
S00008,Q0401A,Computer Networks,OSI,Easy,0,93.49,35,2025-01-29T12:36:49.982744,S00008_SESSION_004,True,SYNTHETIC / SIMULATED — NOT REAL STUDENT DATA
S00008,Q0409A,Computer Networks,Routing,Easy,1,35.13,36,2025-01-29T18:31:46.949648,S00008_SESSION_004,True,SYNTHETIC / SIMULATED — NOT REAL STUDENT DATA
S00008,Q0406C,Computer Networks,HTTP,Hard,0,177.57,37,2025-01-30T09:25:47.039626,S00008_SESSION_004,True,SYNTHETIC / SIMULATED — NOT REAL STUDENT DATA
S00008,Q0102B,DSA,Strings,Medium,0,126.35,38,2025-01-31T16:10:46.317579,S00008_SESSION_004,True,SYNTHETIC / SIMULATED — NOT REAL STUDENT DATA
S00008,Q0407B,Computer Networks,DHCP,Medium,1,67.88,39,2025-02-01T03:18:42.517765,S00008_SESSION_004,True,SYNTHETIC / SIMULATED — NOT REAL STUDENT DATA
S00008,Q0504B,Software Engineering,SRS,Medium,0,178.08,40,2025-02-02T00:31:04.526396,S00008_SESSION_004,True,SYNTHETIC / SIMULATED — NOT REAL STUDENT DATA
S00008,Q0308A,Operating Systems,Threads,Easy,0,61.77,41,2025-02-03T06:58:38.304020,S00008_SESSION_005,True,SYNTHETIC / SIMULATED — NOT REAL STUDENT DATA
S00008,Q0508B,Software Engineering,Software Quality,Medium,1,68.63,42,2025-02-04T10:53:52.183632,S00008_SESSION_005,True,SYNTHETIC / SIMULATED — NOT REAL STUDENT DATA
S00008,Q0306A,Operating Systems,Synchronization,Easy,0,76.54,43,2025-02-05T23:05:23.161833,S00008_SESSION_005,True,SYNTHETIC / SIMULATED — NOT REAL STUDENT DATA
S00008,Q0203S,DBMS,SQL,Easy,1,58.49,44,2025-02-06T14:07:30.704760,S00008_SESSION_005,True,SYNTHETIC / SIMULATED — NOT REAL STUDENT DATA
S00008,Q0105C,DSA,Recursion,Hard,0,141.95,45,2025-02-07T12:13:54.863397,S00008_SESSION_005,True,SYNTHETIC / SIMULATED — NOT REAL STUDENT DATA
S00008,Q0410A,Computer Networks,Network Security,Easy,1,47.18,46,2025-02-08T23:19:27.215214,S00008_SESSION_005,True,SYNTHETIC / SIMULATED — NOT REAL STUDENT DATA
S00008,Q0304B,Operating Systems,Memory Management,Medium,1,99.6,47,2025-02-09T16:32:21.243944,S00008_SESSION_005,True,SYNTHETIC / SIMULATED — NOT REAL STUDENT DATA
S00008,Q0106B,DSA,Trees,Medium,1,103.55,48,2025-02-10T20:16:52.591849,S00008_SESSION_005,True,SYNTHETIC / SIMULATED — NOT REAL STUDENT DATA
S00008,Q0201A,DBMS,DBMS Basics,Easy,0,71.86,49,2025-02-11T06:28:46.334552,S00008_SESSION_005,True,SYNTHETIC / SIMULATED — NOT REAL STUDENT DATA
S00008,Q0104B,DSA,Stack & Queue,Medium,0,126.61,50,2025-02-12T08:54:48.161138,S00008_SESSION_005,True,SYNTHETIC / SIMULATED — NOT REAL STUDENT DATA
S00008,Q0310A,Operating Systems,Security,Easy,0,107.62,51,2025-02-13T12:09:57.000220,S00008_SESSION_006,True,SYNTHETIC / SIMULATED — NOT REAL STUDENT DATA
S00008,Q0101B,DSA,Arrays,Medium,0,87.71,52,2025-02-14T20:32:16.636083,S00008_SESSION_006,True,SYNTHETIC / SIMULATED — NOT REAL STUDENT DATA
S00008,Q0510B,Software Engineering,Design Patterns,Medium,0,185.03,53,2025-02-16T03:21:21.407129,S00008_SESSION_006,True,SYNTHETIC / SIMULATED — NOT REAL STUDENT DATA
S00008,Q0503S,Software Engineering,Waterfall,Medium,1,79.81,54,2025-02-17T12:50:54.823245,S00008_SESSION_006,True,SYNTHETIC / SIMULATED — NOT REAL STUDENT DATA
S00008,Q0503B,Software Engineering,Waterfall,Medium,0,172.45,55,2025-02-17T18:53:32.855655,S00008_SESSION_006,True,SYNTHETIC / SIMULATED — NOT REAL STUDENT DATA
S00008,Q0108A,DSA,Hashing,Easy,0,56.71,56,2025-02-18T13:03:35.096644,S00008_SESSION_006,True,SYNTHETIC / SIMULATED — NOT REAL STUDENT DATA
S00008,Q0503C,Software Engineering,Waterfall,Hard,0,217.5,57,2025-02-20T02:59:58.485357,S00008_SESSION_006,True,SYNTHETIC / SIMULATED — NOT REAL STUDENT DATA
S00008,Q0408C,Computer Networks,IP Addressing,Hard,0,207.77,58,2025-02-21T09:49:42.757758,S00008_SESSION_006,True,SYNTHETIC / SIMULATED — NOT REAL STUDENT DATA
S00008,Q0108B,DSA,Hashing,Medium,0,156.18,59,2025-02-22T18:52:06.214933,S00008_SESSION_006,True,SYNTHETIC / SIMULATED — NOT REAL STUDENT DATA
S00008,Q0206A,DBMS,Transactions,Easy,1,47.84,60,2025-02-23T00:27:34.855428,S00008_SESSION_006,True,SYNTHETIC / SIMULATED — NOT REAL STUDENT DATA
S00009,Q0201B,DBMS,DBMS Basics,Medium,1,114.64,1,2025-01-02T09:22:27.390058,S00009_SESSION_001,True,SYNTHETIC / SIMULATED — NOT REAL STUDENT DATA
S00009,Q0409A,Computer Networks,Routing,Easy,1,59.55,2,2025-01-02T20:16:28.942540,S00009_SESSION_001,True,SYNTHETIC / SIMULATED — NOT REAL STUDENT DATA
S00009,Q0107S,DSA,Graphs,Medium,0,71.55,3,2025-01-03T02:25:56.675983,S00009_SESSION_001,True,SYNTHETIC / SIMULATED — NOT REAL STUDENT DATA
S00009,Q0205B,DBMS,Joins,Medium,0,134.57,4,2025-01-04T12:49:32.532355,S00009_SESSION_001,True,SYNTHETIC / SIMULATED — NOT REAL STUDENT DATA
S00009,Q0307A,Operating Systems,File Systems,Easy,1,66.63,5,2025-01-04T17:31:13.841348,S00009_SESSION_001,True,SYNTHETIC / SIMULATED — NOT REAL STUDENT DATA
S00009,Q0207A,DBMS,Indexing,Easy,1,44.31,6,2025-01-05T03:42:48.856477,S00009_SESSION_001,True,SYNTHETIC / SIMULATED — NOT REAL STUDENT DATA
S00009,Q0504A,Software Engineering,SRS,Easy,1,58.1,7,2025-01-06T05:37:52.732258,S00009_SESSION_001,True,SYNTHETIC / SIMULATED — NOT REAL STUDENT DATA
S00009,Q0308S,Operating Systems,Threads,Medium,1,103.62,8,2025-01-06T20:44:08.466831,S00009_SESSION_001,True,SYNTHETIC / SIMULATED — NOT REAL STUDENT DATA
S00009,Q0504C,Software Engineering,SRS,Hard,0,113.08,9,2025-01-07T14:53:35.209538,S00009_SESSION_001,True,SYNTHETIC / SIMULATED — NOT REAL STUDENT DATA
S00009,Q0501B,Software Engineering,SDLC,Medium,0,219.86,10,2025-01-08T02:16:54.227258,S00009_SESSION_001,True,SYNTHETIC / SIMULATED — NOT REAL STUDENT DATA
S00009,Q0402A,Computer Networks,TCP/IP,Easy,1,47.88,11,2025-01-09T12:43:16.362238,S00009_SESSION_002,True,SYNTHETIC / SIMULATED — NOT REAL STUDENT DATA
S00009,Q0109A,DSA,Heap,Easy,1,38.81,12,2025-01-11T02:23:56.862107,S00009_SESSION_002,True,SYNTHETIC / SIMULATED — NOT REAL STUDENT DATA
S00009,Q0307A,Operating Systems,File Systems,Easy,0,70.69,13,2025-01-12T13:47:49.197016,S00009_SESSION_002,True,SYNTHETIC / SIMULATED — NOT REAL STUDENT DATA
S00009,Q0506A,Software Engineering,UML,Easy,0,68.09,14,2025-01-13T01:33:24.101801,S00009_SESSION_002,True,SYNTHETIC / SIMULATED — NOT REAL STUDENT DATA
S00009,Q0503C,Software Engineering,Waterfall,Hard,0,277.33,15,2025-01-13T11:36:48.429946,S00009_SESSION_002,True,SYNTHETIC / SIMULATED — NOT REAL STUDENT DATA
S00009,Q0108C,DSA,Hashing,Hard,0,219.45,16,2025-01-13T14:57:57.799311,S00009_SESSION_002,True,SYNTHETIC / SIMULATED — NOT REAL STUDENT DATA
S00009,Q0306B,Operating Systems,Synchronization,Medium,1,101.88,17,2025-01-14T18:10:59.468619,S00009_SESSION_002,True,SYNTHETIC / SIMULATED — NOT REAL STUDENT DATA
S00009,Q0101B,DSA,Arrays,Medium,0,137.02,18,2025-01-15T06:49:37.189810,S00009_SESSION_002,True,SYNTHETIC / SIMULATED — NOT REAL STUDENT DATA
S00009,Q0308A,Operating Systems,Threads,Easy,1,84.68,19,2025-01-15T22:47:16.499249,S00009_SESSION_002,True,SYNTHETIC / SIMULATED — NOT REAL STUDENT DATA
S00009,Q0107C,DSA,Graphs,Hard,0,205.19,20,2025-01-17T05:06:08.745536,S00009_SESSION_002,True,SYNTHETIC / SIMULATED — NOT REAL STUDENT DATA
S00009,Q0508A,Software Engineering,Software Quality,Easy,1,41.0,21,2025-01-17T10:51:21.343324,S00009_SESSION_003,True,SYNTHETIC / SIMULATED — NOT REAL STUDENT DATA
S00009,Q0206B,DBMS,Transactions,Medium,0,98.48,22,2025-01-17T15:38:02.708003,S00009_SESSION_003,True,SYNTHETIC / SIMULATED — NOT REAL STUDENT DATA
S00009,Q0208S,DBMS,ER Model,Easy,0,106.87,23,2025-01-18T20:38:06.507906,S00009_SESSION_003,True,SYNTHETIC / SIMULATED — NOT REAL STUDENT DATA
S00009,Q0306A,Operating Systems,Synchronization,Easy,0,62.84,24,2025-01-20T05:31:18.587303,S00009_SESSION_003,True,SYNTHETIC / SIMULATED — NOT REAL STUDENT DATA
S00009,Q0404C,Computer Networks,UDP,Hard,1,98.62,25,2025-01-21T19:20:38.461347,S00009_SESSION_003,True,SYNTHETIC / SIMULATED — NOT REAL STUDENT DATA
S00009,Q0502C,Software Engineering,Agile,Hard,0,230.82,26,2025-01-22T10:24:36.301806,S00009_SESSION_003,True,SYNTHETIC / SIMULATED — NOT REAL STUDENT DATA
S00009,Q0503B,Software Engineering,Waterfall,Medium,1,83.18,27,2025-01-23T21:18:36.786609,S00009_SESSION_003,True,SYNTHETIC / SIMULATED — NOT REAL STUDENT DATA
S00009,Q0108A,DSA,Hashing,Easy,1,48.61,28,2025-01-25T06:19:02.022980,S00009_SESSION_003,True,SYNTHETIC / SIMULATED — NOT REAL STUDENT DATA
S00009,Q0101S,DSA,Arrays,Easy,1,46.04,29,2025-01-26T03:46:21.219093,S00009_SESSION_003,True,SYNTHETIC / SIMULATED — NOT REAL STUDENT DATA
S00009,Q0209B,DBMS,Relational Algebra,Medium,0,176.35,30,2025-01-27T02:38:51.983427,S00009_SESSION_003,True,SYNTHETIC / SIMULATED — NOT REAL STUDENT DATA
S00009,Q0506S,Software Engineering,UML,Medium,0,226.05,31,2025-01-28T15:14:05.117226,S00009_SESSION_004,True,SYNTHETIC / SIMULATED — NOT REAL STUDENT DATA
S00009,Q0104A,DSA,Stack & Queue,Easy,1,55.88,32,2025-01-29T16:34:37.587323,S00009_SESSION_004,True,SYNTHETIC / SIMULATED — NOT REAL STUDENT DATA
S00009,Q0507C,Software Engineering,Git/Version Control,Hard,0,200.01,33,2025-01-30T15:40:34.007209,S00009_SESSION_004,True,SYNTHETIC / SIMULATED — NOT REAL STUDENT DATA
S00009,Q0304S,Operating Systems,Memory Management,Medium,1,84.53,34,2025-01-31T12:39:48.745919,S00009_SESSION_004,True,SYNTHETIC / SIMULATED — NOT REAL STUDENT DATA
S00009,Q0205S,DBMS,Joins,Medium,1,95.25,35,2025-02-01T23:52:27.992849,S00009_SESSION_004,True,SYNTHETIC / SIMULATED — NOT REAL STUDENT DATA
S00009,Q0104B,DSA,Stack & Queue,Medium,1,81.59,36,2025-02-02T22:15:40.329433,S00009_SESSION_004,True,SYNTHETIC / SIMULATED — NOT REAL STUDENT DATA
S00009,Q0204S,DBMS,Normalization,Medium,0,151.11,37,2025-02-03T06:12:33.906610,S00009_SESSION_004,True,SYNTHETIC / SIMULATED — NOT REAL STUDENT DATA
S00009,Q0109C,DSA,Heap,Hard,1,119.37,38,2025-02-03T13:51:49.177977,S00009_SESSION_004,True,SYNTHETIC / SIMULATED — NOT REAL STUDENT DATA
S00009,Q0504C,Software Engineering,SRS,Hard,0,166.53,39,2025-02-05T00:50:57.213015,S00009_SESSION_004,True,SYNTHETIC / SIMULATED — NOT REAL STUDENT DATA
S00009,Q0502A,Software Engineering,Agile,Easy,1,76.29,40,2025-02-05T17:44:23.167134,S00009_SESSION_004,True,SYNTHETIC / SIMULATED — NOT REAL STUDENT DATA
S00009,Q0407A,Computer Networks,DHCP,Easy,0,68.63,41,2025-02-06T06:10:43.865788,S00009_SESSION_005,True,SYNTHETIC / SIMULATED — NOT REAL STUDENT DATA
S00009,Q0202B,DBMS,Keys,Medium,0,189.64,42,2025-02-06T16:27:03.487965,S00009_SESSION_005,True,SYNTHETIC / SIMULATED — NOT REAL STUDENT DATA
S00009,Q0510A,Software Engineering,Design Patterns,Easy,0,86.96,43,2025-02-07T23:55:09.006688,S00009_SESSION_005,True,SYNTHETIC / SIMULATED — NOT REAL STUDENT DATA
S00009,Q0108A,DSA,Hashing,Easy,1,53.07,44,2025-02-09T12:01:49.950619,S00009_SESSION_005,True,SYNTHETIC / SIMULATED — NOT REAL STUDENT DATA
S00009,Q0305A,Operating Systems,Paging,Easy,0,86.1,45,2025-02-10T17:00:53.499212,S00009_SESSION_005,True,SYNTHETIC / SIMULATED — NOT REAL STUDENT DATA
S00009,Q0501B,Software Engineering,SDLC,Medium,0,120.8,46,2025-02-11T06:10:37.153971,S00009_SESSION_005,True,SYNTHETIC / SIMULATED — NOT REAL STUDENT DATA
S00009,Q0408A,Computer Networks,IP Addressing,Easy,0,57.66,47,2025-02-11T14:41:21.362563,S00009_SESSION_005,True,SYNTHETIC / SIMULATED — NOT REAL STUDENT DATA
S00009,Q0207C,DBMS,Indexing,Hard,1,245.11,48,2025-02-12T11:01:50.380611,S00009_SESSION_005,True,SYNTHETIC / SIMULATED — NOT REAL STUDENT DATA
S00009,Q0302C,Operating Systems,CPU Scheduling,Hard,0,164.41,49,2025-02-13T10:01:17.675509,S00009_SESSION_005,True,SYNTHETIC / SIMULATED — NOT REAL STUDENT DATA
S00009,Q0303A,Operating Systems,Deadlocks,Easy,1,53.79,50,2025-02-13T18:25:24.053262,S00009_SESSION_005,True,SYNTHETIC / SIMULATED — NOT REAL STUDENT DATA
S00009,Q0506A,Software Engineering,UML,Easy,1,88.84,51,2025-02-14T07:12:37.231182,S00009_SESSION_006,True,SYNTHETIC / SIMULATED — NOT REAL STUDENT DATA
S00009,Q0107A,DSA,Graphs,Easy,0,60.24,52,2025-02-14T12:18:11.854222,S00009_SESSION_006,True,SYNTHETIC / SIMULATED — NOT REAL STUDENT DATA
S00009,Q0507B,Software Engineering,Git/Version Control,Medium,0,206.32,53,2025-02-15T05:42:18.677292,S00009_SESSION_006,True,SYNTHETIC / SIMULATED — NOT REAL STUDENT DATA
S00009,Q0109C,DSA,Heap,Hard,1,200.43,54,2025-02-16T02:31:42.395913,S00009_SESSION_006,True,SYNTHETIC / SIMULATED — NOT REAL STUDENT DATA
S00009,Q0105A,DSA,Recursion,Easy,1,73.05,55,2025-02-17T07:21:35.701970,S00009_SESSION_006,True,SYNTHETIC / SIMULATED — NOT REAL STUDENT DATA
S00009,Q0108C,DSA,Hashing,Hard,0,273.35,56,2025-02-18T02:18:55.744276,S00009_SESSION_006,True,SYNTHETIC / SIMULATED — NOT REAL STUDENT DATA
S00009,Q0306C,Operating Systems,Synchronization,Hard,0,139.29,57,2025-02-18T17:27:50.624886,S00009_SESSION_006,True,SYNTHETIC / SIMULATED — NOT REAL STUDENT DATA
S00009,Q0109A,DSA,Heap,Easy,1,41.32,58,2025-02-19T06:56:03.452594,S00009_SESSION_006,True,SYNTHETIC / SIMULATED — NOT REAL STUDENT DATA
S00009,Q0510A,Software Engineering,Design Patterns,Easy,1,53.55,59,2025-02-20T05:39:49.530212,S00009_SESSION_006,True,SYNTHETIC / SIMULATED — NOT REAL STUDENT DATA
S00009,Q0203B,DBMS,SQL,Medium,0,98.66,60,2025-02-21T18:22:28.318978,S00009_SESSION_006,True,SYNTHETIC / SIMULATED — NOT REAL STUDENT DATA
S00010,Q0105A,DSA,Recursion,Easy,0,68.06,1,2025-01-02T00:46:36.341703,S00010_SESSION_001,True,SYNTHETIC / SIMULATED — NOT REAL STUDENT DATA
S00010,Q0203B,DBMS,SQL,Medium,1,69.85,2,2025-01-02T10:49:01.839541,S00010_SESSION_001,True,SYNTHETIC / SIMULATED — NOT REAL STUDENT DATA
S00010,Q0409B,Computer Networks,Routing,Medium,1,75.61,3,2025-01-02T16:08:30.096431,S00010_SESSION_001,True,SYNTHETIC / SIMULATED — NOT REAL STUDENT DATA
S00010,Q0405C,Computer Networks,DNS,Hard,1,89.74,4,2025-01-03T20:26:16.609233,S00010_SESSION_001,True,SYNTHETIC / SIMULATED — NOT REAL STUDENT DATA
S00010,Q0508C,Software Engineering,Software Quality,Hard,0,107.26,5,2025-01-04T20:13:15.000205,S00010_SESSION_001,True,SYNTHETIC / SIMULATED — NOT REAL STUDENT DATA
S00010,Q0309C,Operating Systems,I/O Management,Hard,0,183.19,6,2025-01-05T06:22:44.389732,S00010_SESSION_001,True,SYNTHETIC / SIMULATED — NOT REAL STUDENT DATA
S00010,Q0309C,Operating Systems,I/O Management,Hard,1,159.9,7,2025-01-06T17:00:55.328194,S00010_SESSION_001,True,SYNTHETIC / SIMULATED — NOT REAL STUDENT DATA
S00010,Q0404A,Computer Networks,UDP,Easy,1,49.97,8,2025-01-07T16:14:55.405903,S00010_SESSION_001,True,SYNTHETIC / SIMULATED — NOT REAL STUDENT DATA
S00010,Q0404S,Computer Networks,UDP,Easy,1,67.0,9,2025-01-08T09:31:02.506875,S00010_SESSION_001,True,SYNTHETIC / SIMULATED — NOT REAL STUDENT DATA
S00010,Q0403B,Computer Networks,TCP,Medium,1,106.51,10,2025-01-09T06:02:03.792673,S00010_SESSION_001,True,SYNTHETIC / SIMULATED — NOT REAL STUDENT DATA
S00010,Q0406B,Computer Networks,HTTP,Medium,1,104.73,11,2025-01-09T21:15:41.095791,S00010_SESSION_002,True,SYNTHETIC / SIMULATED — NOT REAL STUDENT DATA
S00010,Q0201B,DBMS,DBMS Basics,Medium,1,65.64,12,2025-01-11T10:57:39.840345,S00010_SESSION_002,True,SYNTHETIC / SIMULATED — NOT REAL STUDENT DATA
S00010,Q0510B,Software Engineering,Design Patterns,Medium,0,144.1,13,2025-01-12T14:27:00.173790,S00010_SESSION_002,True,SYNTHETIC / SIMULATED — NOT REAL STUDENT DATA
S00010,Q0107A,DSA,Graphs,Easy,1,49.65,14,2025-01-13T01:22:45.821380,S00010_SESSION_002,True,SYNTHETIC / SIMULATED — NOT REAL STUDENT DATA
S00010,Q0102C,DSA,Strings,Hard,0,220.77,15,2025-01-14T14:35:37.947512,S00010_SESSION_002,True,SYNTHETIC / SIMULATED — NOT REAL STUDENT DATA
S00010,Q0106B,DSA,Trees,Medium,0,111.41,16,2025-01-15T14:01:45.543448,S00010_SESSION_002,True,SYNTHETIC / SIMULATED — NOT REAL STUDENT DATA
S00010,Q0510B,Software Engineering,Design Patterns,Medium,0,136.39,17,2025-01-16T09:19:52.840059,S00010_SESSION_002,True,SYNTHETIC / SIMULATED — NOT REAL STUDENT DATA
S00010,Q0303S,Operating Systems,Deadlocks,Hard,0,258.15,18,2025-01-17T22:03:00.481852,S00010_SESSION_002,True,SYNTHETIC / SIMULATED — NOT REAL STUDENT DATA
S00010,Q0108A,DSA,Hashing,Easy,0,50.14,19,2025-01-19T10:54:41.739846,S00010_SESSION_002,True,SYNTHETIC / SIMULATED — NOT REAL STUDENT DATA
S00010,Q0104S,DSA,Stack & Queue,Easy,1,54.51,20,2025-01-20T18:55:33.817186,S00010_SESSION_002,True,SYNTHETIC / SIMULATED — NOT REAL STUDENT DATA
S00010,Q0510A,Software Engineering,Design Patterns,Easy,0,70.74,21,2025-01-21T13:04:09.606181,S00010_SESSION_003,True,SYNTHETIC / SIMULATED — NOT REAL STUDENT DATA
S00010,Q0504S,Software Engineering,SRS,Medium,0,123.02,22,2025-01-22T20:05:01.655056,S00010_SESSION_003,True,SYNTHETIC / SIMULATED — NOT REAL STUDENT DATA
S00010,Q0301C,Operating Systems,Processes,Hard,0,331.78,23,2025-01-24T09:39:42.573227,S00010_SESSION_003,True,SYNTHETIC / SIMULATED — NOT REAL STUDENT DATA
S00010,Q0507A,Software Engineering,Git/Version Control,Easy,0,42.39,24,2025-01-24T19:10:46.530440,S00010_SESSION_003,True,SYNTHETIC / SIMULATED — NOT REAL STUDENT DATA
S00010,Q0209A,DBMS,Relational Algebra,Easy,1,30.62,25,2025-01-25T13:05:21.926629,S00010_SESSION_003,True,SYNTHETIC / SIMULATED — NOT REAL STUDENT DATA
S00010,Q0109B,DSA,Heap,Medium,0,85.86,26,2025-01-25T17:31:40.830190,S00010_SESSION_003,True,SYNTHETIC / SIMULATED — NOT REAL STUDENT DATA
S00010,Q0509A,Software Engineering,Project Management,Easy,0,53.72,27,2025-01-26T14:25:05.886530,S00010_SESSION_003,True,SYNTHETIC / SIMULATED — NOT REAL STUDENT DATA
S00010,Q0409B,Computer Networks,Routing,Medium,0,161.89,28,2025-01-27T10:41:30.397428,S00010_SESSION_003,True,SYNTHETIC / SIMULATED — NOT REAL STUDENT DATA
S00010,Q0407B,Computer Networks,DHCP,Medium,0,108.93,29,2025-01-28T09:29:23.253814,S00010_SESSION_003,True,SYNTHETIC / SIMULATED — NOT REAL STUDENT DATA
S00010,Q0409C,Computer Networks,Routing,Hard,0,203.16,30,2025-01-29T05:52:29.085224,S00010_SESSION_003,True,SYNTHETIC / SIMULATED — NOT REAL STUDENT DATA
S00010,Q0306C,Operating Systems,Synchronization,Hard,1,134.48,31,2025-01-30T11:54:30.059885,S00010_SESSION_004,True,SYNTHETIC / SIMULATED — NOT REAL STUDENT DATA
S00010,Q0106S,DSA,Trees,Medium,0,155.55,32,2025-01-31T20:05:16.109719,S00010_SESSION_004,True,SYNTHETIC / SIMULATED — NOT REAL STUDENT DATA
S00010,Q0409C,Computer Networks,Routing,Hard,0,193.47,33,2025-02-02T09:39:10.280710,S00010_SESSION_004,True,SYNTHETIC / SIMULATED — NOT REAL STUDENT DATA
S00010,Q0201C,DBMS,DBMS Basics,Hard,1,191.06,34,2025-02-03T18:13:13.239474,S00010_SESSION_004,True,SYNTHETIC / SIMULATED — NOT REAL STUDENT DATA
S00010,Q0310S,Operating Systems,Security,Hard,0,213.75,35,2025-02-05T03:31:21.041756,S00010_SESSION_004,True,SYNTHETIC / SIMULATED — NOT REAL STUDENT DATA
S00010,Q0408A,Computer Networks,IP Addressing,Easy,1,60.93,36,2025-02-05T12:38:45.959031,S00010_SESSION_004,True,SYNTHETIC / SIMULATED — NOT REAL STUDENT DATA
S00010,Q0401C,Computer Networks,OSI,Hard,0,95.45,37,2025-02-06T14:43:33.483289,S00010_SESSION_004,True,SYNTHETIC / SIMULATED — NOT REAL STUDENT DATA
S00010,Q0401S,Computer Networks,OSI,Medium,1,101.74,38,2025-02-07T04:32:37.164784,S00010_SESSION_004,True,SYNTHETIC / SIMULATED — NOT REAL STUDENT DATA
S00010,Q0408S,Computer Networks,IP Addressing,Medium,0,143.7,39,2025-02-07T15:35:15.163550,S00010_SESSION_004,True,SYNTHETIC / SIMULATED — NOT REAL STUDENT DATA
S00010,Q0102S,DSA,Strings,Easy,0,74.71,40,2025-02-08T21:37:38.948743,S00010_SESSION_004,True,SYNTHETIC / SIMULATED — NOT REAL STUDENT DATA
S00010,Q0108A,DSA,Hashing,Easy,1,55.58,41,2025-02-09T08:05:01.705648,S00010_SESSION_005,True,SYNTHETIC / SIMULATED — NOT REAL STUDENT DATA
S00010,Q0208S,DBMS,ER Model,Easy,1,40.52,42,2025-02-10T20:07:33.140805,S00010_SESSION_005,True,SYNTHETIC / SIMULATED — NOT REAL STUDENT DATA
S00010,Q0109S,DSA,Heap,Medium,1,94.2,43,2025-02-12T00:34:26.356478,S00010_SESSION_005,True,SYNTHETIC / SIMULATED — NOT REAL STUDENT DATA
S00010,Q0410B,Computer Networks,Network Security,Medium,0,115.38,44,2025-02-12T09:00:58.514079,S00010_SESSION_005,True,SYNTHETIC / SIMULATED — NOT REAL STUDENT DATA
S00010,Q0308A,Operating Systems,Threads,Easy,1,60.57,45,2025-02-13T20:06:00.738104,S00010_SESSION_005,True,SYNTHETIC / SIMULATED — NOT REAL STUDENT DATA
S00010,Q0406C,Computer Networks,HTTP,Hard,0,234.0,46,2025-02-14T12:06:00.948852,S00010_SESSION_005,True,SYNTHETIC / SIMULATED — NOT REAL STUDENT DATA
S00010,Q0304A,Operating Systems,Memory Management,Easy,0,74.29,47,2025-02-15T03:37:44.008420,S00010_SESSION_005,True,SYNTHETIC / SIMULATED — NOT REAL STUDENT DATA
S00010,Q0102S,DSA,Strings,Easy,1,94.8,48,2025-02-16T17:14:20.954025,S00010_SESSION_005,True,SYNTHETIC / SIMULATED — NOT REAL STUDENT DATA
S00010,Q0502A,Software Engineering,Agile,Easy,0,83.09,49,2025-02-17T21:48:09.442831,S00010_SESSION_005,True,SYNTHETIC / SIMULATED — NOT REAL STUDENT DATA
S00010,Q0106A,DSA,Trees,Easy,0,67.81,50,2025-02-18T18:58:30.588141,S00010_SESSION_005,True,SYNTHETIC / SIMULATED — NOT REAL STUDENT DATA
S00010,Q0305A,Operating Systems,Paging,Easy,1,54.04,51,2025-02-19T19:38:23.942561,S00010_SESSION_006,True,SYNTHETIC / SIMULATED — NOT REAL STUDENT DATA
S00010,Q0108C,DSA,Hashing,Hard,0,435.6,52,2025-02-19T22:39:04.178812,S00010_SESSION_006,True,SYNTHETIC / SIMULATED — NOT REAL STUDENT DATA
S00010,Q0105B,DSA,Recursion,Medium,1,91.98,53,2025-02-21T02:01:25.324064,S00010_SESSION_006,True,SYNTHETIC / SIMULATED — NOT REAL STUDENT DATA
S00010,Q0505B,Software Engineering,Testing,Medium,1,113.56,54,2025-02-21T07:36:35.754407,S00010_SESSION_006,True,SYNTHETIC / SIMULATED — NOT REAL STUDENT DATA
S00010,Q0105S,DSA,Recursion,Medium,1,62.8,55,2025-02-21T15:05:15.654745,S00010_SESSION_006,True,SYNTHETIC / SIMULATED — NOT REAL STUDENT DATA
S00010,Q0206A,DBMS,Transactions,Easy,1,60.84,56,2025-02-21T22:02:17.918503,S00010_SESSION_006,True,SYNTHETIC / SIMULATED — NOT REAL STUDENT DATA
S00010,Q0504A,Software Engineering,SRS,Easy,0,72.28,57,2025-02-22T07:43:15.045955,S00010_SESSION_006,True,SYNTHETIC / SIMULATED — NOT REAL STUDENT DATA
S00010,Q0404C,Computer Networks,UDP,Hard,1,145.08,58,2025-02-23T10:36:25.553127,S00010_SESSION_006,True,SYNTHETIC / SIMULATED — NOT REAL STUDENT DATA
S00010,Q0507B,Software Engineering,Git/Version Control,Medium,0,54.45,59,2025-02-24T05:38:40.067033,S00010_SESSION_006,True,SYNTHETIC / SIMULATED — NOT REAL STUDENT DATA
S00010,Q0203A,DBMS,SQL,Easy,1,47.34,60,2025-02-25T02:40:41.711106,S00010_SESSION_006,True,SYNTHETIC / SIMULATED — NOT REAL STUDENT DATA
S00011,Q0408A,Computer Networks,IP Addressing,Easy,1,56.39,1,2025-01-02T09:25:05.003397,S00011_SESSION_001,True,SYNTHETIC / SIMULATED — NOT REAL STUDENT DATA
S00011,Q0405B,Computer Networks,DNS,Medium,0,106.72,2,2025-01-03T18:09:18.738245,S00011_SESSION_001,True,SYNTHETIC / SIMULATED — NOT REAL STUDENT DATA
S00011,Q0203C,DBMS,SQL,Hard,0,227.88,3,2025-01-05T07:40:31.258142,S00011_SESSION_001,True,SYNTHETIC / SIMULATED — NOT REAL STUDENT DATA
S00011,Q0203A,DBMS,SQL,Easy,1,89.03,4,2025-01-06T13:35:59.691936,S00011_SESSION_001,True,SYNTHETIC / SIMULATED — NOT REAL STUDENT DATA
S00011,Q0410B,Computer Networks,Network Security,Medium,1,78.23,5,2025-01-08T03:01:31.232672,S00011_SESSION_001,True,SYNTHETIC / SIMULATED — NOT REAL STUDENT DATA
S00011,Q0408A,Computer Networks,IP Addressing,Easy,1,31.31,6,2025-01-09T03:38:43.557435,S00011_SESSION_001,True,SYNTHETIC / SIMULATED — NOT REAL STUDENT DATA
S00011,Q0309A,Operating Systems,I/O Management,Easy,1,32.25,7,2025-01-09T20:07:32.488259,S00011_SESSION_001,True,SYNTHETIC / SIMULATED — NOT REAL STUDENT DATA
S00011,Q0303A,Operating Systems,Deadlocks,Easy,1,72.76,8,2025-01-10T04:06:00.342510,S00011_SESSION_001,True,SYNTHETIC / SIMULATED — NOT REAL STUDENT DATA
S00011,Q0103A,DSA,Linked Lists,Easy,1,42.1,9,2025-01-10T12:58:30.085376,S00011_SESSION_001,True,SYNTHETIC / SIMULATED — NOT REAL STUDENT DATA
S00011,Q0108A,DSA,Hashing,Easy,1,61.96,10,2025-01-11T22:00:10.641082,S00011_SESSION_001,True,SYNTHETIC / SIMULATED — NOT REAL STUDENT DATA
S00011,Q0510B,Software Engineering,Design Patterns,Medium,1,51.32,11,2025-01-12T06:45:56.336282,S00011_SESSION_002,True,SYNTHETIC / SIMULATED — NOT REAL STUDENT DATA
S00011,Q0205B,DBMS,Joins,Medium,1,82.33,12,2025-01-13T01:44:28.715752,S00011_SESSION_002,True,SYNTHETIC / SIMULATED — NOT REAL STUDENT DATA
S00011,Q0302A,Operating Systems,CPU Scheduling,Easy,0,85.83,13,2025-01-14T01:30:24.173071,S00011_SESSION_002,True,SYNTHETIC / SIMULATED — NOT REAL STUDENT DATA
S00011,Q0504A,Software Engineering,SRS,Easy,1,40.4,14,2025-01-15T11:43:14.209640,S00011_SESSION_002,True,SYNTHETIC / SIMULATED — NOT REAL STUDENT DATA
S00011,Q0307C,Operating Systems,File Systems,Hard,0,153.94,15,2025-01-16T10:25:30.783986,S00011_SESSION_002,True,SYNTHETIC / SIMULATED — NOT REAL STUDENT DATA
S00011,Q0504A,Software Engineering,SRS,Easy,1,28.07,16,2025-01-17T09:06:03.343702,S00011_SESSION_002,True,SYNTHETIC / SIMULATED — NOT REAL STUDENT DATA
S00011,Q0505A,Software Engineering,Testing,Easy,1,41.42,17,2025-01-17T23:20:05.951149,S00011_SESSION_002,True,SYNTHETIC / SIMULATED — NOT REAL STUDENT DATA
S00011,Q0506S,Software Engineering,UML,Medium,1,87.6,18,2025-01-19T00:26:32.272834,S00011_SESSION_002,True,SYNTHETIC / SIMULATED — NOT REAL STUDENT DATA
S00011,Q0310B,Operating Systems,Security,Medium,0,96.6,19,2025-01-20T04:32:11.803203,S00011_SESSION_002,True,SYNTHETIC / SIMULATED — NOT REAL STUDENT DATA
S00011,Q0106C,DSA,Trees,Hard,0,126.5,20,2025-01-21T03:27:53.379234,S00011_SESSION_002,True,SYNTHETIC / SIMULATED — NOT REAL STUDENT DATA
S00011,Q0109A,DSA,Heap,Easy,1,45.64,21,2025-01-21T23:55:53.813423,S00011_SESSION_003,True,SYNTHETIC / SIMULATED — NOT REAL STUDENT DATA
S00011,Q0204S,DBMS,Normalization,Medium,1,166.16,22,2025-01-22T16:50:45.199064,S00011_SESSION_003,True,SYNTHETIC / SIMULATED — NOT REAL STUDENT DATA
S00011,Q0108B,DSA,Hashing,Medium,1,114.47,23,2025-01-23T16:07:54.308175,S00011_SESSION_003,True,SYNTHETIC / SIMULATED — NOT REAL STUDENT DATA
S00011,Q0204C,DBMS,Normalization,Hard,1,130.0,24,2025-01-24T02:20:19.490924,S00011_SESSION_003,True,SYNTHETIC / SIMULATED — NOT REAL STUDENT DATA
S00011,Q0203A,DBMS,SQL,Easy,1,38.98,25,2025-01-24T09:23:17.041196,S00011_SESSION_003,True,SYNTHETIC / SIMULATED — NOT REAL STUDENT DATA
S00011,Q0505B,Software Engineering,Testing,Medium,1,56.17,26,2025-01-25T08:22:26.237254,S00011_SESSION_003,True,SYNTHETIC / SIMULATED — NOT REAL STUDENT DATA
S00011,Q0306A,Operating Systems,Synchronization,Easy,1,75.93,27,2025-01-26T16:29:54.152678,S00011_SESSION_003,True,SYNTHETIC / SIMULATED — NOT REAL STUDENT DATA
S00011,Q0302S,Operating Systems,CPU Scheduling,Medium,0,87.87,28,2025-01-27T04:38:36.715534,S00011_SESSION_003,True,SYNTHETIC / SIMULATED — NOT REAL STUDENT DATA
S00011,Q0402A,Computer Networks,TCP/IP,Easy,1,24.81,29,2025-01-28T10:04:17.113867,S00011_SESSION_003,True,SYNTHETIC / SIMULATED — NOT REAL STUDENT DATA
S00011,Q0407A,Computer Networks,DHCP,Easy,1,36.15,30,2025-01-29T06:40:33.016585,S00011_SESSION_003,True,SYNTHETIC / SIMULATED — NOT REAL STUDENT DATA
S00011,Q0301C,Operating Systems,Processes,Hard,0,242.2,31,2025-01-30T09:08:37.406466,S00011_SESSION_004,True,SYNTHETIC / SIMULATED — NOT REAL STUDENT DATA
S00011,Q0304A,Operating Systems,Memory Management,Easy,1,55.32,32,2025-01-30T21:26:20.076962,S00011_SESSION_004,True,SYNTHETIC / SIMULATED — NOT REAL STUDENT DATA
S00011,Q0101B,DSA,Arrays,Medium,1,59.62,33,2025-02-01T00:05:08.400449,S00011_SESSION_004,True,SYNTHETIC / SIMULATED — NOT REAL STUDENT DATA
S00011,Q0403A,Computer Networks,TCP,Easy,0,70.19,34,2025-02-01T08:30:09.882988,S00011_SESSION_004,True,SYNTHETIC / SIMULATED — NOT REAL STUDENT DATA
S00011,Q0307C,Operating Systems,File Systems,Hard,0,267.78,35,2025-02-01T23:46:40.554470,S00011_SESSION_004,True,SYNTHETIC / SIMULATED — NOT REAL STUDENT DATA
S00011,Q0310S,Operating Systems,Security,Hard,0,193.37,36,2025-02-02T18:03:14.848743,S00011_SESSION_004,True,SYNTHETIC / SIMULATED — NOT REAL STUDENT DATA
S00011,Q0306A,Operating Systems,Synchronization,Easy,0,51.89,37,2025-02-03T01:07:24.267235,S00011_SESSION_004,True,SYNTHETIC / SIMULATED — NOT REAL STUDENT DATA
S00011,Q0307S,Operating Systems,File Systems,Easy,1,76.59,38,2025-02-04T11:55:07.199960,S00011_SESSION_004,True,SYNTHETIC / SIMULATED — NOT REAL STUDENT DATA
S00011,Q0306A,Operating Systems,Synchronization,Easy,0,73.52,39,2025-02-05T05:51:27.032890,S00011_SESSION_004,True,SYNTHETIC / SIMULATED — NOT REAL STUDENT DATA
S00011,Q0405B,Computer Networks,DNS,Medium,1,142.39,40,2025-02-06T18:21:42.921015,S00011_SESSION_004,True,SYNTHETIC / SIMULATED — NOT REAL STUDENT DATA
S00011,Q0110A,DSA,Dynamic Programming,Easy,1,76.25,41,2025-02-07T04:58:25.105112,S00011_SESSION_005,True,SYNTHETIC / SIMULATED — NOT REAL STUDENT DATA
S00011,Q0203B,DBMS,SQL,Medium,1,78.73,42,2025-02-08T03:54:18.844617,S00011_SESSION_005,True,SYNTHETIC / SIMULATED — NOT REAL STUDENT DATA
S00011,Q0410A,Computer Networks,Network Security,Easy,1,37.8,43,2025-02-08T21:34:06.175811,S00011_SESSION_005,True,SYNTHETIC / SIMULATED — NOT REAL STUDENT DATA
S00011,Q0309C,Operating Systems,I/O Management,Hard,0,145.75,44,2025-02-09T02:21:27.584341,S00011_SESSION_005,True,SYNTHETIC / SIMULATED — NOT REAL STUDENT DATA
S00011,Q0308A,Operating Systems,Threads,Easy,1,50.37,45,2025-02-10T03:36:35.722696,S00011_SESSION_005,True,SYNTHETIC / SIMULATED — NOT REAL STUDENT DATA
S00011,Q0409B,Computer Networks,Routing,Medium,1,85.39,46,2025-02-10T23:56:24.656885,S00011_SESSION_005,True,SYNTHETIC / SIMULATED — NOT REAL STUDENT DATA
S00011,Q0405B,Computer Networks,DNS,Medium,1,90.99,47,2025-02-12T11:28:56.710406,S00011_SESSION_005,True,SYNTHETIC / SIMULATED — NOT REAL STUDENT DATA
S00011,Q0207C,DBMS,Indexing,Hard,0,115.28,48,2025-02-13T04:54:49.481612,S00011_SESSION_005,True,SYNTHETIC / SIMULATED — NOT REAL STUDENT DATA
S00011,Q0307S,Operating Systems,File Systems,Easy,0,39.58,49,2025-02-14T03:25:27.589615,S00011_SESSION_005,True,SYNTHETIC / SIMULATED — NOT REAL STUDENT DATA
S00011,Q0204C,DBMS,Normalization,Hard,0,308.51,50,2025-02-15T05:58:57.289624,S00011_SESSION_005,True,SYNTHETIC / SIMULATED — NOT REAL STUDENT DATA
S00011,Q0407B,Computer Networks,DHCP,Medium,1,62.65,51,2025-02-15T20:17:24.152804,S00011_SESSION_006,True,SYNTHETIC / SIMULATED — NOT REAL STUDENT DATA
S00011,Q0306A,Operating Systems,Synchronization,Easy,1,43.2,52,2025-02-16T07:48:06.585307,S00011_SESSION_006,True,SYNTHETIC / SIMULATED — NOT REAL STUDENT DATA
S00011,Q0305S,Operating Systems,Paging,Medium,0,103.97,53,2025-02-17T03:07:58.155993,S00011_SESSION_006,True,SYNTHETIC / SIMULATED — NOT REAL STUDENT DATA
S00011,Q0507C,Software Engineering,Git/Version Control,Hard,0,151.55,54,2025-02-17T18:15:10.358984,S00011_SESSION_006,True,SYNTHETIC / SIMULATED — NOT REAL STUDENT DATA
S00011,Q0502A,Software Engineering,Agile,Easy,1,40.75,55,2025-02-19T05:00:24.763603,S00011_SESSION_006,True,SYNTHETIC / SIMULATED — NOT REAL STUDENT DATA
S00011,Q0401C,Computer Networks,OSI,Hard,1,119.14,56,2025-02-20T05:38:17.457166,S00011_SESSION_006,True,SYNTHETIC / SIMULATED — NOT REAL STUDENT DATA
S00011,Q0504S,Software Engineering,SRS,Medium,1,72.64,57,2025-02-20T09:02:51.185381,S00011_SESSION_006,True,SYNTHETIC / SIMULATED — NOT REAL STUDENT DATA
S00011,Q0103B,DSA,Linked Lists,Medium,1,100.89,58,2025-02-21T00:49:36.913786,S00011_SESSION_006,True,SYNTHETIC / SIMULATED — NOT REAL STUDENT DATA
S00011,Q0509C,Software Engineering,Project Management,Hard,0,128.11,59,2025-02-22T14:48:36.975657,S00011_SESSION_006,True,SYNTHETIC / SIMULATED — NOT REAL STUDENT DATA
S00011,Q0309A,Operating Systems,I/O Management,Easy,1,42.5,60,2025-02-23T19:53:07.757203,S00011_SESSION_006,True,SYNTHETIC / SIMULATED — NOT REAL STUDENT DATA
S00012,Q0406C,Computer Networks,HTTP,Hard,1,190.94,1,2025-01-02T15:26:06.739501,S00012_SESSION_001,True,SYNTHETIC / SIMULATED — NOT REAL STUDENT DATA
S00012,Q0303B,Operating Systems,Deadlocks,Medium,1,64.82,2,2025-01-04T03:06:01.008064,S00012_SESSION_001,True,SYNTHETIC / SIMULATED — NOT REAL STUDENT DATA
S00012,Q0406S,Computer Networks,HTTP,Easy,1,54.55,3,2025-01-04T15:01:36.318270,S00012_SESSION_001,True,SYNTHETIC / SIMULATED — NOT REAL STUDENT DATA
S00012,Q0409A,Computer Networks,Routing,Easy,0,85.21,4,2025-01-05T23:41:00.956727,S00012_SESSION_001,True,SYNTHETIC / SIMULATED — NOT REAL STUDENT DATA
S00012,Q0505A,Software Engineering,Testing,Easy,0,60.91,5,2025-01-07T07:17:07.769764,S00012_SESSION_001,True,SYNTHETIC / SIMULATED — NOT REAL STUDENT DATA
S00012,Q0107S,DSA,Graphs,Medium,0,170.21,6,2025-01-08T19:54:59.401898,S00012_SESSION_001,True,SYNTHETIC / SIMULATED — NOT REAL STUDENT DATA
S00012,Q0205A,DBMS,Joins,Easy,1,36.64,7,2025-01-09T00:02:52.963749,S00012_SESSION_001,True,SYNTHETIC / SIMULATED — NOT REAL STUDENT DATA
S00012,Q0310C,Operating Systems,Security,Hard,0,204.1,8,2025-01-09T05:12:32.892663,S00012_SESSION_001,True,SYNTHETIC / SIMULATED — NOT REAL STUDENT DATA
S00012,Q0305S,Operating Systems,Paging,Medium,1,117.84,9,2025-01-09T18:31:41.326074,S00012_SESSION_001,True,SYNTHETIC / SIMULATED — NOT REAL STUDENT DATA
S00012,Q0203B,DBMS,SQL,Medium,1,70.09,10,2025-01-10T14:10:50.026023,S00012_SESSION_001,True,SYNTHETIC / SIMULATED — NOT REAL STUDENT DATA
S00012,Q0502C,Software Engineering,Agile,Hard,0,228.24,11,2025-01-10T21:09:30.238192,S00012_SESSION_002,True,SYNTHETIC / SIMULATED — NOT REAL STUDENT DATA
S00012,Q0410A,Computer Networks,Network Security,Easy,0,73.35,12,2025-01-11T01:01:51.984077,S00012_SESSION_002,True,SYNTHETIC / SIMULATED — NOT REAL STUDENT DATA
S00012,Q0103B,DSA,Linked Lists,Medium,1,134.49,13,2025-01-11T15:52:55.479484,S00012_SESSION_002,True,SYNTHETIC / SIMULATED — NOT REAL STUDENT DATA
S00012,Q0504B,Software Engineering,SRS,Medium,0,103.67,14,2025-01-12T10:15:10.582821,S00012_SESSION_002,True,SYNTHETIC / SIMULATED — NOT REAL STUDENT DATA
S00012,Q0205C,DBMS,Joins,Hard,0,238.24,15,2025-01-13T16:25:38.676110,S00012_SESSION_002,True,SYNTHETIC / SIMULATED — NOT REAL STUDENT DATA
S00012,Q0406C,Computer Networks,HTTP,Hard,0,153.74,16,2025-01-14T05:18:43.213974,S00012_SESSION_002,True,SYNTHETIC / SIMULATED — NOT REAL STUDENT DATA
S00012,Q0209A,DBMS,Relational Algebra,Easy,1,47.32,17,2025-01-15T07:27:30.246267,S00012_SESSION_002,True,SYNTHETIC / SIMULATED — NOT REAL STUDENT DATA
S00012,Q0209A,DBMS,Relational Algebra,Easy,1,49.74,18,2025-01-15T17:04:31.634644,S00012_SESSION_002,True,SYNTHETIC / SIMULATED — NOT REAL STUDENT DATA
S00012,Q0107A,DSA,Graphs,Easy,1,91.12,19,2025-01-16T16:22:24.787861,S00012_SESSION_002,True,SYNTHETIC / SIMULATED — NOT REAL STUDENT DATA
S00012,Q0103B,DSA,Linked Lists,Medium,0,163.55,20,2025-01-17T00:22:39.688949,S00012_SESSION_002,True,SYNTHETIC / SIMULATED — NOT REAL STUDENT DATA
S00012,Q0106B,DSA,Trees,Medium,0,140.57,21,2025-01-18T12:56:28.787081,S00012_SESSION_003,True,SYNTHETIC / SIMULATED — NOT REAL STUDENT DATA
S00012,Q0108B,DSA,Hashing,Medium,0,151.2,22,2025-01-19T15:53:33.576157,S00012_SESSION_003,True,SYNTHETIC / SIMULATED — NOT REAL STUDENT DATA
S00012,Q0407A,Computer Networks,DHCP,Easy,1,54.47,23,2025-01-20T11:07:53.921664,S00012_SESSION_003,True,SYNTHETIC / SIMULATED — NOT REAL STUDENT DATA
S00012,Q0402A,Computer Networks,TCP/IP,Easy,1,41.78,24,2025-01-20T19:32:11.236016,S00012_SESSION_003,True,SYNTHETIC / SIMULATED — NOT REAL STUDENT DATA
S00012,Q0102A,DSA,Strings,Easy,1,36.45,25,2025-01-21T04:19:11.842620,S00012_SESSION_003,True,SYNTHETIC / SIMULATED — NOT REAL STUDENT DATA
S00012,Q0108B,DSA,Hashing,Medium,0,209.2,26,2025-01-22T12:11:40.600383,S00012_SESSION_003,True,SYNTHETIC / SIMULATED — NOT REAL STUDENT DATA
S00012,Q0106B,DSA,Trees,Medium,1,90.47,27,2025-01-22T20:39:57.719408,S00012_SESSION_003,True,SYNTHETIC / SIMULATED — NOT REAL STUDENT DATA
S00012,Q0403S,Computer Networks,TCP,Medium,0,146.46,28,2025-01-23T06:12:49.467987,S00012_SESSION_003,True,SYNTHETIC / SIMULATED — NOT REAL STUDENT DATA
S00012,Q0204S,DBMS,Normalization,Medium,0,157.27,29,2025-01-23T18:34:54.541756,S00012_SESSION_003,True,SYNTHETIC / SIMULATED — NOT REAL STUDENT DATA
S00012,Q0110A,DSA,Dynamic Programming,Easy,0,69.91,30,2025-01-24T06:51:06.286055,S00012_SESSION_003,True,SYNTHETIC / SIMULATED — NOT REAL STUDENT DATA
S00012,Q0405C,Computer Networks,DNS,Hard,0,145.49,31,2025-01-25T15:39:58.095779,S00012_SESSION_004,True,SYNTHETIC / SIMULATED — NOT REAL STUDENT DATA
S00012,Q0504S,Software Engineering,SRS,Medium,1,73.18,32,2025-01-25T19:57:38.373670,S00012_SESSION_004,True,SYNTHETIC / SIMULATED — NOT REAL STUDENT DATA
S00012,Q0406C,Computer Networks,HTTP,Hard,0,204.37,33,2025-01-27T04:03:24.634768,S00012_SESSION_004,True,SYNTHETIC / SIMULATED — NOT REAL STUDENT DATA
S00012,Q0502S,Software Engineering,Agile,Easy,1,67.36,34,2025-01-28T15:08:09.147237,S00012_SESSION_004,True,SYNTHETIC / SIMULATED — NOT REAL STUDENT DATA
S00012,Q0510A,Software Engineering,Design Patterns,Easy,0,50.96,35,2025-01-29T12:54:35.144558,S00012_SESSION_004,True,SYNTHETIC / SIMULATED — NOT REAL STUDENT DATA
S00012,Q0110B,DSA,Dynamic Programming,Medium,0,107.45,36,2025-01-30T16:29:51.411567,S00012_SESSION_004,True,SYNTHETIC / SIMULATED — NOT REAL STUDENT DATA
S00012,Q0104C,DSA,Stack & Queue,Hard,0,271.66,37,2025-01-31T05:37:18.637245,S00012_SESSION_004,True,SYNTHETIC / SIMULATED — NOT REAL STUDENT DATA
S00012,Q0103C,DSA,Linked Lists,Hard,0,448.29,38,2025-01-31T13:06:16.906859,S00012_SESSION_004,True,SYNTHETIC / SIMULATED — NOT REAL STUDENT DATA
S00012,Q0405A,Computer Networks,DNS,Easy,1,40.96,39,2025-01-31T20:20:42.794631,S00012_SESSION_004,True,SYNTHETIC / SIMULATED — NOT REAL STUDENT DATA
S00012,Q0106C,DSA,Trees,Hard,0,241.49,40,2025-01-31T23:39:35.826322,S00012_SESSION_004,True,SYNTHETIC / SIMULATED — NOT REAL STUDENT DATA
S00012,Q0406C,Computer Networks,HTTP,Hard,0,253.17,41,2025-02-02T09:31:04.447939,S00012_SESSION_005,True,SYNTHETIC / SIMULATED — NOT REAL STUDENT DATA
S00012,Q0102A,DSA,Strings,Easy,0,86.23,42,2025-02-03T11:49:14.818025,S00012_SESSION_005,True,SYNTHETIC / SIMULATED — NOT REAL STUDENT DATA
S00012,Q0505A,Software Engineering,Testing,Easy,1,32.55,43,2025-02-03T23:51:15.196903,S00012_SESSION_005,True,SYNTHETIC / SIMULATED — NOT REAL STUDENT DATA
S00012,Q0208C,DBMS,ER Model,Hard,0,151.91,44,2025-02-04T15:56:52.088602,S00012_SESSION_005,True,SYNTHETIC / SIMULATED — NOT REAL STUDENT DATA
S00012,Q0106B,DSA,Trees,Medium,0,191.64,45,2025-02-05T03:48:52.937254,S00012_SESSION_005,True,SYNTHETIC / SIMULATED — NOT REAL STUDENT DATA
S00012,Q0509B,Software Engineering,Project Management,Medium,1,96.82,46,2025-02-06T10:37:00.275739,S00012_SESSION_005,True,SYNTHETIC / SIMULATED — NOT REAL STUDENT DATA
S00012,Q0404C,Computer Networks,UDP,Hard,0,238.55,47,2025-02-07T20:04:01.745892,S00012_SESSION_005,True,SYNTHETIC / SIMULATED — NOT REAL STUDENT DATA
S00012,Q0201B,DBMS,DBMS Basics,Medium,0,106.34,48,2025-02-07T23:21:01.243635,S00012_SESSION_005,True,SYNTHETIC / SIMULATED — NOT REAL STUDENT DATA
S00012,Q0403A,Computer Networks,TCP,Easy,0,69.12,49,2025-02-08T15:57:58.023027,S00012_SESSION_005,True,SYNTHETIC / SIMULATED — NOT REAL STUDENT DATA
S00012,Q0409B,Computer Networks,Routing,Medium,1,100.62,50,2025-02-09T11:01:03.202319,S00012_SESSION_005,True,SYNTHETIC / SIMULATED — NOT REAL STUDENT DATA
S00012,Q0401B,Computer Networks,OSI,Medium,0,178.92,51,2025-02-10T12:02:41.356115,S00012_SESSION_006,True,SYNTHETIC / SIMULATED — NOT REAL STUDENT DATA
S00012,Q0305S,Operating Systems,Paging,Medium,0,106.37,52,2025-02-11T13:56:06.209643,S00012_SESSION_006,True,SYNTHETIC / SIMULATED — NOT REAL STUDENT DATA
S00012,Q0109A,DSA,Heap,Easy,0,73.86,53,2025-02-12T00:44:19.481869,S00012_SESSION_006,True,SYNTHETIC / SIMULATED — NOT REAL STUDENT DATA
S00012,Q0106B,DSA,Trees,Medium,0,153.34,54,2025-02-12T06:57:38.069470,S00012_SESSION_006,True,SYNTHETIC / SIMULATED — NOT REAL STUDENT DATA
S00012,Q0304A,Operating Systems,Memory Management,Easy,1,58.75,55,2025-02-13T14:54:53.483970,S00012_SESSION_006,True,SYNTHETIC / SIMULATED — NOT REAL STUDENT DATA
S00012,Q0105C,DSA,Recursion,Hard,1,160.12,56,2025-02-14T16:37:43.191203,S00012_SESSION_006,True,SYNTHETIC / SIMULATED — NOT REAL STUDENT DATA
S00012,Q0308S,Operating Systems,Threads,Medium,0,147.22,57,2025-02-15T04:37:06.992926,S00012_SESSION_006,True,SYNTHETIC / SIMULATED — NOT REAL STUDENT DATA
S00012,Q0107C,DSA,Graphs,Hard,0,221.14,58,2025-02-15T21:45:07.843620,S00012_SESSION_006,True,SYNTHETIC / SIMULATED — NOT REAL STUDENT DATA
S00012,Q0302C,Operating Systems,CPU Scheduling,Hard,0,135.6,59,2025-02-16T17:20:43.421488,S00012_SESSION_006,True,SYNTHETIC / SIMULATED — NOT REAL STUDENT DATA
S00012,Q0110A,DSA,Dynamic Programming,Easy,0,83.19,60,2025-02-17T00:31:04.509877,S00012_SESSION_006,True,SYNTHETIC / SIMULATED — NOT REAL STUDENT DATA
S00013,Q0403A,Computer Networks,TCP,Easy,0,39.26,1,2025-01-03T12:07:48.413249,S00013_SESSION_001,True,SYNTHETIC / SIMULATED — NOT REAL STUDENT DATA
S00013,Q0203B,DBMS,SQL,Medium,0,124.32,2,2025-01-04T17:01:55.775370,S00013_SESSION_001,True,SYNTHETIC / SIMULATED — NOT REAL STUDENT DATA
S00013,Q0109S,DSA,Heap,Medium,0,100.02,3,2025-01-05T13:20:55.853626,S00013_SESSION_001,True,SYNTHETIC / SIMULATED — NOT REAL STUDENT DATA
S00013,Q0405B,Computer Networks,DNS,Medium,0,97.64,4,2025-01-06T17:02:30.174611,S00013_SESSION_001,True,SYNTHETIC / SIMULATED — NOT REAL STUDENT DATA
S00013,Q0405S,Computer Networks,DNS,Easy,1,42.46,5,2025-01-07T12:05:42.872676,S00013_SESSION_001,True,SYNTHETIC / SIMULATED — NOT REAL STUDENT DATA
S00013,Q0310A,Operating Systems,Security,Easy,0,38.55,6,2025-01-08T18:12:22.628827,S00013_SESSION_001,True,SYNTHETIC / SIMULATED — NOT REAL STUDENT DATA
S00013,Q0405A,Computer Networks,DNS,Easy,0,62.75,7,2025-01-10T07:16:01.210521,S00013_SESSION_001,True,SYNTHETIC / SIMULATED — NOT REAL STUDENT DATA
S00013,Q0204B,DBMS,Normalization,Medium,0,157.37,8,2025-01-11T08:07:41.603899,S00013_SESSION_001,True,SYNTHETIC / SIMULATED — NOT REAL STUDENT DATA
S00013,Q0203C,DBMS,SQL,Hard,0,180.27,9,2025-01-12T09:07:11.943768,S00013_SESSION_001,True,SYNTHETIC / SIMULATED — NOT REAL STUDENT DATA
S00013,Q0309B,Operating Systems,I/O Management,Medium,0,94.15,10,2025-01-13T12:02:57.017225,S00013_SESSION_001,True,SYNTHETIC / SIMULATED — NOT REAL STUDENT DATA
S00013,Q0303A,Operating Systems,Deadlocks,Easy,1,53.52,11,2025-01-13T21:59:17.672160,S00013_SESSION_002,True,SYNTHETIC / SIMULATED — NOT REAL STUDENT DATA
S00013,Q0402B,Computer Networks,TCP/IP,Medium,0,83.56,12,2025-01-15T11:54:18.853889,S00013_SESSION_002,True,SYNTHETIC / SIMULATED — NOT REAL STUDENT DATA
S00013,Q0101B,DSA,Arrays,Medium,1,86.18,13,2025-01-16T12:10:03.271636,S00013_SESSION_002,True,SYNTHETIC / SIMULATED — NOT REAL STUDENT DATA
S00013,Q0402S,Computer Networks,TCP/IP,Medium,1,81.81,14,2025-01-16T17:00:18.353733,S00013_SESSION_002,True,SYNTHETIC / SIMULATED — NOT REAL STUDENT DATA
S00013,Q0506A,Software Engineering,UML,Easy,0,65.47,15,2025-01-17T07:47:35.261592,S00013_SESSION_002,True,SYNTHETIC / SIMULATED — NOT REAL STUDENT DATA
S00013,Q0101B,DSA,Arrays,Medium,1,92.81,16,2025-01-18T17:33:48.943024,S00013_SESSION_002,True,SYNTHETIC / SIMULATED — NOT REAL STUDENT DATA
S00013,Q0502S,Software Engineering,Agile,Easy,1,49.14,17,2025-01-19T19:57:27.139607,S00013_SESSION_002,True,SYNTHETIC / SIMULATED — NOT REAL STUDENT DATA
S00013,Q0310S,Operating Systems,Security,Hard,0,244.84,18,2025-01-21T08:35:35.044671,S00013_SESSION_002,True,SYNTHETIC / SIMULATED — NOT REAL STUDENT DATA
S00013,Q0105S,DSA,Recursion,Medium,0,116.79,19,2025-01-22T22:31:14.816249,S00013_SESSION_002,True,SYNTHETIC / SIMULATED — NOT REAL STUDENT DATA
S00013,Q0506A,Software Engineering,UML,Easy,0,50.56,20,2025-01-23T23:16:48.767196,S00013_SESSION_002,True,SYNTHETIC / SIMULATED — NOT REAL STUDENT DATA
S00013,Q0209B,DBMS,Relational Algebra,Medium,0,106.95,21,2025-01-24T21:47:05.524141,S00013_SESSION_003,True,SYNTHETIC / SIMULATED — NOT REAL STUDENT DATA
S00013,Q0510A,Software Engineering,Design Patterns,Easy,0,137.44,22,2025-01-25T04:13:39.163417,S00013_SESSION_003,True,SYNTHETIC / SIMULATED — NOT REAL STUDENT DATA
S00013,Q0210A,DBMS,Concurrency Control,Easy,1,63.27,23,2025-01-26T14:01:55.961610,S00013_SESSION_003,True,SYNTHETIC / SIMULATED — NOT REAL STUDENT DATA
S00013,Q0301B,Operating Systems,Processes,Medium,0,69.49,24,2025-01-27T08:02:35.749915,S00013_SESSION_003,True,SYNTHETIC / SIMULATED — NOT REAL STUDENT DATA
S00013,Q0306B,Operating Systems,Synchronization,Medium,0,126.31,25,2025-01-28T12:59:48.015668,S00013_SESSION_003,True,SYNTHETIC / SIMULATED — NOT REAL STUDENT DATA
S00013,Q0506A,Software Engineering,UML,Easy,1,54.8,26,2025-01-29T13:04:02.113731,S00013_SESSION_003,True,SYNTHETIC / SIMULATED — NOT REAL STUDENT DATA
S00013,Q0201A,DBMS,DBMS Basics,Easy,1,78.72,27,2025-01-29T23:04:01.888755,S00013_SESSION_003,True,SYNTHETIC / SIMULATED — NOT REAL STUDENT DATA
S00013,Q0101C,DSA,Arrays,Hard,0,124.32,28,2025-01-31T03:35:19.953333,S00013_SESSION_003,True,SYNTHETIC / SIMULATED — NOT REAL STUDENT DATA
S00013,Q0308B,Operating Systems,Threads,Medium,1,63.35,29,2025-02-01T04:33:18.312063,S00013_SESSION_003,True,SYNTHETIC / SIMULATED — NOT REAL STUDENT DATA
S00013,Q0104B,DSA,Stack & Queue,Medium,0,95.04,30,2025-02-02T13:06:35.424969,S00013_SESSION_003,True,SYNTHETIC / SIMULATED — NOT REAL STUDENT DATA
S00013,Q0503A,Software Engineering,Waterfall,Easy,1,32.38,31,2025-02-03T00:37:11.723023,S00013_SESSION_004,True,SYNTHETIC / SIMULATED — NOT REAL STUDENT DATA
S00013,Q0406S,Computer Networks,HTTP,Easy,0,45.13,32,2025-02-03T10:51:33.734674,S00013_SESSION_004,True,SYNTHETIC / SIMULATED — NOT REAL STUDENT DATA
S00013,Q0101C,DSA,Arrays,Hard,0,153.35,33,2025-02-04T13:57:58.785401,S00013_SESSION_004,True,SYNTHETIC / SIMULATED — NOT REAL STUDENT DATA
S00013,Q0402A,Computer Networks,TCP/IP,Easy,0,43.8,34,2025-02-05T08:24:16.329822,S00013_SESSION_004,True,SYNTHETIC / SIMULATED — NOT REAL STUDENT DATA
S00013,Q0202C,DBMS,Keys,Hard,0,208.54,35,2025-02-06T04:39:46.528102,S00013_SESSION_004,True,SYNTHETIC / SIMULATED — NOT REAL STUDENT DATA
S00013,Q0410S,Computer Networks,Network Security,Hard,1,85.05,36,2025-02-06T20:11:05.252608,S00013_SESSION_004,True,SYNTHETIC / SIMULATED — NOT REAL STUDENT DATA
S00013,Q0209C,DBMS,Relational Algebra,Hard,1,127.95,37,2025-02-07T00:54:29.710729,S00013_SESSION_004,True,SYNTHETIC / SIMULATED — NOT REAL STUDENT DATA
S00013,Q0209A,DBMS,Relational Algebra,Easy,1,27.97,38,2025-02-08T14:15:21.302808,S00013_SESSION_004,True,SYNTHETIC / SIMULATED — NOT REAL STUDENT DATA
S00013,Q0408A,Computer Networks,IP Addressing,Easy,1,31.76,39,2025-02-09T05:15:22.344771,S00013_SESSION_004,True,SYNTHETIC / SIMULATED — NOT REAL STUDENT DATA
S00013,Q0104C,DSA,Stack & Queue,Hard,0,258.71,40,2025-02-10T18:40:43.544395,S00013_SESSION_004,True,SYNTHETIC / SIMULATED — NOT REAL STUDENT DATA
S00013,Q0208A,DBMS,ER Model,Easy,1,36.89,41,2025-02-11T23:25:03.981110,S00013_SESSION_005,True,SYNTHETIC / SIMULATED — NOT REAL STUDENT DATA
S00013,Q0410B,Computer Networks,Network Security,Medium,1,66.43,42,2025-02-13T01:22:38.913964,S00013_SESSION_005,True,SYNTHETIC / SIMULATED — NOT REAL STUDENT DATA
S00013,Q0110A,DSA,Dynamic Programming,Easy,1,52.42,43,2025-02-14T09:50:43.605376,S00013_SESSION_005,True,SYNTHETIC / SIMULATED — NOT REAL STUDENT DATA
S00013,Q0201S,DBMS,DBMS Basics,Easy,1,45.74,44,2025-02-15T09:04:44.925101,S00013_SESSION_005,True,SYNTHETIC / SIMULATED — NOT REAL STUDENT DATA
S00013,Q0101S,DSA,Arrays,Easy,1,33.29,45,2025-02-16T21:54:14.415664,S00013_SESSION_005,True,SYNTHETIC / SIMULATED — NOT REAL STUDENT DATA
S00013,Q0210B,DBMS,Concurrency Control,Medium,1,58.15,46,2025-02-17T13:15:55.033077,S00013_SESSION_005,True,SYNTHETIC / SIMULATED — NOT REAL STUDENT DATA
S00013,Q0105A,DSA,Recursion,Easy,0,53.62,47,2025-02-18T13:47:25.969600,S00013_SESSION_005,True,SYNTHETIC / SIMULATED — NOT REAL STUDENT DATA
S00013,Q0205C,DBMS,Joins,Hard,1,151.17,48,2025-02-18T21:13:08.742357,S00013_SESSION_005,True,SYNTHETIC / SIMULATED — NOT REAL STUDENT DATA
S00013,Q0404C,Computer Networks,UDP,Hard,1,132.67,49,2025-02-19T02:24:55.180904,S00013_SESSION_005,True,SYNTHETIC / SIMULATED — NOT REAL STUDENT DATA
S00013,Q0302A,Operating Systems,CPU Scheduling,Easy,1,46.2,50,2025-02-19T07:57:02.563664,S00013_SESSION_005,True,SYNTHETIC / SIMULATED — NOT REAL STUDENT DATA
S00013,Q0502A,Software Engineering,Agile,Easy,1,61.22,51,2025-02-20T20:58:36.754561,S00013_SESSION_006,True,SYNTHETIC / SIMULATED — NOT REAL STUDENT DATA
S00013,Q0404B,Computer Networks,UDP,Medium,1,54.37,52,2025-02-21T04:05:31.229578,S00013_SESSION_006,True,SYNTHETIC / SIMULATED — NOT REAL STUDENT DATA
S00013,Q0308C,Operating Systems,Threads,Hard,1,93.26,53,2025-02-21T15:41:34.102239,S00013_SESSION_006,True,SYNTHETIC / SIMULATED — NOT REAL STUDENT DATA
S00013,Q0309C,Operating Systems,I/O Management,Hard,1,264.57,54,2025-02-22T03:38:33.424326,S00013_SESSION_006,True,SYNTHETIC / SIMULATED — NOT REAL STUDENT DATA
S00013,Q0407C,Computer Networks,DHCP,Hard,1,99.76,55,2025-02-22T16:59:16.464885,S00013_SESSION_006,True,SYNTHETIC / SIMULATED — NOT REAL STUDENT DATA
S00013,Q0206A,DBMS,Transactions,Easy,1,36.03,56,2025-02-22T20:53:27.249639,S00013_SESSION_006,True,SYNTHETIC / SIMULATED — NOT REAL STUDENT DATA
S00013,Q0208B,DBMS,ER Model,Medium,0,126.21,57,2025-02-23T08:40:48.735288,S00013_SESSION_006,True,SYNTHETIC / SIMULATED — NOT REAL STUDENT DATA
S00013,Q0104A,DSA,Stack & Queue,Easy,0,52.18,58,2025-02-23T17:04:09.757303,S00013_SESSION_006,True,SYNTHETIC / SIMULATED — NOT REAL STUDENT DATA
S00013,Q0306B,Operating Systems,Synchronization,Medium,1,72.26,59,2025-02-25T00:02:30.723550,S00013_SESSION_006,True,SYNTHETIC / SIMULATED — NOT REAL STUDENT DATA
S00013,Q0505S,Software Engineering,Testing,Medium,0,83.35,60,2025-02-26T09:27:49.809589,S00013_SESSION_006,True,SYNTHETIC / SIMULATED — NOT REAL STUDENT DATA
S00014,Q0204B,DBMS,Normalization,Medium,0,114.48,1,2025-01-03T01:37:00.677620,S00014_SESSION_001,True,SYNTHETIC / SIMULATED — NOT REAL STUDENT DATA
S00014,Q0110B,DSA,Dynamic Programming,Medium,1,59.14,2,2025-01-03T16:55:28.228910,S00014_SESSION_001,True,SYNTHETIC / SIMULATED — NOT REAL STUDENT DATA
S00014,Q0407A,Computer Networks,DHCP,Easy,1,23.79,3,2025-01-03T21:57:26.411592,S00014_SESSION_001,True,SYNTHETIC / SIMULATED — NOT REAL STUDENT DATA
S00014,Q0401S,Computer Networks,OSI,Medium,0,63.89,4,2025-01-04T13:41:03.193507,S00014_SESSION_001,True,SYNTHETIC / SIMULATED — NOT REAL STUDENT DATA
S00014,Q0204C,DBMS,Normalization,Hard,0,154.93,5,2025-01-05T14:57:57.476109,S00014_SESSION_001,True,SYNTHETIC / SIMULATED — NOT REAL STUDENT DATA
S00014,Q0203S,DBMS,SQL,Easy,0,24.38,6,2025-01-06T20:57:59.143225,S00014_SESSION_001,True,SYNTHETIC / SIMULATED — NOT REAL STUDENT DATA
S00014,Q0307C,Operating Systems,File Systems,Hard,0,105.18,7,2025-01-08T05:38:23.120316,S00014_SESSION_001,True,SYNTHETIC / SIMULATED — NOT REAL STUDENT DATA
S00014,Q0307B,Operating Systems,File Systems,Medium,1,32.97,8,2025-01-09T01:53:07.745939,S00014_SESSION_001,True,SYNTHETIC / SIMULATED — NOT REAL STUDENT DATA
S00014,Q0309C,Operating Systems,I/O Management,Hard,0,119.72,9,2025-01-10T12:06:54.291135,S00014_SESSION_001,True,SYNTHETIC / SIMULATED — NOT REAL STUDENT DATA
S00014,Q0304A,Operating Systems,Memory Management,Easy,1,36.47,10,2025-01-11T21:51:39.579941,S00014_SESSION_001,True,SYNTHETIC / SIMULATED — NOT REAL STUDENT DATA
S00014,Q0309C,Operating Systems,I/O Management,Hard,0,150.74,11,2025-01-12T04:07:52.947799,S00014_SESSION_002,True,SYNTHETIC / SIMULATED — NOT REAL STUDENT DATA
S00014,Q0108A,DSA,Hashing,Easy,0,53.11,12,2025-01-13T11:30:37.627643,S00014_SESSION_002,True,SYNTHETIC / SIMULATED — NOT REAL STUDENT DATA
S00014,Q0107B,DSA,Graphs,Medium,1,33.66,13,2025-01-13T20:12:48.647893,S00014_SESSION_002,True,SYNTHETIC / SIMULATED — NOT REAL STUDENT DATA
S00014,Q0501B,Software Engineering,SDLC,Medium,1,78.91,14,2025-01-15T06:34:39.614013,S00014_SESSION_002,True,SYNTHETIC / SIMULATED — NOT REAL STUDENT DATA
S00014,Q0509C,Software Engineering,Project Management,Hard,1,110.8,15,2025-01-15T10:47:47.388550,S00014_SESSION_002,True,SYNTHETIC / SIMULATED — NOT REAL STUDENT DATA
S00014,Q0102B,DSA,Strings,Medium,1,62.11,16,2025-01-16T06:20:32.267661,S00014_SESSION_002,True,SYNTHETIC / SIMULATED — NOT REAL STUDENT DATA
S00014,Q0306B,Operating Systems,Synchronization,Medium,1,67.03,17,2025-01-16T22:20:46.276731,S00014_SESSION_002,True,SYNTHETIC / SIMULATED — NOT REAL STUDENT DATA
S00014,Q0510B,Software Engineering,Design Patterns,Medium,0,100.04,18,2025-01-18T10:12:19.490384,S00014_SESSION_002,True,SYNTHETIC / SIMULATED — NOT REAL STUDENT DATA
S00014,Q0309A,Operating Systems,I/O Management,Easy,1,33.07,19,2025-01-19T22:12:09.761725,S00014_SESSION_002,True,SYNTHETIC / SIMULATED — NOT REAL STUDENT DATA
S00014,Q0109C,DSA,Heap,Hard,1,171.5,20,2025-01-20T08:14:54.190287,S00014_SESSION_002,True,SYNTHETIC / SIMULATED — NOT REAL STUDENT DATA
S00014,Q0405B,Computer Networks,DNS,Medium,0,119.81,21,2025-01-20T15:16:08.699770,S00014_SESSION_003,True,SYNTHETIC / SIMULATED — NOT REAL STUDENT DATA
S00014,Q0405S,Computer Networks,DNS,Easy,0,36.59,22,2025-01-21T12:51:36.139840,S00014_SESSION_003,True,SYNTHETIC / SIMULATED — NOT REAL STUDENT DATA
S00014,Q0207S,DBMS,Indexing,Medium,1,104.59,23,2025-01-22T00:07:40.881748,S00014_SESSION_003,True,SYNTHETIC / SIMULATED — NOT REAL STUDENT DATA
S00014,Q0205B,DBMS,Joins,Medium,0,104.61,24,2025-01-22T10:51:42.246126,S00014_SESSION_003,True,SYNTHETIC / SIMULATED — NOT REAL STUDENT DATA
S00014,Q0208B,DBMS,ER Model,Medium,0,72.63,25,2025-01-22T20:22:03.021560,S00014_SESSION_003,True,SYNTHETIC / SIMULATED — NOT REAL STUDENT DATA
S00014,Q0501A,Software Engineering,SDLC,Easy,1,46.1,26,2025-01-24T02:49:24.399806,S00014_SESSION_003,True,SYNTHETIC / SIMULATED — NOT REAL STUDENT DATA
S00014,Q0204A,DBMS,Normalization,Easy,0,92.33,27,2025-01-24T20:50:48.634728,S00014_SESSION_003,True,SYNTHETIC / SIMULATED — NOT REAL STUDENT DATA
S00014,Q0402B,Computer Networks,TCP/IP,Medium,0,78.8,28,2025-01-25T17:02:01.751126,S00014_SESSION_003,True,SYNTHETIC / SIMULATED — NOT REAL STUDENT DATA
S00014,Q0504A,Software Engineering,SRS,Easy,1,30.89,29,2025-01-27T00:56:30.900669,S00014_SESSION_003,True,SYNTHETIC / SIMULATED — NOT REAL STUDENT DATA
S00014,Q0206A,DBMS,Transactions,Easy,1,56.83,30,2025-01-27T17:14:53.747097,S00014_SESSION_003,True,SYNTHETIC / SIMULATED — NOT REAL STUDENT DATA
S00014,Q0403B,Computer Networks,TCP,Medium,0,61.16,31,2025-01-28T08:09:50.188651,S00014_SESSION_004,True,SYNTHETIC / SIMULATED — NOT REAL STUDENT DATA
S00014,Q0303A,Operating Systems,Deadlocks,Easy,1,18.37,32,2025-01-29T19:31:57.641180,S00014_SESSION_004,True,SYNTHETIC / SIMULATED — NOT REAL STUDENT DATA
S00014,Q0208S,DBMS,ER Model,Easy,0,49.86,33,2025-01-30T08:02:52.128292,S00014_SESSION_004,True,SYNTHETIC / SIMULATED — NOT REAL STUDENT DATA
S00014,Q0506C,Software Engineering,UML,Hard,0,73.98,34,2025-01-30T17:34:25.729650,S00014_SESSION_004,True,SYNTHETIC / SIMULATED — NOT REAL STUDENT DATA
S00014,Q0504B,Software Engineering,SRS,Medium,0,61.85,35,2025-02-01T03:41:00.811239,S00014_SESSION_004,True,SYNTHETIC / SIMULATED — NOT REAL STUDENT DATA
S00014,Q0104B,DSA,Stack & Queue,Medium,1,31.41,36,2025-02-01T14:08:10.056904,S00014_SESSION_004,True,SYNTHETIC / SIMULATED — NOT REAL STUDENT DATA
S00014,Q0404C,Computer Networks,UDP,Hard,1,136.81,37,2025-02-02T10:34:15.615083,S00014_SESSION_004,True,SYNTHETIC / SIMULATED — NOT REAL STUDENT DATA
S00014,Q0501C,Software Engineering,SDLC,Hard,1,116.02,38,2025-02-03T21:28:23.156108,S00014_SESSION_004,True,SYNTHETIC / SIMULATED — NOT REAL STUDENT DATA
S00014,Q0110C,DSA,Dynamic Programming,Hard,1,131.76,39,2025-02-04T06:12:02.082832,S00014_SESSION_004,True,SYNTHETIC / SIMULATED — NOT REAL STUDENT DATA
S00014,Q0406C,Computer Networks,HTTP,Hard,0,87.94,40,2025-02-05T09:00:25.665585,S00014_SESSION_004,True,SYNTHETIC / SIMULATED — NOT REAL STUDENT DATA
S00014,Q0301B,Operating Systems,Processes,Medium,1,61.36,41,2025-02-06T18:53:32.190903,S00014_SESSION_005,True,SYNTHETIC / SIMULATED — NOT REAL STUDENT DATA
S00014,Q0406S,Computer Networks,HTTP,Easy,1,58.18,42,2025-02-07T23:52:04.359708,S00014_SESSION_005,True,SYNTHETIC / SIMULATED — NOT REAL STUDENT DATA
S00014,Q0509B,Software Engineering,Project Management,Medium,0,79.83,43,2025-02-08T07:24:57.680822,S00014_SESSION_005,True,SYNTHETIC / SIMULATED — NOT REAL STUDENT DATA
S00014,Q0503B,Software Engineering,Waterfall,Medium,1,62.85,44,2025-02-08T14:04:06.215553,S00014_SESSION_005,True,SYNTHETIC / SIMULATED — NOT REAL STUDENT DATA
S00014,Q0508B,Software Engineering,Software Quality,Medium,0,55.69,45,2025-02-10T00:35:40.254849,S00014_SESSION_005,True,SYNTHETIC / SIMULATED — NOT REAL STUDENT DATA
S00014,Q0206A,DBMS,Transactions,Easy,1,22.14,46,2025-02-11T04:41:53.364257,S00014_SESSION_005,True,SYNTHETIC / SIMULATED — NOT REAL STUDENT DATA
S00014,Q0206C,DBMS,Transactions,Hard,0,173.2,47,2025-02-12T04:44:28.463331,S00014_SESSION_005,True,SYNTHETIC / SIMULATED — NOT REAL STUDENT DATA
S00014,Q0109C,DSA,Heap,Hard,1,58.83,48,2025-02-13T07:06:28.405327,S00014_SESSION_005,True,SYNTHETIC / SIMULATED — NOT REAL STUDENT DATA
S00014,Q0405S,Computer Networks,DNS,Easy,0,68.24,49,2025-02-14T20:57:32.471231,S00014_SESSION_005,True,SYNTHETIC / SIMULATED — NOT REAL STUDENT DATA
S00014,Q0508C,Software Engineering,Software Quality,Hard,0,90.85,50,2025-02-15T01:18:09.599548,S00014_SESSION_005,True,SYNTHETIC / SIMULATED — NOT REAL STUDENT DATA
S00014,Q0509A,Software Engineering,Project Management,Easy,1,37.3,51,2025-02-16T06:13:12.550407,S00014_SESSION_006,True,SYNTHETIC / SIMULATED — NOT REAL STUDENT DATA
S00014,Q0203S,DBMS,SQL,Easy,1,55.34,52,2025-02-16T22:25:05.284963,S00014_SESSION_006,True,SYNTHETIC / SIMULATED — NOT REAL STUDENT DATA
S00014,Q0108B,DSA,Hashing,Medium,0,76.72,53,2025-02-17T18:36:40.896462,S00014_SESSION_006,True,SYNTHETIC / SIMULATED — NOT REAL STUDENT DATA
S00014,Q0207C,DBMS,Indexing,Hard,0,167.75,54,2025-02-18T04:14:33.936318,S00014_SESSION_006,True,SYNTHETIC / SIMULATED — NOT REAL STUDENT DATA
S00014,Q0302B,Operating Systems,CPU Scheduling,Medium,1,83.85,55,2025-02-19T07:04:10.418613,S00014_SESSION_006,True,SYNTHETIC / SIMULATED — NOT REAL STUDENT DATA
S00014,Q0506A,Software Engineering,UML,Easy,1,25.75,56,2025-02-19T17:47:06.460590,S00014_SESSION_006,True,SYNTHETIC / SIMULATED — NOT REAL STUDENT DATA
S00014,Q0402C,Computer Networks,TCP/IP,Hard,1,141.75,57,2025-02-20T09:07:42.681139,S00014_SESSION_006,True,SYNTHETIC / SIMULATED — NOT REAL STUDENT DATA
S00014,Q0407B,Computer Networks,DHCP,Medium,0,73.57,58,2025-02-20T22:55:33.389975,S00014_SESSION_006,True,SYNTHETIC / SIMULATED — NOT REAL STUDENT DATA
S00014,Q0209B,DBMS,Relational Algebra,Medium,0,81.52,59,2025-02-22T06:45:45.800204,S00014_SESSION_006,True,SYNTHETIC / SIMULATED — NOT REAL STUDENT DATA
S00014,Q0107B,DSA,Graphs,Medium,1,47.07,60,2025-02-23T11:19:11.481541,S00014_SESSION_006,True,SYNTHETIC / SIMULATED — NOT REAL STUDENT DATA
S00015,Q0209A,DBMS,Relational Algebra,Easy,1,38.15,1,2025-01-02T13:12:10.319365,S00015_SESSION_001,True,SYNTHETIC / SIMULATED — NOT REAL STUDENT DATA
S00015,Q0302B,Operating Systems,CPU Scheduling,Medium,1,79.93,2,2025-01-03T00:20:19.027058,S00015_SESSION_001,True,SYNTHETIC / SIMULATED — NOT REAL STUDENT DATA
S00015,Q0305A,Operating Systems,Paging,Easy,1,38.56,3,2025-01-03T14:30:21.930895,S00015_SESSION_001,True,SYNTHETIC / SIMULATED — NOT REAL STUDENT DATA
S00015,Q0502B,Software Engineering,Agile,Medium,1,56.32,4,2025-01-04T11:53:52.880487,S00015_SESSION_001,True,SYNTHETIC / SIMULATED — NOT REAL STUDENT DATA
S00015,Q0109C,DSA,Heap,Hard,0,137.86,5,2025-01-05T15:07:17.275539,S00015_SESSION_001,True,SYNTHETIC / SIMULATED — NOT REAL STUDENT DATA
S00015,Q0205A,DBMS,Joins,Easy,1,44.6,6,2025-01-07T00:58:29.151541,S00015_SESSION_001,True,SYNTHETIC / SIMULATED — NOT REAL STUDENT DATA
S00015,Q0201C,DBMS,DBMS Basics,Hard,0,151.66,7,2025-01-07T07:05:30.479281,S00015_SESSION_001,True,SYNTHETIC / SIMULATED — NOT REAL STUDENT DATA
S00015,Q0409B,Computer Networks,Routing,Medium,1,38.07,8,2025-01-07T23:11:47.198081,S00015_SESSION_001,True,SYNTHETIC / SIMULATED — NOT REAL STUDENT DATA
S00015,Q0210A,DBMS,Concurrency Control,Easy,0,62.99,9,2025-01-08T15:25:38.347951,S00015_SESSION_001,True,SYNTHETIC / SIMULATED — NOT REAL STUDENT DATA
S00015,Q0306A,Operating Systems,Synchronization,Easy,1,29.85,10,2025-01-09T23:22:44.895284,S00015_SESSION_001,True,SYNTHETIC / SIMULATED — NOT REAL STUDENT DATA
S00015,Q0207A,DBMS,Indexing,Easy,1,56.6,11,2025-01-10T08:50:09.604643,S00015_SESSION_002,True,SYNTHETIC / SIMULATED — NOT REAL STUDENT DATA
S00015,Q0306A,Operating Systems,Synchronization,Easy,0,44.24,12,2025-01-11T04:47:37.523074,S00015_SESSION_002,True,SYNTHETIC / SIMULATED — NOT REAL STUDENT DATA
S00015,Q0308C,Operating Systems,Threads,Hard,0,119.54,13,2025-01-11T10:22:37.161487,S00015_SESSION_002,True,SYNTHETIC / SIMULATED — NOT REAL STUDENT DATA
S00015,Q0210B,DBMS,Concurrency Control,Medium,1,70.75,14,2025-01-12T03:32:06.555334,S00015_SESSION_002,True,SYNTHETIC / SIMULATED — NOT REAL STUDENT DATA
S00015,Q0109C,DSA,Heap,Hard,1,91.44,15,2025-01-12T22:44:38.763053,S00015_SESSION_002,True,SYNTHETIC / SIMULATED — NOT REAL STUDENT DATA
S00015,Q0310C,Operating Systems,Security,Hard,1,102.5,16,2025-01-13T04:03:04.052939,S00015_SESSION_002,True,SYNTHETIC / SIMULATED — NOT REAL STUDENT DATA
S00015,Q0207A,DBMS,Indexing,Easy,1,31.25,17,2025-01-14T11:28:25.702113,S00015_SESSION_002,True,SYNTHETIC / SIMULATED — NOT REAL STUDENT DATA
S00015,Q0410B,Computer Networks,Network Security,Medium,1,37.15,18,2025-01-15T22:29:24.289011,S00015_SESSION_002,True,SYNTHETIC / SIMULATED — NOT REAL STUDENT DATA
S00015,Q0210B,DBMS,Concurrency Control,Medium,0,81.46,19,2025-01-17T00:55:02.348568,S00015_SESSION_002,True,SYNTHETIC / SIMULATED — NOT REAL STUDENT DATA
S00015,Q0405B,Computer Networks,DNS,Medium,1,23.76,20,2025-01-18T12:11:06.773913,S00015_SESSION_002,True,SYNTHETIC / SIMULATED — NOT REAL STUDENT DATA
S00015,Q0102B,DSA,Strings,Medium,1,69.56,21,2025-01-19T15:11:50.732902,S00015_SESSION_003,True,SYNTHETIC / SIMULATED — NOT REAL STUDENT DATA
S00015,Q0208A,DBMS,ER Model,Easy,1,19.54,22,2025-01-19T21:16:57.373982,S00015_SESSION_003,True,SYNTHETIC / SIMULATED — NOT REAL STUDENT DATA
S00015,Q0306B,Operating Systems,Synchronization,Medium,1,57.91,23,2025-01-20T01:10:19.930337,S00015_SESSION_003,True,SYNTHETIC / SIMULATED — NOT REAL STUDENT DATA
S00015,Q0101C,DSA,Arrays,Hard,0,127.79,24,2025-01-20T15:49:59.546853,S00015_SESSION_003,True,SYNTHETIC / SIMULATED — NOT REAL STUDENT DATA
S00015,Q0402C,Computer Networks,TCP/IP,Hard,1,87.5,25,2025-01-21T01:05:22.477665,S00015_SESSION_003,True,SYNTHETIC / SIMULATED — NOT REAL STUDENT DATA
S00015,Q0403A,Computer Networks,TCP,Easy,1,17.42,26,2025-01-22T12:14:29.033914,S00015_SESSION_003,True,SYNTHETIC / SIMULATED — NOT REAL STUDENT DATA
S00015,Q0503A,Software Engineering,Waterfall,Easy,1,25.81,27,2025-01-23T19:38:06.031777,S00015_SESSION_003,True,SYNTHETIC / SIMULATED — NOT REAL STUDENT DATA
S00015,Q0208S,DBMS,ER Model,Easy,0,46.34,28,2025-01-25T03:03:04.871057,S00015_SESSION_003,True,SYNTHETIC / SIMULATED — NOT REAL STUDENT DATA
S00015,Q0208A,DBMS,ER Model,Easy,1,38.17,29,2025-01-25T12:43:15.568469,S00015_SESSION_003,True,SYNTHETIC / SIMULATED — NOT REAL STUDENT DATA
S00015,Q0305A,Operating Systems,Paging,Easy,1,56.62,30,2025-01-25T23:04:21.404899,S00015_SESSION_003,True,SYNTHETIC / SIMULATED — NOT REAL STUDENT DATA
S00015,Q0210C,DBMS,Concurrency Control,Hard,0,83.4,31,2025-01-26T02:13:57.876544,S00015_SESSION_004,True,SYNTHETIC / SIMULATED — NOT REAL STUDENT DATA
S00015,Q0106A,DSA,Trees,Easy,1,25.65,32,2025-01-26T19:49:42.253625,S00015_SESSION_004,True,SYNTHETIC / SIMULATED — NOT REAL STUDENT DATA
S00015,Q0509C,Software Engineering,Project Management,Hard,1,83.92,33,2025-01-27T15:58:05.715562,S00015_SESSION_004,True,SYNTHETIC / SIMULATED — NOT REAL STUDENT DATA
S00015,Q0410B,Computer Networks,Network Security,Medium,1,36.93,34,2025-01-28T17:17:55.978821,S00015_SESSION_004,True,SYNTHETIC / SIMULATED — NOT REAL STUDENT DATA
S00015,Q0502S,Software Engineering,Agile,Easy,1,18.08,35,2025-01-29T00:17:37.002581,S00015_SESSION_004,True,SYNTHETIC / SIMULATED — NOT REAL STUDENT DATA
S00015,Q0501B,Software Engineering,SDLC,Medium,0,96.37,36,2025-01-29T19:27:14.540925,S00015_SESSION_004,True,SYNTHETIC / SIMULATED — NOT REAL STUDENT DATA
S00015,Q0110A,DSA,Dynamic Programming,Easy,0,46.09,37,2025-01-30T03:04:32.009217,S00015_SESSION_004,True,SYNTHETIC / SIMULATED — NOT REAL STUDENT DATA
S00015,Q0206B,DBMS,Transactions,Medium,1,78.08,38,2025-01-30T20:39:19.348768,S00015_SESSION_004,True,SYNTHETIC / SIMULATED — NOT REAL STUDENT DATA
S00015,Q0403A,Computer Networks,TCP,Easy,1,31.57,39,2025-02-01T02:32:11.189021,S00015_SESSION_004,True,SYNTHETIC / SIMULATED — NOT REAL STUDENT DATA
S00015,Q0306S,Operating Systems,Synchronization,Hard,0,178.83,40,2025-02-01T06:06:15.290122,S00015_SESSION_004,True,SYNTHETIC / SIMULATED — NOT REAL STUDENT DATA
S00015,Q0201A,DBMS,DBMS Basics,Easy,1,30.26,41,2025-02-02T16:55:44.538248,S00015_SESSION_005,True,SYNTHETIC / SIMULATED — NOT REAL STUDENT DATA
S00015,Q0205C,DBMS,Joins,Hard,1,123.1,42,2025-02-04T05:08:37.096240,S00015_SESSION_005,True,SYNTHETIC / SIMULATED — NOT REAL STUDENT DATA
S00015,Q0201A,DBMS,DBMS Basics,Easy,1,31.21,43,2025-02-05T05:42:17.056749,S00015_SESSION_005,True,SYNTHETIC / SIMULATED — NOT REAL STUDENT DATA
S00015,Q0510B,Software Engineering,Design Patterns,Medium,1,27.68,44,2025-02-06T02:28:06.607381,S00015_SESSION_005,True,SYNTHETIC / SIMULATED — NOT REAL STUDENT DATA
S00015,Q0201B,DBMS,DBMS Basics,Medium,0,86.06,45,2025-02-07T08:30:12.232004,S00015_SESSION_005,True,SYNTHETIC / SIMULATED — NOT REAL STUDENT DATA
S00015,Q0308C,Operating Systems,Threads,Hard,0,61.99,46,2025-02-08T02:33:52.364863,S00015_SESSION_005,True,SYNTHETIC / SIMULATED — NOT REAL STUDENT DATA
S00015,Q0305C,Operating Systems,Paging,Hard,0,167.8,47,2025-02-09T08:04:47.538470,S00015_SESSION_005,True,SYNTHETIC / SIMULATED — NOT REAL STUDENT DATA
S00015,Q0103B,DSA,Linked Lists,Medium,1,90.68,48,2025-02-09T20:47:09.432194,S00015_SESSION_005,True,SYNTHETIC / SIMULATED — NOT REAL STUDENT DATA
S00015,Q0203A,DBMS,SQL,Easy,1,41.45,49,2025-02-11T05:19:23.120278,S00015_SESSION_005,True,SYNTHETIC / SIMULATED — NOT REAL STUDENT DATA
S00015,Q0309A,Operating Systems,I/O Management,Easy,0,87.32,50,2025-02-12T04:27:57.373748,S00015_SESSION_005,True,SYNTHETIC / SIMULATED — NOT REAL STUDENT DATA
S00015,Q0206S,DBMS,Transactions,Medium,1,57.56,51,2025-02-12T09:17:01.753466,S00015_SESSION_006,True,SYNTHETIC / SIMULATED — NOT REAL STUDENT DATA
S00015,Q0501C,Software Engineering,SDLC,Hard,0,82.17,52,2025-02-13T04:38:30.146743,S00015_SESSION_006,True,SYNTHETIC / SIMULATED — NOT REAL STUDENT DATA
S00015,Q0310B,Operating Systems,Security,Medium,1,65.89,53,2025-02-14T15:45:05.204730,S00015_SESSION_006,True,SYNTHETIC / SIMULATED — NOT REAL STUDENT DATA
S00015,Q0308A,Operating Systems,Threads,Easy,1,36.3,54,2025-02-14T20:03:12.000424,S00015_SESSION_006,True,SYNTHETIC / SIMULATED — NOT REAL STUDENT DATA
S00015,Q0201C,DBMS,DBMS Basics,Hard,0,117.13,55,2025-02-16T04:37:06.073480,S00015_SESSION_006,True,SYNTHETIC / SIMULATED — NOT REAL STUDENT DATA
S00015,Q0202B,DBMS,Keys,Medium,1,68.57,56,2025-02-17T10:40:37.567922,S00015_SESSION_006,True,SYNTHETIC / SIMULATED — NOT REAL STUDENT DATA
S00015,Q0202S,DBMS,Keys,Easy,1,45.63,57,2025-02-17T19:36:13.246418,S00015_SESSION_006,True,SYNTHETIC / SIMULATED — NOT REAL STUDENT DATA
S00015,Q0306B,Operating Systems,Synchronization,Medium,0,63.63,58,2025-02-18T05:43:29.810928,S00015_SESSION_006,True,SYNTHETIC / SIMULATED — NOT REAL STUDENT DATA
S00015,Q0305C,Operating Systems,Paging,Hard,1,124.89,59,2025-02-18T08:49:39.008730,S00015_SESSION_006,True,SYNTHETIC / SIMULATED — NOT REAL STUDENT DATA
S00015,Q0303A,Operating Systems,Deadlocks,Easy,1,30.22,60,2025-02-19T01:48:51.399643,S00015_SESSION_006,True,SYNTHETIC / SIMULATED — NOT REAL STUDENT DATA
S00016,Q0408S,Computer Networks,IP Addressing,Medium,0,115.88,1,2025-01-03T01:37:26.821801,S00016_SESSION_001,True,SYNTHETIC / SIMULATED — NOT REAL STUDENT DATA
S00016,Q0210B,DBMS,Concurrency Control,Medium,1,129.97,2,2025-01-04T00:19:32.085793,S00016_SESSION_001,True,SYNTHETIC / SIMULATED — NOT REAL STUDENT DATA
S00016,Q0301S,Operating Systems,Processes,Easy,1,50.01,3,2025-01-04T14:40:41.391821,S00016_SESSION_001,True,SYNTHETIC / SIMULATED — NOT REAL STUDENT DATA
S00016,Q0202B,DBMS,Keys,Medium,0,107.29,4,2025-01-06T03:32:39.406796,S00016_SESSION_001,True,SYNTHETIC / SIMULATED — NOT REAL STUDENT DATA
S00016,Q0410B,Computer Networks,Network Security,Medium,0,258.13,5,2025-01-07T10:14:26.518561,S00016_SESSION_001,True,SYNTHETIC / SIMULATED — NOT REAL STUDENT DATA
S00016,Q0106B,DSA,Trees,Medium,0,95.62,6,2025-01-08T16:08:23.572283,S00016_SESSION_001,True,SYNTHETIC / SIMULATED — NOT REAL STUDENT DATA
S00016,Q0309A,Operating Systems,I/O Management,Easy,1,36.28,7,2025-01-09T22:36:59.765716,S00016_SESSION_001,True,SYNTHETIC / SIMULATED — NOT REAL STUDENT DATA
S00016,Q0404C,Computer Networks,UDP,Hard,0,274.15,8,2025-01-11T01:06:55.619045,S00016_SESSION_001,True,SYNTHETIC / SIMULATED — NOT REAL STUDENT DATA
S00016,Q0403C,Computer Networks,TCP,Hard,0,216.35,9,2025-01-11T14:24:25.605956,S00016_SESSION_001,True,SYNTHETIC / SIMULATED — NOT REAL STUDENT DATA
S00016,Q0109A,DSA,Heap,Easy,1,74.45,10,2025-01-13T02:55:32.901499,S00016_SESSION_001,True,SYNTHETIC / SIMULATED — NOT REAL STUDENT DATA
S00016,Q0309S,Operating Systems,I/O Management,Medium,1,70.69,11,2025-01-13T20:11:45.075651,S00016_SESSION_002,True,SYNTHETIC / SIMULATED — NOT REAL STUDENT DATA
S00016,Q0304A,Operating Systems,Memory Management,Easy,1,75.78,12,2025-01-14T12:22:45.152526,S00016_SESSION_002,True,SYNTHETIC / SIMULATED — NOT REAL STUDENT DATA
S00016,Q0301A,Operating Systems,Processes,Easy,1,39.86,13,2025-01-15T03:23:46.686337,S00016_SESSION_002,True,SYNTHETIC / SIMULATED — NOT REAL STUDENT DATA
S00016,Q0505A,Software Engineering,Testing,Easy,0,66.52,14,2025-01-15T08:29:36.009082,S00016_SESSION_002,True,SYNTHETIC / SIMULATED — NOT REAL STUDENT DATA
S00016,Q0203C,DBMS,SQL,Hard,0,130.49,15,2025-01-15T12:39:03.368435,S00016_SESSION_002,True,SYNTHETIC / SIMULATED — NOT REAL STUDENT DATA
S00016,Q0106C,DSA,Trees,Hard,0,185.66,16,2025-01-16T22:54:03.014796,S00016_SESSION_002,True,SYNTHETIC / SIMULATED — NOT REAL STUDENT DATA
S00016,Q0508S,Software Engineering,Software Quality,Medium,0,109.06,17,2025-01-18T11:10:09.615857,S00016_SESSION_002,True,SYNTHETIC / SIMULATED — NOT REAL STUDENT DATA
S00016,Q0505A,Software Engineering,Testing,Easy,1,71.41,18,2025-01-18T17:25:50.521962,S00016_SESSION_002,True,SYNTHETIC / SIMULATED — NOT REAL STUDENT DATA
S00016,Q0408A,Computer Networks,IP Addressing,Easy,0,90.28,19,2025-01-18T20:49:25.999812,S00016_SESSION_002,True,SYNTHETIC / SIMULATED — NOT REAL STUDENT DATA
S00016,Q0206C,DBMS,Transactions,Hard,0,173.32,20,2025-01-20T10:00:25.570320,S00016_SESSION_002,True,SYNTHETIC / SIMULATED — NOT REAL STUDENT DATA
S00016,Q0104A,DSA,Stack & Queue,Easy,1,33.4,21,2025-01-21T13:59:27.516961,S00016_SESSION_003,True,SYNTHETIC / SIMULATED — NOT REAL STUDENT DATA
S00016,Q0410A,Computer Networks,Network Security,Easy,1,71.52,22,2025-01-22T00:07:06.828177,S00016_SESSION_003,True,SYNTHETIC / SIMULATED — NOT REAL STUDENT DATA
S00016,Q0307B,Operating Systems,File Systems,Medium,1,87.72,23,2025-01-22T21:16:38.681959,S00016_SESSION_003,True,SYNTHETIC / SIMULATED — NOT REAL STUDENT DATA
S00016,Q0106A,DSA,Trees,Easy,0,64.45,24,2025-01-24T08:55:42.507648,S00016_SESSION_003,True,SYNTHETIC / SIMULATED — NOT REAL STUDENT DATA
S00016,Q0508A,Software Engineering,Software Quality,Easy,0,91.35,25,2025-01-24T22:40:40.961069,S00016_SESSION_003,True,SYNTHETIC / SIMULATED — NOT REAL STUDENT DATA
S00016,Q0102B,DSA,Strings,Medium,0,110.65,26,2025-01-25T10:57:51.553032,S00016_SESSION_003,True,SYNTHETIC / SIMULATED — NOT REAL STUDENT DATA
S00016,Q0110B,DSA,Dynamic Programming,Medium,1,122.33,27,2025-01-26T14:13:51.042114,S00016_SESSION_003,True,SYNTHETIC / SIMULATED — NOT REAL STUDENT DATA
S00016,Q0507C,Software Engineering,Git/Version Control,Hard,1,105.71,28,2025-01-26T18:20:42.113164,S00016_SESSION_003,True,SYNTHETIC / SIMULATED — NOT REAL STUDENT DATA
S00016,Q0306A,Operating Systems,Synchronization,Easy,1,50.41,29,2025-01-27T11:07:25.250377,S00016_SESSION_003,True,SYNTHETIC / SIMULATED — NOT REAL STUDENT DATA
S00016,Q0203A,DBMS,SQL,Easy,0,54.62,30,2025-01-28T07:58:11.212683,S00016_SESSION_003,True,SYNTHETIC / SIMULATED — NOT REAL STUDENT DATA
S00016,Q0105B,DSA,Recursion,Medium,0,97.23,31,2025-01-29T13:53:43.989272,S00016_SESSION_004,True,SYNTHETIC / SIMULATED — NOT REAL STUDENT DATA
S00016,Q0101S,DSA,Arrays,Easy,1,41.05,32,2025-01-30T13:18:22.904288,S00016_SESSION_004,True,SYNTHETIC / SIMULATED — NOT REAL STUDENT DATA
S00016,Q0306A,Operating Systems,Synchronization,Easy,1,51.57,33,2025-01-30T23:40:20.974755,S00016_SESSION_004,True,SYNTHETIC / SIMULATED — NOT REAL STUDENT DATA
S00016,Q0408A,Computer Networks,IP Addressing,Easy,0,140.1,34,2025-01-31T16:49:21.209917,S00016_SESSION_004,True,SYNTHETIC / SIMULATED — NOT REAL STUDENT DATA
S00016,Q0106A,DSA,Trees,Easy,0,63.7,35,2025-02-01T21:32:20.595023,S00016_SESSION_004,True,SYNTHETIC / SIMULATED — NOT REAL STUDENT DATA
S00016,Q0210B,DBMS,Concurrency Control,Medium,0,114.21,36,2025-02-02T01:46:10.379575,S00016_SESSION_004,True,SYNTHETIC / SIMULATED — NOT REAL STUDENT DATA
S00016,Q0210A,DBMS,Concurrency Control,Easy,1,44.95,37,2025-02-02T07:52:27.521041,S00016_SESSION_004,True,SYNTHETIC / SIMULATED — NOT REAL STUDENT DATA
S00016,Q0505C,Software Engineering,Testing,Hard,0,256.72,38,2025-02-02T14:09:48.732015,S00016_SESSION_004,True,SYNTHETIC / SIMULATED — NOT REAL STUDENT DATA
S00016,Q0410A,Computer Networks,Network Security,Easy,1,58.6,39,2025-02-02T21:08:15.911260,S00016_SESSION_004,True,SYNTHETIC / SIMULATED — NOT REAL STUDENT DATA
S00016,Q0409S,Computer Networks,Routing,Hard,0,225.49,40,2025-02-03T20:55:48.582238,S00016_SESSION_004,True,SYNTHETIC / SIMULATED — NOT REAL STUDENT DATA
S00016,Q0508A,Software Engineering,Software Quality,Easy,0,62.99,41,2025-02-05T09:53:14.470445,S00016_SESSION_005,True,SYNTHETIC / SIMULATED — NOT REAL STUDENT DATA
S00016,Q0502B,Software Engineering,Agile,Medium,0,111.0,42,2025-02-06T13:12:22.953462,S00016_SESSION_005,True,SYNTHETIC / SIMULATED — NOT REAL STUDENT DATA
S00016,Q0409A,Computer Networks,Routing,Easy,0,93.94,43,2025-02-07T05:23:41.536488,S00016_SESSION_005,True,SYNTHETIC / SIMULATED — NOT REAL STUDENT DATA
S00016,Q0206A,DBMS,Transactions,Easy,1,40.22,44,2025-02-08T15:02:06.718585,S00016_SESSION_005,True,SYNTHETIC / SIMULATED — NOT REAL STUDENT DATA
S00016,Q0407A,Computer Networks,DHCP,Easy,0,75.32,45,2025-02-09T13:17:44.027113,S00016_SESSION_005,True,SYNTHETIC / SIMULATED — NOT REAL STUDENT DATA
S00016,Q0104B,DSA,Stack & Queue,Medium,1,83.73,46,2025-02-09T22:39:40.362611,S00016_SESSION_005,True,SYNTHETIC / SIMULATED — NOT REAL STUDENT DATA
S00016,Q0306C,Operating Systems,Synchronization,Hard,1,101.67,47,2025-02-10T11:30:56.852781,S00016_SESSION_005,True,SYNTHETIC / SIMULATED — NOT REAL STUDENT DATA
S00016,Q0106A,DSA,Trees,Easy,0,92.21,48,2025-02-11T18:15:36.284029,S00016_SESSION_005,True,SYNTHETIC / SIMULATED — NOT REAL STUDENT DATA
S00016,Q0201S,DBMS,DBMS Basics,Easy,1,46.12,49,2025-02-13T02:08:44.423191,S00016_SESSION_005,True,SYNTHETIC / SIMULATED — NOT REAL STUDENT DATA
S00016,Q0304A,Operating Systems,Memory Management,Easy,1,57.59,50,2025-02-13T06:03:15.384397,S00016_SESSION_005,True,SYNTHETIC / SIMULATED — NOT REAL STUDENT DATA
S00016,Q0109A,DSA,Heap,Easy,1,44.86,51,2025-02-14T06:44:43.333098,S00016_SESSION_006,True,SYNTHETIC / SIMULATED — NOT REAL STUDENT DATA
S00016,Q0107B,DSA,Graphs,Medium,0,109.69,52,2025-02-15T12:20:08.966838,S00016_SESSION_006,True,SYNTHETIC / SIMULATED — NOT REAL STUDENT DATA
S00016,Q0203A,DBMS,SQL,Easy,1,49.06,53,2025-02-16T15:13:51.686063,S00016_SESSION_006,True,SYNTHETIC / SIMULATED — NOT REAL STUDENT DATA
S00016,Q0409A,Computer Networks,Routing,Easy,0,90.51,54,2025-02-17T03:53:17.695099,S00016_SESSION_006,True,SYNTHETIC / SIMULATED — NOT REAL STUDENT DATA
S00016,Q0507S,Software Engineering,Git/Version Control,Easy,0,60.53,55,2025-02-18T13:33:29.958035,S00016_SESSION_006,True,SYNTHETIC / SIMULATED — NOT REAL STUDENT DATA
S00016,Q0404C,Computer Networks,UDP,Hard,0,271.86,56,2025-02-19T10:30:08.725738,S00016_SESSION_006,True,SYNTHETIC / SIMULATED — NOT REAL STUDENT DATA
S00016,Q0209B,DBMS,Relational Algebra,Medium,0,84.18,57,2025-02-20T07:41:24.281070,S00016_SESSION_006,True,SYNTHETIC / SIMULATED — NOT REAL STUDENT DATA
S00016,Q0402A,Computer Networks,TCP/IP,Easy,0,50.4,58,2025-02-21T01:56:08.654598,S00016_SESSION_006,True,SYNTHETIC / SIMULATED — NOT REAL STUDENT DATA
S00016,Q0107A,DSA,Graphs,Easy,1,45.28,59,2025-02-22T14:50:54.895258,S00016_SESSION_006,True,SYNTHETIC / SIMULATED — NOT REAL STUDENT DATA
S00016,Q0407C,Computer Networks,DHCP,Hard,0,240.44,60,2025-02-23T20:06:32.261087,S00016_SESSION_006,True,SYNTHETIC / SIMULATED — NOT REAL STUDENT DATA
S00017,Q0501S,Software Engineering,SDLC,Easy,1,78.82,1,2025-01-03T00:36:23.590119,S00017_SESSION_001,True,SYNTHETIC / SIMULATED — NOT REAL STUDENT DATA
S00017,Q0405C,Computer Networks,DNS,Hard,0,163.34,2,2025-01-03T12:35:38.401811,S00017_SESSION_001,True,SYNTHETIC / SIMULATED — NOT REAL STUDENT DATA
S00017,Q0403A,Computer Networks,TCP,Easy,1,94.87,3,2025-01-04T00:28:46.255052,S00017_SESSION_001,True,SYNTHETIC / SIMULATED — NOT REAL STUDENT DATA
S00017,Q0403A,Computer Networks,TCP,Easy,1,53.53,4,2025-01-05T03:17:35.005420,S00017_SESSION_001,True,SYNTHETIC / SIMULATED — NOT REAL STUDENT DATA
S00017,Q0401A,Computer Networks,OSI,Easy,0,111.61,5,2025-01-05T11:15:35.520560,S00017_SESSION_001,True,SYNTHETIC / SIMULATED — NOT REAL STUDENT DATA
S00017,Q0406B,Computer Networks,HTTP,Medium,0,73.98,6,2025-01-06T20:54:22.237470,S00017_SESSION_001,True,SYNTHETIC / SIMULATED — NOT REAL STUDENT DATA
S00017,Q0503A,Software Engineering,Waterfall,Easy,0,83.35,7,2025-01-07T14:25:51.096340,S00017_SESSION_001,True,SYNTHETIC / SIMULATED — NOT REAL STUDENT DATA
S00017,Q0310A,Operating Systems,Security,Easy,1,47.33,8,2025-01-08T11:04:09.679327,S00017_SESSION_001,True,SYNTHETIC / SIMULATED — NOT REAL STUDENT DATA
S00017,Q0506A,Software Engineering,UML,Easy,1,75.74,9,2025-01-09T11:18:01.032831,S00017_SESSION_001,True,SYNTHETIC / SIMULATED — NOT REAL STUDENT DATA
S00017,Q0510B,Software Engineering,Design Patterns,Medium,1,120.49,10,2025-01-10T01:48:32.064573,S00017_SESSION_001,True,SYNTHETIC / SIMULATED — NOT REAL STUDENT DATA
S00017,Q0404C,Computer Networks,UDP,Hard,0,179.23,11,2025-01-11T04:39:55.040931,S00017_SESSION_002,True,SYNTHETIC / SIMULATED — NOT REAL STUDENT DATA
S00017,Q0508A,Software Engineering,Software Quality,Easy,1,43.8,12,2025-01-12T03:57:20.199839,S00017_SESSION_002,True,SYNTHETIC / SIMULATED — NOT REAL STUDENT DATA
S00017,Q0307S,Operating Systems,File Systems,Easy,0,44.39,13,2025-01-13T05:24:38.570612,S00017_SESSION_002,True,SYNTHETIC / SIMULATED — NOT REAL STUDENT DATA
S00017,Q0402S,Computer Networks,TCP/IP,Medium,0,109.61,14,2025-01-13T18:02:59.451695,S00017_SESSION_002,True,SYNTHETIC / SIMULATED — NOT REAL STUDENT DATA
S00017,Q0401C,Computer Networks,OSI,Hard,0,224.68,15,2025-01-14T02:53:50.094177,S00017_SESSION_002,True,SYNTHETIC / SIMULATED — NOT REAL STUDENT DATA
S00017,Q0402A,Computer Networks,TCP/IP,Easy,1,52.54,16,2025-01-15T04:10:08.921033,S00017_SESSION_002,True,SYNTHETIC / SIMULATED — NOT REAL STUDENT DATA
S00017,Q0401A,Computer Networks,OSI,Easy,1,79.19,17,2025-01-16T01:43:41.934447,S00017_SESSION_002,True,SYNTHETIC / SIMULATED — NOT REAL STUDENT DATA
S00017,Q0308C,Operating Systems,Threads,Hard,0,150.85,18,2025-01-17T11:31:12.877032,S00017_SESSION_002,True,SYNTHETIC / SIMULATED — NOT REAL STUDENT DATA
S00017,Q0509B,Software Engineering,Project Management,Medium,0,192.71,19,2025-01-18T14:09:12.099704,S00017_SESSION_002,True,SYNTHETIC / SIMULATED — NOT REAL STUDENT DATA
S00017,Q0409A,Computer Networks,Routing,Easy,0,72.82,20,2025-01-19T21:31:22.917894,S00017_SESSION_002,True,SYNTHETIC / SIMULATED — NOT REAL STUDENT DATA
S00017,Q0506A,Software Engineering,UML,Easy,0,79.28,21,2025-01-20T09:15:00.544386,S00017_SESSION_003,True,SYNTHETIC / SIMULATED — NOT REAL STUDENT DATA
S00017,Q0201C,DBMS,DBMS Basics,Hard,0,234.26,22,2025-01-20T22:22:08.715061,S00017_SESSION_003,True,SYNTHETIC / SIMULATED — NOT REAL STUDENT DATA
S00017,Q0110B,DSA,Dynamic Programming,Medium,1,119.94,23,2025-01-21T17:12:23.379993,S00017_SESSION_003,True,SYNTHETIC / SIMULATED — NOT REAL STUDENT DATA
S00017,Q0410B,Computer Networks,Network Security,Medium,0,99.22,24,2025-01-22T21:04:44.383759,S00017_SESSION_003,True,SYNTHETIC / SIMULATED — NOT REAL STUDENT DATA
S00017,Q0404S,Computer Networks,UDP,Easy,0,72.5,25,2025-01-23T07:28:24.354129,S00017_SESSION_003,True,SYNTHETIC / SIMULATED — NOT REAL STUDENT DATA
S00017,Q0108S,DSA,Hashing,Medium,0,85.57,26,2025-01-24T11:07:44.324444,S00017_SESSION_003,True,SYNTHETIC / SIMULATED — NOT REAL STUDENT DATA
S00017,Q0506C,Software Engineering,UML,Hard,0,200.15,27,2025-01-25T22:03:08.960466,S00017_SESSION_003,True,SYNTHETIC / SIMULATED — NOT REAL STUDENT DATA
S00017,Q0408C,Computer Networks,IP Addressing,Hard,0,128.89,28,2025-01-26T04:41:22.375847,S00017_SESSION_003,True,SYNTHETIC / SIMULATED — NOT REAL STUDENT DATA
S00017,Q0509C,Software Engineering,Project Management,Hard,0,187.5,29,2025-01-27T01:12:36.305383,S00017_SESSION_003,True,SYNTHETIC / SIMULATED — NOT REAL STUDENT DATA
S00017,Q0109C,DSA,Heap,Hard,0,224.78,30,2025-01-27T17:47:31.938685,S00017_SESSION_003,True,SYNTHETIC / SIMULATED — NOT REAL STUDENT DATA
S00017,Q0402A,Computer Networks,TCP/IP,Easy,0,76.85,31,2025-01-28T11:12:20.256891,S00017_SESSION_004,True,SYNTHETIC / SIMULATED — NOT REAL STUDENT DATA
S00017,Q0510B,Software Engineering,Design Patterns,Medium,1,86.53,32,2025-01-29T07:30:52.668073,S00017_SESSION_004,True,SYNTHETIC / SIMULATED — NOT REAL STUDENT DATA
S00017,Q0203S,DBMS,SQL,Easy,1,51.21,33,2025-01-29T14:48:09.010851,S00017_SESSION_004,True,SYNTHETIC / SIMULATED — NOT REAL STUDENT DATA
S00017,Q0306A,Operating Systems,Synchronization,Easy,0,70.81,34,2025-01-30T03:39:23.246002,S00017_SESSION_004,True,SYNTHETIC / SIMULATED — NOT REAL STUDENT DATA
S00017,Q0408A,Computer Networks,IP Addressing,Easy,0,76.07,35,2025-01-30T09:23:28.996132,S00017_SESSION_004,True,SYNTHETIC / SIMULATED — NOT REAL STUDENT DATA
S00017,Q0301B,Operating Systems,Processes,Medium,0,177.87,36,2025-01-30T15:38:08.632765,S00017_SESSION_004,True,SYNTHETIC / SIMULATED — NOT REAL STUDENT DATA
S00017,Q0302A,Operating Systems,CPU Scheduling,Easy,1,77.9,37,2025-01-31T03:53:56.999127,S00017_SESSION_004,True,SYNTHETIC / SIMULATED — NOT REAL STUDENT DATA
S00017,Q0301A,Operating Systems,Processes,Easy,0,48.86,38,2025-01-31T21:39:56.643030,S00017_SESSION_004,True,SYNTHETIC / SIMULATED — NOT REAL STUDENT DATA
S00017,Q0310B,Operating Systems,Security,Medium,1,69.1,39,2025-02-02T08:49:07.403173,S00017_SESSION_004,True,SYNTHETIC / SIMULATED — NOT REAL STUDENT DATA
S00017,Q0106B,DSA,Trees,Medium,0,75.42,40,2025-02-03T05:14:53.036277,S00017_SESSION_004,True,SYNTHETIC / SIMULATED — NOT REAL STUDENT DATA
S00017,Q0302A,Operating Systems,CPU Scheduling,Easy,1,40.33,41,2025-02-04T07:17:08.448544,S00017_SESSION_005,True,SYNTHETIC / SIMULATED — NOT REAL STUDENT DATA
S00017,Q0302C,Operating Systems,CPU Scheduling,Hard,0,266.57,42,2025-02-05T19:44:12.037607,S00017_SESSION_005,True,SYNTHETIC / SIMULATED — NOT REAL STUDENT DATA
S00017,Q0504C,Software Engineering,SRS,Hard,0,116.22,43,2025-02-06T07:47:36.783299,S00017_SESSION_005,True,SYNTHETIC / SIMULATED — NOT REAL STUDENT DATA
S00017,Q0205C,DBMS,Joins,Hard,0,265.97,44,2025-02-07T02:49:10.828442,S00017_SESSION_005,True,SYNTHETIC / SIMULATED — NOT REAL STUDENT DATA
S00017,Q0110C,DSA,Dynamic Programming,Hard,0,186.78,45,2025-02-07T12:59:44.041973,S00017_SESSION_005,True,SYNTHETIC / SIMULATED — NOT REAL STUDENT DATA
S00017,Q0101B,DSA,Arrays,Medium,1,98.74,46,2025-02-07T22:24:08.527309,S00017_SESSION_005,True,SYNTHETIC / SIMULATED — NOT REAL STUDENT DATA
S00017,Q0304A,Operating Systems,Memory Management,Easy,1,67.98,47,2025-02-08T03:11:07.784602,S00017_SESSION_005,True,SYNTHETIC / SIMULATED — NOT REAL STUDENT DATA
S00017,Q0302C,Operating Systems,CPU Scheduling,Hard,0,169.27,48,2025-02-08T12:30:16.153292,S00017_SESSION_005,True,SYNTHETIC / SIMULATED — NOT REAL STUDENT DATA
S00017,Q0301A,Operating Systems,Processes,Easy,1,45.25,49,2025-02-09T14:21:06.222747,S00017_SESSION_005,True,SYNTHETIC / SIMULATED — NOT REAL STUDENT DATA
S00017,Q0305B,Operating Systems,Paging,Medium,0,96.71,50,2025-02-10T00:57:34.493862,S00017_SESSION_005,True,SYNTHETIC / SIMULATED — NOT REAL STUDENT DATA
S00017,Q0404S,Computer Networks,UDP,Easy,1,43.13,51,2025-02-10T18:15:18.699082,S00017_SESSION_006,True,SYNTHETIC / SIMULATED — NOT REAL STUDENT DATA
S00017,Q0304S,Operating Systems,Memory Management,Medium,1,102.88,52,2025-02-11T11:20:43.743672,S00017_SESSION_006,True,SYNTHETIC / SIMULATED — NOT REAL STUDENT DATA
S00017,Q0103B,DSA,Linked Lists,Medium,0,128.06,53,2025-02-12T16:41:00.996339,S00017_SESSION_006,True,SYNTHETIC / SIMULATED — NOT REAL STUDENT DATA
S00017,Q0402B,Computer Networks,TCP/IP,Medium,0,103.73,54,2025-02-14T01:18:10.192647,S00017_SESSION_006,True,SYNTHETIC / SIMULATED — NOT REAL STUDENT DATA
S00017,Q0107A,DSA,Graphs,Easy,0,84.52,55,2025-02-14T05:57:33.237948,S00017_SESSION_006,True,SYNTHETIC / SIMULATED — NOT REAL STUDENT DATA
S00017,Q0201B,DBMS,DBMS Basics,Medium,0,141.28,56,2025-02-15T16:44:51.138959,S00017_SESSION_006,True,SYNTHETIC / SIMULATED — NOT REAL STUDENT DATA
S00017,Q0201S,DBMS,DBMS Basics,Easy,1,60.83,57,2025-02-16T08:40:30.156893,S00017_SESSION_006,True,SYNTHETIC / SIMULATED — NOT REAL STUDENT DATA
S00017,Q0201B,DBMS,DBMS Basics,Medium,0,223.34,58,2025-02-17T11:50:55.520979,S00017_SESSION_006,True,SYNTHETIC / SIMULATED — NOT REAL STUDENT DATA
S00017,Q0203C,DBMS,SQL,Hard,0,313.69,59,2025-02-18T03:35:58.183339,S00017_SESSION_006,True,SYNTHETIC / SIMULATED — NOT REAL STUDENT DATA
S00017,Q0104B,DSA,Stack & Queue,Medium,1,62.53,60,2025-02-19T16:25:47.256805,S00017_SESSION_006,True,SYNTHETIC / SIMULATED — NOT REAL STUDENT DATA
S00018,Q0505C,Software Engineering,Testing,Hard,0,174.85,1,2025-01-02T12:18:30.207646,S00018_SESSION_001,True,SYNTHETIC / SIMULATED — NOT REAL STUDENT DATA
S00018,Q0310A,Operating Systems,Security,Easy,0,88.64,2,2025-01-03T08:29:06.086265,S00018_SESSION_001,True,SYNTHETIC / SIMULATED — NOT REAL STUDENT DATA
S00018,Q0208C,DBMS,ER Model,Hard,0,201.0,3,2025-01-04T00:30:37.127987,S00018_SESSION_001,True,SYNTHETIC / SIMULATED — NOT REAL STUDENT DATA
S00018,Q0508A,Software Engineering,Software Quality,Easy,0,82.45,4,2025-01-05T02:15:25.232240,S00018_SESSION_001,True,SYNTHETIC / SIMULATED — NOT REAL STUDENT DATA
S00018,Q0504C,Software Engineering,SRS,Hard,1,110.76,5,2025-01-06T01:24:04.337868,S00018_SESSION_001,True,SYNTHETIC / SIMULATED — NOT REAL STUDENT DATA
S00018,Q0507S,Software Engineering,Git/Version Control,Easy,0,67.51,6,2025-01-06T09:38:25.040227,S00018_SESSION_001,True,SYNTHETIC / SIMULATED — NOT REAL STUDENT DATA
S00018,Q0210B,DBMS,Concurrency Control,Medium,0,139.5,7,2025-01-06T22:29:32.929419,S00018_SESSION_001,True,SYNTHETIC / SIMULATED — NOT REAL STUDENT DATA
S00018,Q0209A,DBMS,Relational Algebra,Easy,1,32.04,8,2025-01-08T01:36:47.906515,S00018_SESSION_001,True,SYNTHETIC / SIMULATED — NOT REAL STUDENT DATA
S00018,Q0105S,DSA,Recursion,Medium,0,175.37,9,2025-01-09T15:23:04.061543,S00018_SESSION_001,True,SYNTHETIC / SIMULATED — NOT REAL STUDENT DATA
S00018,Q0210C,DBMS,Concurrency Control,Hard,0,161.7,10,2025-01-11T05:12:22.311180,S00018_SESSION_001,True,SYNTHETIC / SIMULATED — NOT REAL STUDENT DATA
S00018,Q0406C,Computer Networks,HTTP,Hard,0,193.57,11,2025-01-12T17:49:25.347589,S00018_SESSION_002,True,SYNTHETIC / SIMULATED — NOT REAL STUDENT DATA
S00018,Q0410A,Computer Networks,Network Security,Easy,0,65.81,12,2025-01-13T22:04:51.583378,S00018_SESSION_002,True,SYNTHETIC / SIMULATED — NOT REAL STUDENT DATA
S00018,Q0303B,Operating Systems,Deadlocks,Medium,0,57.39,13,2025-01-14T15:02:01.033077,S00018_SESSION_002,True,SYNTHETIC / SIMULATED — NOT REAL STUDENT DATA
S00018,Q0402C,Computer Networks,TCP/IP,Hard,0,172.4,14,2025-01-15T19:12:49.374341,S00018_SESSION_002,True,SYNTHETIC / SIMULATED — NOT REAL STUDENT DATA
S00018,Q0107C,DSA,Graphs,Hard,1,112.27,15,2025-01-16T03:27:02.652864,S00018_SESSION_002,True,SYNTHETIC / SIMULATED — NOT REAL STUDENT DATA
S00018,Q0207B,DBMS,Indexing,Medium,0,99.11,16,2025-01-17T01:27:58.008735,S00018_SESSION_002,True,SYNTHETIC / SIMULATED — NOT REAL STUDENT DATA
S00018,Q0406B,Computer Networks,HTTP,Medium,0,70.79,17,2025-01-18T09:45:42.421362,S00018_SESSION_002,True,SYNTHETIC / SIMULATED — NOT REAL STUDENT DATA
S00018,Q0407A,Computer Networks,DHCP,Easy,0,43.32,18,2025-01-19T21:31:09.671378,S00018_SESSION_002,True,SYNTHETIC / SIMULATED — NOT REAL STUDENT DATA
S00018,Q0203A,DBMS,SQL,Easy,0,100.61,19,2025-01-21T09:49:09.626518,S00018_SESSION_002,True,SYNTHETIC / SIMULATED — NOT REAL STUDENT DATA
S00018,Q0108B,DSA,Hashing,Medium,1,96.53,20,2025-01-22T01:52:37.134840,S00018_SESSION_002,True,SYNTHETIC / SIMULATED — NOT REAL STUDENT DATA
S00018,Q0309A,Operating Systems,I/O Management,Easy,0,46.63,21,2025-01-22T19:33:41.792039,S00018_SESSION_003,True,SYNTHETIC / SIMULATED — NOT REAL STUDENT DATA
S00018,Q0409B,Computer Networks,Routing,Medium,1,89.13,22,2025-01-23T01:23:07.356789,S00018_SESSION_003,True,SYNTHETIC / SIMULATED — NOT REAL STUDENT DATA
S00018,Q0405B,Computer Networks,DNS,Medium,1,94.38,23,2025-01-24T13:28:20.234637,S00018_SESSION_003,True,SYNTHETIC / SIMULATED — NOT REAL STUDENT DATA
S00018,Q0304B,Operating Systems,Memory Management,Medium,1,87.01,24,2025-01-25T15:09:38.513626,S00018_SESSION_003,True,SYNTHETIC / SIMULATED — NOT REAL STUDENT DATA
S00018,Q0307C,Operating Systems,File Systems,Hard,0,205.33,25,2025-01-26T08:59:44.997974,S00018_SESSION_003,True,SYNTHETIC / SIMULATED — NOT REAL STUDENT DATA
S00018,Q0502B,Software Engineering,Agile,Medium,0,185.12,26,2025-01-27T14:41:22.225435,S00018_SESSION_003,True,SYNTHETIC / SIMULATED — NOT REAL STUDENT DATA
S00018,Q0503A,Software Engineering,Waterfall,Easy,1,43.27,27,2025-01-28T19:09:56.697792,S00018_SESSION_003,True,SYNTHETIC / SIMULATED — NOT REAL STUDENT DATA
S00018,Q0203A,DBMS,SQL,Easy,1,42.58,28,2025-01-30T06:16:23.086669,S00018_SESSION_003,True,SYNTHETIC / SIMULATED — NOT REAL STUDENT DATA
S00018,Q0302B,Operating Systems,CPU Scheduling,Medium,0,116.15,29,2025-01-30T19:11:58.647085,S00018_SESSION_003,True,SYNTHETIC / SIMULATED — NOT REAL STUDENT DATA
S00018,Q0408S,Computer Networks,IP Addressing,Medium,0,103.68,30,2025-01-31T08:53:51.603416,S00018_SESSION_003,True,SYNTHETIC / SIMULATED — NOT REAL STUDENT DATA
S00018,Q0201C,DBMS,DBMS Basics,Hard,0,153.59,31,2025-02-01T14:07:37.706094,S00018_SESSION_004,True,SYNTHETIC / SIMULATED — NOT REAL STUDENT DATA
S00018,Q0507C,Software Engineering,Git/Version Control,Hard,0,242.86,32,2025-02-02T22:09:34.896447,S00018_SESSION_004,True,SYNTHETIC / SIMULATED — NOT REAL STUDENT DATA
S00018,Q0509S,Software Engineering,Project Management,Medium,1,106.29,33,2025-02-04T03:58:20.550450,S00018_SESSION_004,True,SYNTHETIC / SIMULATED — NOT REAL STUDENT DATA
S00018,Q0307A,Operating Systems,File Systems,Easy,1,55.83,34,2025-02-05T10:58:47.261076,S00018_SESSION_004,True,SYNTHETIC / SIMULATED — NOT REAL STUDENT DATA
S00018,Q0206B,DBMS,Transactions,Medium,0,194.16,35,2025-02-06T20:50:37.814762,S00018_SESSION_004,True,SYNTHETIC / SIMULATED — NOT REAL STUDENT DATA
S00018,Q0409A,Computer Networks,Routing,Easy,1,70.39,36,2025-02-07T22:48:19.244922,S00018_SESSION_004,True,SYNTHETIC / SIMULATED — NOT REAL STUDENT DATA
S00018,Q0204C,DBMS,Normalization,Hard,0,199.72,37,2025-02-08T22:45:15.425220,S00018_SESSION_004,True,SYNTHETIC / SIMULATED — NOT REAL STUDENT DATA
S00018,Q0405A,Computer Networks,DNS,Easy,1,65.82,38,2025-02-09T05:14:49.017948,S00018_SESSION_004,True,SYNTHETIC / SIMULATED — NOT REAL STUDENT DATA
S00018,Q0208S,DBMS,ER Model,Easy,0,80.75,39,2025-02-10T12:40:25.233362,S00018_SESSION_004,True,SYNTHETIC / SIMULATED — NOT REAL STUDENT DATA
S00018,Q0304C,Operating Systems,Memory Management,Hard,0,171.9,40,2025-02-12T00:50:05.534493,S00018_SESSION_004,True,SYNTHETIC / SIMULATED — NOT REAL STUDENT DATA
S00018,Q0209C,DBMS,Relational Algebra,Hard,0,210.88,41,2025-02-12T18:19:30.258479,S00018_SESSION_005,True,SYNTHETIC / SIMULATED — NOT REAL STUDENT DATA
S00018,Q0202B,DBMS,Keys,Medium,1,123.44,42,2025-02-14T02:43:11.606823,S00018_SESSION_005,True,SYNTHETIC / SIMULATED — NOT REAL STUDENT DATA
S00018,Q0109C,DSA,Heap,Hard,0,294.71,43,2025-02-15T04:56:51.253403,S00018_SESSION_005,True,SYNTHETIC / SIMULATED — NOT REAL STUDENT DATA
S00018,Q0507S,Software Engineering,Git/Version Control,Easy,1,73.3,44,2025-02-16T16:34:48.673657,S00018_SESSION_005,True,SYNTHETIC / SIMULATED — NOT REAL STUDENT DATA
S00018,Q0110B,DSA,Dynamic Programming,Medium,0,112.45,45,2025-02-17T15:00:50.281384,S00018_SESSION_005,True,SYNTHETIC / SIMULATED — NOT REAL STUDENT DATA
S00018,Q0203A,DBMS,SQL,Easy,1,46.75,46,2025-02-18T14:39:40.102260,S00018_SESSION_005,True,SYNTHETIC / SIMULATED — NOT REAL STUDENT DATA
S00018,Q0501B,Software Engineering,SDLC,Medium,0,149.47,47,2025-02-19T23:12:18.548437,S00018_SESSION_005,True,SYNTHETIC / SIMULATED — NOT REAL STUDENT DATA
S00018,Q0102S,DSA,Strings,Easy,1,69.01,48,2025-02-20T18:29:53.115504,S00018_SESSION_005,True,SYNTHETIC / SIMULATED — NOT REAL STUDENT DATA
S00018,Q0210A,DBMS,Concurrency Control,Easy,1,37.91,49,2025-02-21T12:24:11.955306,S00018_SESSION_005,True,SYNTHETIC / SIMULATED — NOT REAL STUDENT DATA
S00018,Q0405C,Computer Networks,DNS,Hard,0,215.37,50,2025-02-22T12:50:57.516418,S00018_SESSION_005,True,SYNTHETIC / SIMULATED — NOT REAL STUDENT DATA
S00018,Q0104B,DSA,Stack & Queue,Medium,1,128.45,51,2025-02-23T09:59:30.509750,S00018_SESSION_006,True,SYNTHETIC / SIMULATED — NOT REAL STUDENT DATA
S00018,Q0206S,DBMS,Transactions,Medium,0,115.95,52,2025-02-24T23:56:29.545002,S00018_SESSION_006,True,SYNTHETIC / SIMULATED — NOT REAL STUDENT DATA
S00018,Q0207C,DBMS,Indexing,Hard,0,126.55,53,2025-02-26T00:29:03.432040,S00018_SESSION_006,True,SYNTHETIC / SIMULATED — NOT REAL STUDENT DATA
S00018,Q0206A,DBMS,Transactions,Easy,1,69.72,54,2025-02-27T02:18:39.780545,S00018_SESSION_006,True,SYNTHETIC / SIMULATED — NOT REAL STUDENT DATA
S00018,Q0407A,Computer Networks,DHCP,Easy,1,30.75,55,2025-02-28T00:14:40.053375,S00018_SESSION_006,True,SYNTHETIC / SIMULATED — NOT REAL STUDENT DATA
S00018,Q0109S,DSA,Heap,Medium,0,115.86,56,2025-03-01T05:34:32.358737,S00018_SESSION_006,True,SYNTHETIC / SIMULATED — NOT REAL STUDENT DATA
S00018,Q0106B,DSA,Trees,Medium,0,116.86,57,2025-03-01T09:00:12.132822,S00018_SESSION_006,True,SYNTHETIC / SIMULATED — NOT REAL STUDENT DATA
S00018,Q0110A,DSA,Dynamic Programming,Easy,1,46.93,58,2025-03-02T20:38:20.915077,S00018_SESSION_006,True,SYNTHETIC / SIMULATED — NOT REAL STUDENT DATA
S00018,Q0103C,DSA,Linked Lists,Hard,0,324.93,59,2025-03-03T01:41:00.488795,S00018_SESSION_006,True,SYNTHETIC / SIMULATED — NOT REAL STUDENT DATA
S00018,Q0102A,DSA,Strings,Easy,1,95.19,60,2025-03-03T10:59:06.486716,S00018_SESSION_006,True,SYNTHETIC / SIMULATED — NOT REAL STUDENT DATA
S00019,Q0108A,DSA,Hashing,Easy,1,54.95,1,2025-01-02T12:39:05.237999,S00019_SESSION_001,True,SYNTHETIC / SIMULATED — NOT REAL STUDENT DATA
S00019,Q0209B,DBMS,Relational Algebra,Medium,0,73.84,2,2025-01-02T23:27:32.429183,S00019_SESSION_001,True,SYNTHETIC / SIMULATED — NOT REAL STUDENT DATA
S00019,Q0201A,DBMS,DBMS Basics,Easy,1,37.68,3,2025-01-04T07:05:52.492423,S00019_SESSION_001,True,SYNTHETIC / SIMULATED — NOT REAL STUDENT DATA
S00019,Q0206A,DBMS,Transactions,Easy,0,70.53,4,2025-01-05T06:03:06.011924,S00019_SESSION_001,True,SYNTHETIC / SIMULATED — NOT REAL STUDENT DATA
S00019,Q0101S,DSA,Arrays,Easy,1,97.43,5,2025-01-05T14:19:33.947016,S00019_SESSION_001,True,SYNTHETIC / SIMULATED — NOT REAL STUDENT DATA
S00019,Q0406C,Computer Networks,HTTP,Hard,0,286.23,6,2025-01-06T06:42:23.298862,S00019_SESSION_001,True,SYNTHETIC / SIMULATED — NOT REAL STUDENT DATA
S00019,Q0106C,DSA,Trees,Hard,0,286.98,7,2025-01-07T03:10:44.716733,S00019_SESSION_001,True,SYNTHETIC / SIMULATED — NOT REAL STUDENT DATA
S00019,Q0202S,DBMS,Keys,Easy,0,64.31,8,2025-01-07T06:48:37.612548,S00019_SESSION_001,True,SYNTHETIC / SIMULATED — NOT REAL STUDENT DATA
S00019,Q0501B,Software Engineering,SDLC,Medium,1,84.28,9,2025-01-07T15:38:35.784834,S00019_SESSION_001,True,SYNTHETIC / SIMULATED — NOT REAL STUDENT DATA
S00019,Q0108B,DSA,Hashing,Medium,1,144.49,10,2025-01-07T20:34:56.166870,S00019_SESSION_001,True,SYNTHETIC / SIMULATED — NOT REAL STUDENT DATA
S00019,Q0505C,Software Engineering,Testing,Hard,0,156.27,11,2025-01-08T02:13:34.859168,S00019_SESSION_002,True,SYNTHETIC / SIMULATED — NOT REAL STUDENT DATA
S00019,Q0304C,Operating Systems,Memory Management,Hard,0,143.97,12,2025-01-08T22:39:28.674152,S00019_SESSION_002,True,SYNTHETIC / SIMULATED — NOT REAL STUDENT DATA
S00019,Q0305C,Operating Systems,Paging,Hard,1,139.1,13,2025-01-09T05:55:19.097730,S00019_SESSION_002,True,SYNTHETIC / SIMULATED — NOT REAL STUDENT DATA
S00019,Q0510B,Software Engineering,Design Patterns,Medium,1,86.28,14,2025-01-09T21:02:19.566918,S00019_SESSION_002,True,SYNTHETIC / SIMULATED — NOT REAL STUDENT DATA
S00019,Q0304A,Operating Systems,Memory Management,Easy,0,66.1,15,2025-01-10T11:59:56.272231,S00019_SESSION_002,True,SYNTHETIC / SIMULATED — NOT REAL STUDENT DATA
S00019,Q0503S,Software Engineering,Waterfall,Medium,1,131.42,16,2025-01-11T07:08:34.524839,S00019_SESSION_002,True,SYNTHETIC / SIMULATED — NOT REAL STUDENT DATA
S00019,Q0405B,Computer Networks,DNS,Medium,0,82.07,17,2025-01-11T23:41:38.364560,S00019_SESSION_002,True,SYNTHETIC / SIMULATED — NOT REAL STUDENT DATA
S00019,Q0106A,DSA,Trees,Easy,0,34.9,18,2025-01-12T10:02:54.195712,S00019_SESSION_002,True,SYNTHETIC / SIMULATED — NOT REAL STUDENT DATA
S00019,Q0110A,DSA,Dynamic Programming,Easy,1,59.01,19,2025-01-13T23:29:31.623990,S00019_SESSION_002,True,SYNTHETIC / SIMULATED — NOT REAL STUDENT DATA
S00019,Q0304A,Operating Systems,Memory Management,Easy,1,20.32,20,2025-01-14T22:20:27.858913,S00019_SESSION_002,True,SYNTHETIC / SIMULATED — NOT REAL STUDENT DATA
S00019,Q0406B,Computer Networks,HTTP,Medium,0,80.51,21,2025-01-16T04:50:18.156477,S00019_SESSION_003,True,SYNTHETIC / SIMULATED — NOT REAL STUDENT DATA
S00019,Q0308C,Operating Systems,Threads,Hard,0,211.49,22,2025-01-17T08:28:03.892394,S00019_SESSION_003,True,SYNTHETIC / SIMULATED — NOT REAL STUDENT DATA
S00019,Q0208B,DBMS,ER Model,Medium,0,97.26,23,2025-01-18T20:39:02.406959,S00019_SESSION_003,True,SYNTHETIC / SIMULATED — NOT REAL STUDENT DATA
S00019,Q0106A,DSA,Trees,Easy,0,170.93,24,2025-01-20T06:05:04.090082,S00019_SESSION_003,True,SYNTHETIC / SIMULATED — NOT REAL STUDENT DATA
S00019,Q0404S,Computer Networks,UDP,Easy,1,29.87,25,2025-01-21T13:58:34.870052,S00019_SESSION_003,True,SYNTHETIC / SIMULATED — NOT REAL STUDENT DATA
S00019,Q0109B,DSA,Heap,Medium,0,176.92,26,2025-01-22T09:12:26.596043,S00019_SESSION_003,True,SYNTHETIC / SIMULATED — NOT REAL STUDENT DATA
S00019,Q0503S,Software Engineering,Waterfall,Medium,0,126.19,27,2025-01-23T07:38:23.394663,S00019_SESSION_003,True,SYNTHETIC / SIMULATED — NOT REAL STUDENT DATA
S00019,Q0104S,DSA,Stack & Queue,Easy,1,47.46,28,2025-01-24T07:44:48.745693,S00019_SESSION_003,True,SYNTHETIC / SIMULATED — NOT REAL STUDENT DATA
S00019,Q0209A,DBMS,Relational Algebra,Easy,1,42.73,29,2025-01-25T02:16:44.185825,S00019_SESSION_003,True,SYNTHETIC / SIMULATED — NOT REAL STUDENT DATA
S00019,Q0409B,Computer Networks,Routing,Medium,1,51.88,30,2025-01-25T14:25:34.778599,S00019_SESSION_003,True,SYNTHETIC / SIMULATED — NOT REAL STUDENT DATA
S00019,Q0509C,Software Engineering,Project Management,Hard,0,181.6,31,2025-01-25T21:37:30.494525,S00019_SESSION_004,True,SYNTHETIC / SIMULATED — NOT REAL STUDENT DATA
S00019,Q0305C,Operating Systems,Paging,Hard,1,69.53,32,2025-01-26T14:56:21.171832,S00019_SESSION_004,True,SYNTHETIC / SIMULATED — NOT REAL STUDENT DATA
S00019,Q0406S,Computer Networks,HTTP,Easy,1,34.27,33,2025-01-27T06:38:11.207726,S00019_SESSION_004,True,SYNTHETIC / SIMULATED — NOT REAL STUDENT DATA
S00019,Q0109A,DSA,Heap,Easy,0,66.07,34,2025-01-28T18:46:54.675506,S00019_SESSION_004,True,SYNTHETIC / SIMULATED — NOT REAL STUDENT DATA
S00019,Q0306A,Operating Systems,Synchronization,Easy,1,46.61,35,2025-01-29T07:08:58.694766,S00019_SESSION_004,True,SYNTHETIC / SIMULATED — NOT REAL STUDENT DATA
S00019,Q0503A,Software Engineering,Waterfall,Easy,1,50.36,36,2025-01-30T15:24:25.077437,S00019_SESSION_004,True,SYNTHETIC / SIMULATED — NOT REAL STUDENT DATA
S00019,Q0210A,DBMS,Concurrency Control,Easy,1,51.54,37,2025-02-01T02:28:07.445631,S00019_SESSION_004,True,SYNTHETIC / SIMULATED — NOT REAL STUDENT DATA
S00019,Q0105B,DSA,Recursion,Medium,0,119.82,38,2025-02-01T09:57:59.384211,S00019_SESSION_004,True,SYNTHETIC / SIMULATED — NOT REAL STUDENT DATA
S00019,Q0308C,Operating Systems,Threads,Hard,1,107.87,39,2025-02-02T05:06:01.844567,S00019_SESSION_004,True,SYNTHETIC / SIMULATED — NOT REAL STUDENT DATA
S00019,Q0206A,DBMS,Transactions,Easy,0,46.93,40,2025-02-02T10:32:39.675548,S00019_SESSION_004,True,SYNTHETIC / SIMULATED — NOT REAL STUDENT DATA
S00019,Q0210C,DBMS,Concurrency Control,Hard,0,200.96,41,2025-02-03T14:35:39.462613,S00019_SESSION_005,True,SYNTHETIC / SIMULATED — NOT REAL STUDENT DATA
S00019,Q0302C,Operating Systems,CPU Scheduling,Hard,0,114.79,42,2025-02-05T02:59:41.442351,S00019_SESSION_005,True,SYNTHETIC / SIMULATED — NOT REAL STUDENT DATA
S00019,Q0210A,DBMS,Concurrency Control,Easy,1,36.12,43,2025-02-06T14:28:43.110136,S00019_SESSION_005,True,SYNTHETIC / SIMULATED — NOT REAL STUDENT DATA
S00019,Q0107S,DSA,Graphs,Medium,0,162.6,44,2025-02-07T06:18:14.055563,S00019_SESSION_005,True,SYNTHETIC / SIMULATED — NOT REAL STUDENT DATA
S00019,Q0205A,DBMS,Joins,Easy,1,47.12,45,2025-02-08T04:45:13.888243,S00019_SESSION_005,True,SYNTHETIC / SIMULATED — NOT REAL STUDENT DATA
S00019,Q0309S,Operating Systems,I/O Management,Medium,1,44.04,46,2025-02-08T23:40:38.113937,S00019_SESSION_005,True,SYNTHETIC / SIMULATED — NOT REAL STUDENT DATA
S00019,Q0101B,DSA,Arrays,Medium,0,85.35,47,2025-02-09T08:54:34.996626,S00019_SESSION_005,True,SYNTHETIC / SIMULATED — NOT REAL STUDENT DATA
S00019,Q0310A,Operating Systems,Security,Easy,1,66.77,48,2025-02-10T07:39:20.476853,S00019_SESSION_005,True,SYNTHETIC / SIMULATED — NOT REAL STUDENT DATA
S00019,Q0306B,Operating Systems,Synchronization,Medium,0,82.75,49,2025-02-11T15:39:49.612877,S00019_SESSION_005,True,SYNTHETIC / SIMULATED — NOT REAL STUDENT DATA
S00019,Q0108S,DSA,Hashing,Medium,1,93.66,50,2025-02-12T23:59:26.175099,S00019_SESSION_005,True,SYNTHETIC / SIMULATED — NOT REAL STUDENT DATA
S00019,Q0508B,Software Engineering,Software Quality,Medium,1,75.2,51,2025-02-13T17:23:52.588996,S00019_SESSION_006,True,SYNTHETIC / SIMULATED — NOT REAL STUDENT DATA
S00019,Q0402C,Computer Networks,TCP/IP,Hard,1,86.44,52,2025-02-14T02:32:52.402009,S00019_SESSION_006,True,SYNTHETIC / SIMULATED — NOT REAL STUDENT DATA
S00019,Q0401B,Computer Networks,OSI,Medium,0,82.22,53,2025-02-15T12:04:20.743753,S00019_SESSION_006,True,SYNTHETIC / SIMULATED — NOT REAL STUDENT DATA
S00019,Q0108A,DSA,Hashing,Easy,0,45.7,54,2025-02-16T16:24:26.348953,S00019_SESSION_006,True,SYNTHETIC / SIMULATED — NOT REAL STUDENT DATA
S00019,Q0106A,DSA,Trees,Easy,0,57.56,55,2025-02-17T12:54:16.854321,S00019_SESSION_006,True,SYNTHETIC / SIMULATED — NOT REAL STUDENT DATA
S00019,Q0202B,DBMS,Keys,Medium,1,53.08,56,2025-02-17T17:21:37.715527,S00019_SESSION_006,True,SYNTHETIC / SIMULATED — NOT REAL STUDENT DATA
S00019,Q0410B,Computer Networks,Network Security,Medium,0,65.0,57,2025-02-18T16:59:40.182243,S00019_SESSION_006,True,SYNTHETIC / SIMULATED — NOT REAL STUDENT DATA
S00019,Q0410A,Computer Networks,Network Security,Easy,1,40.86,58,2025-02-20T05:43:15.631189,S00019_SESSION_006,True,SYNTHETIC / SIMULATED — NOT REAL STUDENT DATA
S00019,Q0508C,Software Engineering,Software Quality,Hard,0,248.92,59,2025-02-20T21:42:33.827985,S00019_SESSION_006,True,SYNTHETIC / SIMULATED — NOT REAL STUDENT DATA
S00019,Q0103A,DSA,Linked Lists,Easy,1,52.62,60,2025-02-21T18:01:36.321306,S00019_SESSION_006,True,SYNTHETIC / SIMULATED — NOT REAL STUDENT DATA
S00020,Q0110B,DSA,Dynamic Programming,Medium,0,132.26,1,2025-01-03T06:20:36.953317,S00020_SESSION_001,True,SYNTHETIC / SIMULATED — NOT REAL STUDENT DATA
S00020,Q0504B,Software Engineering,SRS,Medium,0,85.86,2,2025-01-04T19:08:12.691550,S00020_SESSION_001,True,SYNTHETIC / SIMULATED — NOT REAL STUDENT DATA
S00020,Q0209B,DBMS,Relational Algebra,Medium,0,105.06,3,2025-01-05T02:50:32.832967,S00020_SESSION_001,True,SYNTHETIC / SIMULATED — NOT REAL STUDENT DATA
S00020,Q0501B,Software Engineering,SDLC,Medium,0,146.96,4,2025-01-05T22:03:23.989537,S00020_SESSION_001,True,SYNTHETIC / SIMULATED — NOT REAL STUDENT DATA
S00020,Q0109A,DSA,Heap,Easy,1,41.98,5,2025-01-06T14:36:57.567452,S00020_SESSION_001,True,SYNTHETIC / SIMULATED — NOT REAL STUDENT DATA
S00020,Q0508S,Software Engineering,Software Quality,Medium,0,171.26,6,2025-01-07T10:40:49.707961,S00020_SESSION_001,True,SYNTHETIC / SIMULATED — NOT REAL STUDENT DATA
S00020,Q0101C,DSA,Arrays,Hard,0,231.98,7,2025-01-08T07:23:38.436504,S00020_SESSION_001,True,SYNTHETIC / SIMULATED — NOT REAL STUDENT DATA
S00020,Q0205A,DBMS,Joins,Easy,0,68.48,8,2025-01-09T05:31:17.078555,S00020_SESSION_001,True,SYNTHETIC / SIMULATED — NOT REAL STUDENT DATA
S00020,Q0103B,DSA,Linked Lists,Medium,1,130.4,9,2025-01-09T15:42:41.549289,S00020_SESSION_001,True,SYNTHETIC / SIMULATED — NOT REAL STUDENT DATA
S00020,Q0504A,Software Engineering,SRS,Easy,1,67.68,10,2025-01-10T02:46:51.160442,S00020_SESSION_001,True,SYNTHETIC / SIMULATED — NOT REAL STUDENT DATA
S00020,Q0503A,Software Engineering,Waterfall,Easy,0,53.33,11,2025-01-10T12:55:37.418636,S00020_SESSION_002,True,SYNTHETIC / SIMULATED — NOT REAL STUDENT DATA
S00020,Q0306A,Operating Systems,Synchronization,Easy,0,119.25,12,2025-01-11T01:56:18.346796,S00020_SESSION_002,True,SYNTHETIC / SIMULATED — NOT REAL STUDENT DATA
S00020,Q0505S,Software Engineering,Testing,Medium,0,78.45,13,2025-01-12T06:33:21.650627,S00020_SESSION_002,True,SYNTHETIC / SIMULATED — NOT REAL STUDENT DATA
S00020,Q0207B,DBMS,Indexing,Medium,0,115.87,14,2025-01-13T02:56:06.587602,S00020_SESSION_002,True,SYNTHETIC / SIMULATED — NOT REAL STUDENT DATA
S00020,Q0109A,DSA,Heap,Easy,0,47.47,15,2025-01-13T22:43:55.250855,S00020_SESSION_002,True,SYNTHETIC / SIMULATED — NOT REAL STUDENT DATA
S00020,Q0402B,Computer Networks,TCP/IP,Medium,1,104.18,16,2025-01-14T20:48:34.784975,S00020_SESSION_002,True,SYNTHETIC / SIMULATED — NOT REAL STUDENT DATA
S00020,Q0307C,Operating Systems,File Systems,Hard,0,234.83,17,2025-01-15T03:30:53.945705,S00020_SESSION_002,True,SYNTHETIC / SIMULATED — NOT REAL STUDENT DATA
S00020,Q0505C,Software Engineering,Testing,Hard,1,138.37,18,2025-01-15T09:15:25.746825,S00020_SESSION_002,True,SYNTHETIC / SIMULATED — NOT REAL STUDENT DATA
S00020,Q0502C,Software Engineering,Agile,Hard,0,340.49,19,2025-01-16T16:08:47.110489,S00020_SESSION_002,True,SYNTHETIC / SIMULATED — NOT REAL STUDENT DATA
S00020,Q0102A,DSA,Strings,Easy,0,61.0,20,2025-01-17T09:35:24.448812,S00020_SESSION_002,True,SYNTHETIC / SIMULATED — NOT REAL STUDENT DATA
S00020,Q0101C,DSA,Arrays,Hard,0,146.54,21,2025-01-17T17:57:15.520813,S00020_SESSION_003,True,SYNTHETIC / SIMULATED — NOT REAL STUDENT DATA
S00020,Q0508A,Software Engineering,Software Quality,Easy,0,51.59,22,2025-01-18T06:00:41.618691,S00020_SESSION_003,True,SYNTHETIC / SIMULATED — NOT REAL STUDENT DATA
S00020,Q0305C,Operating Systems,Paging,Hard,0,106.76,23,2025-01-18T22:39:31.539339,S00020_SESSION_003,True,SYNTHETIC / SIMULATED — NOT REAL STUDENT DATA
S00020,Q0304S,Operating Systems,Memory Management,Medium,0,123.42,24,2025-01-20T06:45:58.787466,S00020_SESSION_003,True,SYNTHETIC / SIMULATED — NOT REAL STUDENT DATA
S00020,Q0405B,Computer Networks,DNS,Medium,0,53.97,25,2025-01-20T19:25:05.663066,S00020_SESSION_003,True,SYNTHETIC / SIMULATED — NOT REAL STUDENT DATA
S00020,Q0505S,Software Engineering,Testing,Medium,1,102.36,26,2025-01-21T19:54:07.591692,S00020_SESSION_003,True,SYNTHETIC / SIMULATED — NOT REAL STUDENT DATA
S00020,Q0209B,DBMS,Relational Algebra,Medium,0,118.94,27,2025-01-23T07:49:50.401545,S00020_SESSION_003,True,SYNTHETIC / SIMULATED — NOT REAL STUDENT DATA
S00020,Q0104A,DSA,Stack & Queue,Easy,0,76.16,28,2025-01-24T09:30:52.400405,S00020_SESSION_003,True,SYNTHETIC / SIMULATED — NOT REAL STUDENT DATA
S00020,Q0301S,Operating Systems,Processes,Easy,1,70.02,29,2025-01-25T07:29:05.572456,S00020_SESSION_003,True,SYNTHETIC / SIMULATED — NOT REAL STUDENT DATA
S00020,Q0108B,DSA,Hashing,Medium,0,126.47,30,2025-01-26T06:18:09.055482,S00020_SESSION_003,True,SYNTHETIC / SIMULATED — NOT REAL STUDENT DATA
S00020,Q0206C,DBMS,Transactions,Hard,0,148.38,31,2025-01-27T13:57:49.002587,S00020_SESSION_004,True,SYNTHETIC / SIMULATED — NOT REAL STUDENT DATA
S00020,Q0203B,DBMS,SQL,Medium,0,175.39,32,2025-01-29T02:22:36.335632,S00020_SESSION_004,True,SYNTHETIC / SIMULATED — NOT REAL STUDENT DATA
S00020,Q0304A,Operating Systems,Memory Management,Easy,1,38.74,33,2025-01-30T13:04:01.313539,S00020_SESSION_004,True,SYNTHETIC / SIMULATED — NOT REAL STUDENT DATA
S00020,Q0507A,Software Engineering,Git/Version Control,Easy,1,28.68,34,2025-01-31T12:06:29.110998,S00020_SESSION_004,True,SYNTHETIC / SIMULATED — NOT REAL STUDENT DATA
S00020,Q0205A,DBMS,Joins,Easy,1,55.48,35,2025-01-31T19:33:56.037630,S00020_SESSION_004,True,SYNTHETIC / SIMULATED — NOT REAL STUDENT DATA
S00020,Q0404S,Computer Networks,UDP,Easy,0,36.01,36,2025-02-01T22:43:13.866263,S00020_SESSION_004,True,SYNTHETIC / SIMULATED — NOT REAL STUDENT DATA
S00020,Q0509C,Software Engineering,Project Management,Hard,0,304.65,37,2025-02-02T07:00:51.930924,S00020_SESSION_004,True,SYNTHETIC / SIMULATED — NOT REAL STUDENT DATA
S00020,Q0502C,Software Engineering,Agile,Hard,0,215.61,38,2025-02-02T16:53:48.493788,S00020_SESSION_004,True,SYNTHETIC / SIMULATED — NOT REAL STUDENT DATA
S00020,Q0501B,Software Engineering,SDLC,Medium,0,328.12,39,2025-02-04T04:52:11.264734,S00020_SESSION_004,True,SYNTHETIC / SIMULATED — NOT REAL STUDENT DATA
S00020,Q0105C,DSA,Recursion,Hard,0,180.25,40,2025-02-05T16:08:00.244172,S00020_SESSION_004,True,SYNTHETIC / SIMULATED — NOT REAL STUDENT DATA
S00020,Q0302S,Operating Systems,CPU Scheduling,Medium,0,105.47,41,2025-02-06T04:26:26.301451,S00020_SESSION_005,True,SYNTHETIC / SIMULATED — NOT REAL STUDENT DATA
S00020,Q0202S,DBMS,Keys,Easy,0,53.5,42,2025-02-06T09:56:01.708986,S00020_SESSION_005,True,SYNTHETIC / SIMULATED — NOT REAL STUDENT DATA
S00020,Q0502S,Software Engineering,Agile,Easy,0,68.58,43,2025-02-07T07:47:04.317631,S00020_SESSION_005,True,SYNTHETIC / SIMULATED — NOT REAL STUDENT DATA
S00020,Q0405B,Computer Networks,DNS,Medium,1,61.34,44,2025-02-08T11:15:28.006090,S00020_SESSION_005,True,SYNTHETIC / SIMULATED — NOT REAL STUDENT DATA
S00020,Q0401A,Computer Networks,OSI,Easy,1,34.12,45,2025-02-09T05:47:54.609834,S00020_SESSION_005,True,SYNTHETIC / SIMULATED — NOT REAL STUDENT DATA
S00020,Q0308C,Operating Systems,Threads,Hard,0,214.69,46,2025-02-09T12:52:16.949791,S00020_SESSION_005,True,SYNTHETIC / SIMULATED — NOT REAL STUDENT DATA
S00020,Q0202S,DBMS,Keys,Easy,0,68.03,47,2025-02-10T22:54:31.656001,S00020_SESSION_005,True,SYNTHETIC / SIMULATED — NOT REAL STUDENT DATA
S00020,Q0102B,DSA,Strings,Medium,0,275.79,48,2025-02-11T14:13:15.563537,S00020_SESSION_005,True,SYNTHETIC / SIMULATED — NOT REAL STUDENT DATA
S00020,Q0408A,Computer Networks,IP Addressing,Easy,1,42.89,49,2025-02-12T08:56:07.045339,S00020_SESSION_005,True,SYNTHETIC / SIMULATED — NOT REAL STUDENT DATA
S00020,Q0409A,Computer Networks,Routing,Easy,0,99.93,50,2025-02-13T03:21:25.333555,S00020_SESSION_005,True,SYNTHETIC / SIMULATED — NOT REAL STUDENT DATA
S00020,Q0204C,DBMS,Normalization,Hard,0,112.96,51,2025-02-14T04:04:40.941094,S00020_SESSION_006,True,SYNTHETIC / SIMULATED — NOT REAL STUDENT DATA
S00020,Q0301B,Operating Systems,Processes,Medium,0,98.04,52,2025-02-14T17:33:45.698407,S00020_SESSION_006,True,SYNTHETIC / SIMULATED — NOT REAL STUDENT DATA
S00020,Q0310C,Operating Systems,Security,Hard,0,155.3,53,2025-02-16T05:32:00.076037,S00020_SESSION_006,True,SYNTHETIC / SIMULATED — NOT REAL STUDENT DATA
S00020,Q0201C,DBMS,DBMS Basics,Hard,0,161.43,54,2025-02-16T16:16:44.673002,S00020_SESSION_006,True,SYNTHETIC / SIMULATED — NOT REAL STUDENT DATA
S00020,Q0207A,DBMS,Indexing,Easy,0,86.05,55,2025-02-17T15:30:10.220583,S00020_SESSION_006,True,SYNTHETIC / SIMULATED — NOT REAL STUDENT DATA
S00020,Q0203A,DBMS,SQL,Easy,0,71.74,56,2025-02-18T02:53:10.072046,S00020_SESSION_006,True,SYNTHETIC / SIMULATED — NOT REAL STUDENT DATA
S00020,Q0104C,DSA,Stack & Queue,Hard,0,268.98,57,2025-02-19T16:52:42.528334,S00020_SESSION_006,True,SYNTHETIC / SIMULATED — NOT REAL STUDENT DATA
S00020,Q0108A,DSA,Hashing,Easy,1,28.78,58,2025-02-20T00:44:00.336246,S00020_SESSION_006,True,SYNTHETIC / SIMULATED — NOT REAL STUDENT DATA
S00020,Q0407C,Computer Networks,DHCP,Hard,0,174.36,59,2025-02-20T15:48:47.297291,S00020_SESSION_006,True,SYNTHETIC / SIMULATED — NOT REAL STUDENT DATA
S00020,Q0402A,Computer Networks,TCP/IP,Easy,0,45.56,60,2025-02-21T17:36:48.052056,S00020_SESSION_006,True,SYNTHETIC / SIMULATED — NOT REAL STUDENT DATA
S00021,Q0409B,Computer Networks,Routing,Medium,1,229.53,1,2025-01-03T09:31:19.442199,S00021_SESSION_001,True,SYNTHETIC / SIMULATED — NOT REAL STUDENT DATA
S00021,Q0102C,DSA,Strings,Hard,0,132.49,2,2025-01-04T22:51:11.387350,S00021_SESSION_001,True,SYNTHETIC / SIMULATED — NOT REAL STUDENT DATA
S00021,Q0409A,Computer Networks,Routing,Easy,1,48.41,3,2025-01-05T17:06:37.962260,S00021_SESSION_001,True,SYNTHETIC / SIMULATED — NOT REAL STUDENT DATA
S00021,Q0301B,Operating Systems,Processes,Medium,0,139.85,4,2025-01-05T21:32:33.151396,S00021_SESSION_001,True,SYNTHETIC / SIMULATED — NOT REAL STUDENT DATA
S00021,Q0310A,Operating Systems,Security,Easy,1,55.34,5,2025-01-07T04:09:37.883617,S00021_SESSION_001,True,SYNTHETIC / SIMULATED — NOT REAL STUDENT DATA
S00021,Q0307S,Operating Systems,File Systems,Easy,1,76.21,6,2025-01-08T02:58:33.697696,S00021_SESSION_001,True,SYNTHETIC / SIMULATED — NOT REAL STUDENT DATA
S00021,Q0401C,Computer Networks,OSI,Hard,0,287.82,7,2025-01-09T01:28:15.348411,S00021_SESSION_001,True,SYNTHETIC / SIMULATED — NOT REAL STUDENT DATA
S00021,Q0402A,Computer Networks,TCP/IP,Easy,0,78.52,8,2025-01-10T11:40:08.474922,S00021_SESSION_001,True,SYNTHETIC / SIMULATED — NOT REAL STUDENT DATA
S00021,Q0205C,DBMS,Joins,Hard,0,139.53,9,2025-01-11T06:00:57.589740,S00021_SESSION_001,True,SYNTHETIC / SIMULATED — NOT REAL STUDENT DATA
S00021,Q0202B,DBMS,Keys,Medium,1,50.76,10,2025-01-12T02:36:44.064606,S00021_SESSION_001,True,SYNTHETIC / SIMULATED — NOT REAL STUDENT DATA
S00021,Q0403A,Computer Networks,TCP,Easy,1,41.48,11,2025-01-13T09:52:37.609760,S00021_SESSION_002,True,SYNTHETIC / SIMULATED — NOT REAL STUDENT DATA
S00021,Q0501A,Software Engineering,SDLC,Easy,0,75.44,12,2025-01-13T17:32:14.977853,S00021_SESSION_002,True,SYNTHETIC / SIMULATED — NOT REAL STUDENT DATA
S00021,Q0508C,Software Engineering,Software Quality,Hard,0,149.4,13,2025-01-15T05:05:02.248064,S00021_SESSION_002,True,SYNTHETIC / SIMULATED — NOT REAL STUDENT DATA
S00021,Q0310A,Operating Systems,Security,Easy,0,71.29,14,2025-01-15T15:48:03.799371,S00021_SESSION_002,True,SYNTHETIC / SIMULATED — NOT REAL STUDENT DATA
S00021,Q0309C,Operating Systems,I/O Management,Hard,0,167.54,15,2025-01-16T16:51:29.934558,S00021_SESSION_002,True,SYNTHETIC / SIMULATED — NOT REAL STUDENT DATA
S00021,Q0407B,Computer Networks,DHCP,Medium,0,90.76,16,2025-01-17T19:30:40.346589,S00021_SESSION_002,True,SYNTHETIC / SIMULATED — NOT REAL STUDENT DATA
S00021,Q0308A,Operating Systems,Threads,Easy,0,80.92,17,2025-01-18T08:29:08.459777,S00021_SESSION_002,True,SYNTHETIC / SIMULATED — NOT REAL STUDENT DATA
S00021,Q0303B,Operating Systems,Deadlocks,Medium,0,151.09,18,2025-01-19T04:32:03.540983,S00021_SESSION_002,True,SYNTHETIC / SIMULATED — NOT REAL STUDENT DATA
S00021,Q0202B,DBMS,Keys,Medium,1,88.18,19,2025-01-19T13:06:03.163567,S00021_SESSION_002,True,SYNTHETIC / SIMULATED — NOT REAL STUDENT DATA
S00021,Q0403B,Computer Networks,TCP,Medium,0,132.4,20,2025-01-19T18:42:59.074130,S00021_SESSION_002,True,SYNTHETIC / SIMULATED — NOT REAL STUDENT DATA
S00021,Q0306A,Operating Systems,Synchronization,Easy,1,40.19,21,2025-01-20T07:33:32.258098,S00021_SESSION_003,True,SYNTHETIC / SIMULATED — NOT REAL STUDENT DATA
S00021,Q0306A,Operating Systems,Synchronization,Easy,0,60.3,22,2025-01-20T15:55:05.335902,S00021_SESSION_003,True,SYNTHETIC / SIMULATED — NOT REAL STUDENT DATA
S00021,Q0401B,Computer Networks,OSI,Medium,0,127.35,23,2025-01-21T01:31:49.444947,S00021_SESSION_003,True,SYNTHETIC / SIMULATED — NOT REAL STUDENT DATA
S00021,Q0401A,Computer Networks,OSI,Easy,1,36.36,24,2025-01-21T14:52:07.648991,S00021_SESSION_003,True,SYNTHETIC / SIMULATED — NOT REAL STUDENT DATA
S00021,Q0102A,DSA,Strings,Easy,0,50.27,25,2025-01-22T13:15:28.446899,S00021_SESSION_003,True,SYNTHETIC / SIMULATED — NOT REAL STUDENT DATA
S00021,Q0302S,Operating Systems,CPU Scheduling,Medium,0,166.19,26,2025-01-23T13:50:22.407788,S00021_SESSION_003,True,SYNTHETIC / SIMULATED — NOT REAL STUDENT DATA
S00021,Q0203A,DBMS,SQL,Easy,1,41.5,27,2025-01-24T11:55:41.126587,S00021_SESSION_003,True,SYNTHETIC / SIMULATED — NOT REAL STUDENT DATA
S00021,Q0102A,DSA,Strings,Easy,1,26.34,28,2025-01-25T02:09:25.547972,S00021_SESSION_003,True,SYNTHETIC / SIMULATED — NOT REAL STUDENT DATA
S00021,Q0408B,Computer Networks,IP Addressing,Medium,0,159.9,29,2025-01-25T21:28:24.029552,S00021_SESSION_003,True,SYNTHETIC / SIMULATED — NOT REAL STUDENT DATA
S00021,Q0308C,Operating Systems,Threads,Hard,0,271.93,30,2025-01-26T10:19:01.969068,S00021_SESSION_003,True,SYNTHETIC / SIMULATED — NOT REAL STUDENT DATA
S00021,Q0503S,Software Engineering,Waterfall,Medium,0,76.79,31,2025-01-27T00:50:15.032474,S00021_SESSION_004,True,SYNTHETIC / SIMULATED — NOT REAL STUDENT DATA
S00021,Q0309A,Operating Systems,I/O Management,Easy,0,116.12,32,2025-01-27T21:00:47.461270,S00021_SESSION_004,True,SYNTHETIC / SIMULATED — NOT REAL STUDENT DATA
S00021,Q0309A,Operating Systems,I/O Management,Easy,1,66.97,33,2025-01-29T05:01:27.823683,S00021_SESSION_004,True,SYNTHETIC / SIMULATED — NOT REAL STUDENT DATA
S00021,Q0209C,DBMS,Relational Algebra,Hard,0,228.41,34,2025-01-30T15:28:00.161338,S00021_SESSION_004,True,SYNTHETIC / SIMULATED — NOT REAL STUDENT DATA
S00021,Q0404S,Computer Networks,UDP,Easy,0,38.41,35,2025-01-30T21:47:05.940474,S00021_SESSION_004,True,SYNTHETIC / SIMULATED — NOT REAL STUDENT DATA
S00021,Q0102S,DSA,Strings,Easy,1,51.86,36,2025-01-31T00:47:36.010234,S00021_SESSION_004,True,SYNTHETIC / SIMULATED — NOT REAL STUDENT DATA
S00021,Q0410A,Computer Networks,Network Security,Easy,1,41.04,37,2025-02-01T11:31:15.651826,S00021_SESSION_004,True,SYNTHETIC / SIMULATED — NOT REAL STUDENT DATA
S00021,Q0210A,DBMS,Concurrency Control,Easy,1,48.54,38,2025-02-02T05:37:46.030514,S00021_SESSION_004,True,SYNTHETIC / SIMULATED — NOT REAL STUDENT DATA
S00021,Q0106A,DSA,Trees,Easy,1,38.31,39,2025-02-03T14:24:21.754073,S00021_SESSION_004,True,SYNTHETIC / SIMULATED — NOT REAL STUDENT DATA
S00021,Q0405C,Computer Networks,DNS,Hard,0,264.25,40,2025-02-04T00:12:34.905144,S00021_SESSION_004,True,SYNTHETIC / SIMULATED — NOT REAL STUDENT DATA
S00021,Q0505C,Software Engineering,Testing,Hard,0,142.1,41,2025-02-04T03:24:06.928949,S00021_SESSION_005,True,SYNTHETIC / SIMULATED — NOT REAL STUDENT DATA
S00021,Q0407B,Computer Networks,DHCP,Medium,0,121.13,42,2025-02-04T07:29:43.818911,S00021_SESSION_005,True,SYNTHETIC / SIMULATED — NOT REAL STUDENT DATA
S00021,Q0408B,Computer Networks,IP Addressing,Medium,0,86.19,43,2025-02-04T14:31:32.634360,S00021_SESSION_005,True,SYNTHETIC / SIMULATED — NOT REAL STUDENT DATA
S00021,Q0304A,Operating Systems,Memory Management,Easy,1,26.06,44,2025-02-05T17:49:10.168554,S00021_SESSION_005,True,SYNTHETIC / SIMULATED — NOT REAL STUDENT DATA
S00021,Q0207S,DBMS,Indexing,Medium,0,119.59,45,2025-02-07T02:56:00.702335,S00021_SESSION_005,True,SYNTHETIC / SIMULATED — NOT REAL STUDENT DATA
S00021,Q0107A,DSA,Graphs,Easy,1,43.67,46,2025-02-08T10:02:46.781070,S00021_SESSION_005,True,SYNTHETIC / SIMULATED — NOT REAL STUDENT DATA
S00021,Q0204A,DBMS,Normalization,Easy,0,47.69,47,2025-02-09T13:09:28.220016,S00021_SESSION_005,True,SYNTHETIC / SIMULATED — NOT REAL STUDENT DATA
S00021,Q0402S,Computer Networks,TCP/IP,Medium,0,217.82,48,2025-02-11T02:41:59.921180,S00021_SESSION_005,True,SYNTHETIC / SIMULATED — NOT REAL STUDENT DATA
S00021,Q0107S,DSA,Graphs,Medium,0,91.17,49,2025-02-12T02:48:10.392449,S00021_SESSION_005,True,SYNTHETIC / SIMULATED — NOT REAL STUDENT DATA
S00021,Q0506C,Software Engineering,UML,Hard,1,141.49,50,2025-02-12T13:35:30.068131,S00021_SESSION_005,True,SYNTHETIC / SIMULATED — NOT REAL STUDENT DATA
S00021,Q0406S,Computer Networks,HTTP,Easy,1,68.84,51,2025-02-13T21:00:33.477245,S00021_SESSION_006,True,SYNTHETIC / SIMULATED — NOT REAL STUDENT DATA
S00021,Q0402A,Computer Networks,TCP/IP,Easy,1,50.39,52,2025-02-15T05:55:19.051597,S00021_SESSION_006,True,SYNTHETIC / SIMULATED — NOT REAL STUDENT DATA
S00021,Q0502C,Software Engineering,Agile,Hard,0,279.19,53,2025-02-16T13:10:45.477158,S00021_SESSION_006,True,SYNTHETIC / SIMULATED — NOT REAL STUDENT DATA
S00021,Q0407A,Computer Networks,DHCP,Easy,1,49.6,54,2025-02-17T11:13:08.814796,S00021_SESSION_006,True,SYNTHETIC / SIMULATED — NOT REAL STUDENT DATA
S00021,Q0208B,DBMS,ER Model,Medium,0,79.23,55,2025-02-18T08:48:06.776280,S00021_SESSION_006,True,SYNTHETIC / SIMULATED — NOT REAL STUDENT DATA
S00021,Q0510A,Software Engineering,Design Patterns,Easy,0,38.53,56,2025-02-18T17:39:48.609383,S00021_SESSION_006,True,SYNTHETIC / SIMULATED — NOT REAL STUDENT DATA
S00021,Q0403C,Computer Networks,TCP,Hard,1,245.33,57,2025-02-19T20:23:10.302583,S00021_SESSION_006,True,SYNTHETIC / SIMULATED — NOT REAL STUDENT DATA
S00021,Q0404C,Computer Networks,UDP,Hard,0,208.49,58,2025-02-21T07:11:01.552091,S00021_SESSION_006,True,SYNTHETIC / SIMULATED — NOT REAL STUDENT DATA
S00021,Q0409C,Computer Networks,Routing,Hard,0,245.15,59,2025-02-22T14:38:10.820257,S00021_SESSION_006,True,SYNTHETIC / SIMULATED — NOT REAL STUDENT DATA
S00021,Q0209A,DBMS,Relational Algebra,Easy,0,46.12,60,2025-02-23T16:01:25.387202,S00021_SESSION_006,True,SYNTHETIC / SIMULATED — NOT REAL STUDENT DATA
S00022,Q0301S,Operating Systems,Processes,Easy,0,39.3,1,2025-01-02T16:59:35.297476,S00022_SESSION_001,True,SYNTHETIC / SIMULATED — NOT REAL STUDENT DATA
S00022,Q0403C,Computer Networks,TCP,Hard,0,264.31,2,2025-01-03T05:18:19.631291,S00022_SESSION_001,True,SYNTHETIC / SIMULATED — NOT REAL STUDENT DATA
S00022,Q0304S,Operating Systems,Memory Management,Medium,1,25.31,3,2025-01-04T08:10:37.746409,S00022_SESSION_001,True,SYNTHETIC / SIMULATED — NOT REAL STUDENT DATA
S00022,Q0304C,Operating Systems,Memory Management,Hard,0,72.41,4,2025-01-05T07:31:26.045047,S00022_SESSION_001,True,SYNTHETIC / SIMULATED — NOT REAL STUDENT DATA
S00022,Q0208S,DBMS,ER Model,Easy,1,34.36,5,2025-01-05T19:32:49.152364,S00022_SESSION_001,True,SYNTHETIC / SIMULATED — NOT REAL STUDENT DATA
S00022,Q0204C,DBMS,Normalization,Hard,1,101.42,6,2025-01-06T20:54:20.257271,S00022_SESSION_001,True,SYNTHETIC / SIMULATED — NOT REAL STUDENT DATA
S00022,Q0508B,Software Engineering,Software Quality,Medium,0,154.26,7,2025-01-07T14:10:02.530481,S00022_SESSION_001,True,SYNTHETIC / SIMULATED — NOT REAL STUDENT DATA
S00022,Q0404S,Computer Networks,UDP,Easy,1,63.23,8,2025-01-08T14:24:17.943255,S00022_SESSION_001,True,SYNTHETIC / SIMULATED — NOT REAL STUDENT DATA
S00022,Q0407B,Computer Networks,DHCP,Medium,0,109.63,9,2025-01-10T03:43:08.678056,S00022_SESSION_001,True,SYNTHETIC / SIMULATED — NOT REAL STUDENT DATA
S00022,Q0107A,DSA,Graphs,Easy,0,48.24,10,2025-01-11T11:10:25.175407,S00022_SESSION_001,True,SYNTHETIC / SIMULATED — NOT REAL STUDENT DATA
S00022,Q0102A,DSA,Strings,Easy,0,58.04,11,2025-01-12T15:29:10.949374,S00022_SESSION_002,True,SYNTHETIC / SIMULATED — NOT REAL STUDENT DATA
S00022,Q0505A,Software Engineering,Testing,Easy,1,72.44,12,2025-01-13T17:48:19.463973,S00022_SESSION_002,True,SYNTHETIC / SIMULATED — NOT REAL STUDENT DATA
S00022,Q0406C,Computer Networks,HTTP,Hard,0,195.29,13,2025-01-15T06:50:10.798722,S00022_SESSION_002,True,SYNTHETIC / SIMULATED — NOT REAL STUDENT DATA
S00022,Q0502B,Software Engineering,Agile,Medium,0,118.73,14,2025-01-15T20:32:45.077081,S00022_SESSION_002,True,SYNTHETIC / SIMULATED — NOT REAL STUDENT DATA
S00022,Q0507S,Software Engineering,Git/Version Control,Easy,1,69.23,15,2025-01-16T15:35:50.174252,S00022_SESSION_002,True,SYNTHETIC / SIMULATED — NOT REAL STUDENT DATA
S00022,Q0507A,Software Engineering,Git/Version Control,Easy,0,65.98,16,2025-01-18T02:00:37.069009,S00022_SESSION_002,True,SYNTHETIC / SIMULATED — NOT REAL STUDENT DATA
S00022,Q0501B,Software Engineering,SDLC,Medium,0,103.85,17,2025-01-18T14:46:07.503156,S00022_SESSION_002,True,SYNTHETIC / SIMULATED — NOT REAL STUDENT DATA
S00022,Q0509C,Software Engineering,Project Management,Hard,1,128.62,18,2025-01-19T22:50:59.679154,S00022_SESSION_002,True,SYNTHETIC / SIMULATED — NOT REAL STUDENT DATA
S00022,Q0206C,DBMS,Transactions,Hard,0,129.61,19,2025-01-21T10:16:23.577421,S00022_SESSION_002,True,SYNTHETIC / SIMULATED — NOT REAL STUDENT DATA
S00022,Q0107A,DSA,Graphs,Easy,1,67.25,20,2025-01-22T20:54:31.574702,S00022_SESSION_002,True,SYNTHETIC / SIMULATED — NOT REAL STUDENT DATA
S00022,Q0408B,Computer Networks,IP Addressing,Medium,1,100.07,21,2025-01-23T12:33:49.544482,S00022_SESSION_003,True,SYNTHETIC / SIMULATED — NOT REAL STUDENT DATA
S00022,Q0504A,Software Engineering,SRS,Easy,1,57.07,22,2025-01-24T06:37:38.133614,S00022_SESSION_003,True,SYNTHETIC / SIMULATED — NOT REAL STUDENT DATA
S00022,Q0510B,Software Engineering,Design Patterns,Medium,1,115.61,23,2025-01-25T14:50:33.899467,S00022_SESSION_003,True,SYNTHETIC / SIMULATED — NOT REAL STUDENT DATA
S00022,Q0506A,Software Engineering,UML,Easy,1,55.93,24,2025-01-26T08:48:02.400548,S00022_SESSION_003,True,SYNTHETIC / SIMULATED — NOT REAL STUDENT DATA
S00022,Q0404C,Computer Networks,UDP,Hard,1,125.15,25,2025-01-27T08:35:27.433347,S00022_SESSION_003,True,SYNTHETIC / SIMULATED — NOT REAL STUDENT DATA
S00022,Q0102S,DSA,Strings,Easy,0,53.14,26,2025-01-28T11:56:18.928356,S00022_SESSION_003,True,SYNTHETIC / SIMULATED — NOT REAL STUDENT DATA
S00022,Q0201A,DBMS,DBMS Basics,Easy,1,19.95,27,2025-01-29T14:33:28.174132,S00022_SESSION_003,True,SYNTHETIC / SIMULATED — NOT REAL STUDENT DATA
S00022,Q0208B,DBMS,ER Model,Medium,1,50.65,28,2025-01-29T23:34:05.628460,S00022_SESSION_003,True,SYNTHETIC / SIMULATED — NOT REAL STUDENT DATA
S00022,Q0107B,DSA,Graphs,Medium,0,94.22,29,2025-01-30T08:01:19.220137,S00022_SESSION_003,True,SYNTHETIC / SIMULATED — NOT REAL STUDENT DATA
S00022,Q0510B,Software Engineering,Design Patterns,Medium,0,129.84,30,2025-01-30T22:46:54.479538,S00022_SESSION_003,True,SYNTHETIC / SIMULATED — NOT REAL STUDENT DATA
S00022,Q0407B,Computer Networks,DHCP,Medium,0,120.62,31,2025-02-01T07:22:44.723949,S00022_SESSION_004,True,SYNTHETIC / SIMULATED — NOT REAL STUDENT DATA
S00022,Q0401C,Computer Networks,OSI,Hard,0,300.65,32,2025-02-01T21:32:10.403723,S00022_SESSION_004,True,SYNTHETIC / SIMULATED — NOT REAL STUDENT DATA
S00022,Q0507C,Software Engineering,Git/Version Control,Hard,0,145.95,33,2025-02-02T21:46:00.556737,S00022_SESSION_004,True,SYNTHETIC / SIMULATED — NOT REAL STUDENT DATA
S00022,Q0302A,Operating Systems,CPU Scheduling,Easy,1,44.28,34,2025-02-04T11:21:23.146926,S00022_SESSION_004,True,SYNTHETIC / SIMULATED — NOT REAL STUDENT DATA
S00022,Q0106A,DSA,Trees,Easy,1,43.91,35,2025-02-04T18:25:55.132607,S00022_SESSION_004,True,SYNTHETIC / SIMULATED — NOT REAL STUDENT DATA
S00022,Q0305A,Operating Systems,Paging,Easy,1,59.33,36,2025-02-05T15:03:10.143013,S00022_SESSION_004,True,SYNTHETIC / SIMULATED — NOT REAL STUDENT DATA
S00022,Q0508A,Software Engineering,Software Quality,Easy,1,53.78,37,2025-02-06T04:49:15.445629,S00022_SESSION_004,True,SYNTHETIC / SIMULATED — NOT REAL STUDENT DATA
S00022,Q0209B,DBMS,Relational Algebra,Medium,1,91.99,38,2025-02-07T11:41:53.237139,S00022_SESSION_004,True,SYNTHETIC / SIMULATED — NOT REAL STUDENT DATA
S00022,Q0205B,DBMS,Joins,Medium,1,92.7,39,2025-02-08T08:45:25.635358,S00022_SESSION_004,True,SYNTHETIC / SIMULATED — NOT REAL STUDENT DATA
S00022,Q0309B,Operating Systems,I/O Management,Medium,1,52.9,40,2025-02-09T18:21:23.832793,S00022_SESSION_004,True,SYNTHETIC / SIMULATED — NOT REAL STUDENT DATA
S00022,Q0310B,Operating Systems,Security,Medium,1,41.02,41,2025-02-10T13:07:55.865827,S00022_SESSION_005,True,SYNTHETIC / SIMULATED — NOT REAL STUDENT DATA
S00022,Q0408S,Computer Networks,IP Addressing,Medium,0,97.19,42,2025-02-11T15:38:58.156983,S00022_SESSION_005,True,SYNTHETIC / SIMULATED — NOT REAL STUDENT DATA
S00022,Q0207S,DBMS,Indexing,Medium,1,50.68,43,2025-02-13T03:27:10.058274,S00022_SESSION_005,True,SYNTHETIC / SIMULATED — NOT REAL STUDENT DATA
S00022,Q0206A,DBMS,Transactions,Easy,1,30.6,44,2025-02-13T09:21:16.245182,S00022_SESSION_005,True,SYNTHETIC / SIMULATED — NOT REAL STUDENT DATA
S00022,Q0110B,DSA,Dynamic Programming,Medium,0,110.28,45,2025-02-14T19:44:05.856877,S00022_SESSION_005,True,SYNTHETIC / SIMULATED — NOT REAL STUDENT DATA
S00022,Q0101S,DSA,Arrays,Easy,1,45.15,46,2025-02-16T04:49:09.206019,S00022_SESSION_005,True,SYNTHETIC / SIMULATED — NOT REAL STUDENT DATA
S00022,Q0505B,Software Engineering,Testing,Medium,0,113.9,47,2025-02-17T17:42:21.149730,S00022_SESSION_005,True,SYNTHETIC / SIMULATED — NOT REAL STUDENT DATA
S00022,Q0109C,DSA,Heap,Hard,0,250.79,48,2025-02-18T16:19:16.237691,S00022_SESSION_005,True,SYNTHETIC / SIMULATED — NOT REAL STUDENT DATA
S00022,Q0506A,Software Engineering,UML,Easy,1,79.27,49,2025-02-19T22:13:49.914605,S00022_SESSION_005,True,SYNTHETIC / SIMULATED — NOT REAL STUDENT DATA
S00022,Q0507A,Software Engineering,Git/Version Control,Easy,1,81.99,50,2025-02-21T05:15:21.316533,S00022_SESSION_005,True,SYNTHETIC / SIMULATED — NOT REAL STUDENT DATA
S00022,Q0102A,DSA,Strings,Easy,0,53.22,51,2025-02-22T13:01:42.700168,S00022_SESSION_006,True,SYNTHETIC / SIMULATED — NOT REAL STUDENT DATA
S00022,Q0108A,DSA,Hashing,Easy,1,31.83,52,2025-02-23T03:51:28.753340,S00022_SESSION_006,True,SYNTHETIC / SIMULATED — NOT REAL STUDENT DATA
S00022,Q0109B,DSA,Heap,Medium,0,150.91,53,2025-02-24T08:00:42.885744,S00022_SESSION_006,True,SYNTHETIC / SIMULATED — NOT REAL STUDENT DATA
S00022,Q0104B,DSA,Stack & Queue,Medium,1,52.43,54,2025-02-25T20:56:02.100611,S00022_SESSION_006,True,SYNTHETIC / SIMULATED — NOT REAL STUDENT DATA
S00022,Q0103A,DSA,Linked Lists,Easy,1,65.09,55,2025-02-26T08:13:55.124873,S00022_SESSION_006,True,SYNTHETIC / SIMULATED — NOT REAL STUDENT DATA
S00022,Q0204A,DBMS,Normalization,Easy,1,18.35,56,2025-02-26T16:20:42.456962,S00022_SESSION_006,True,SYNTHETIC / SIMULATED — NOT REAL STUDENT DATA
S00022,Q0310C,Operating Systems,Security,Hard,0,148.39,57,2025-02-28T06:03:21.206718,S00022_SESSION_006,True,SYNTHETIC / SIMULATED — NOT REAL STUDENT DATA
S00022,Q0307A,Operating Systems,File Systems,Easy,1,41.78,58,2025-03-01T05:53:14.423379,S00022_SESSION_006,True,SYNTHETIC / SIMULATED — NOT REAL STUDENT DATA
S00022,Q0205A,DBMS,Joins,Easy,1,26.25,59,2025-03-01T21:41:57.254176,S00022_SESSION_006,True,SYNTHETIC / SIMULATED — NOT REAL STUDENT DATA
S00022,Q0406B,Computer Networks,HTTP,Medium,0,105.84,60,2025-03-03T05:53:35.249703,S00022_SESSION_006,True,SYNTHETIC / SIMULATED — NOT REAL STUDENT DATA
S00023,Q0108B,DSA,Hashing,Medium,0,113.89,1,2025-01-03T22:07:48.307448,S00023_SESSION_001,True,SYNTHETIC / SIMULATED — NOT REAL STUDENT DATA
S00023,Q0302B,Operating Systems,CPU Scheduling,Medium,1,114.88,2,2025-01-04T20:38:27.891842,S00023_SESSION_001,True,SYNTHETIC / SIMULATED — NOT REAL STUDENT DATA
S00023,Q0204B,DBMS,Normalization,Medium,0,138.86,3,2025-01-05T21:17:49.560812,S00023_SESSION_001,True,SYNTHETIC / SIMULATED — NOT REAL STUDENT DATA
S00023,Q0308C,Operating Systems,Threads,Hard,1,180.7,4,2025-01-07T09:42:41.902256,S00023_SESSION_001,True,SYNTHETIC / SIMULATED — NOT REAL STUDENT DATA
S00023,Q0307C,Operating Systems,File Systems,Hard,0,100.6,5,2025-01-08T00:45:28.657658,S00023_SESSION_001,True,SYNTHETIC / SIMULATED — NOT REAL STUDENT DATA
S00023,Q0501S,Software Engineering,SDLC,Easy,0,64.3,6,2025-01-09T10:57:15.046321,S00023_SESSION_001,True,SYNTHETIC / SIMULATED — NOT REAL STUDENT DATA
S00023,Q0207A,DBMS,Indexing,Easy,0,96.04,7,2025-01-10T08:36:44.494084,S00023_SESSION_001,True,SYNTHETIC / SIMULATED — NOT REAL STUDENT DATA
S00023,Q0502B,Software Engineering,Agile,Medium,1,54.18,8,2025-01-11T15:52:12.400113,S00023_SESSION_001,True,SYNTHETIC / SIMULATED — NOT REAL STUDENT DATA
S00023,Q0408A,Computer Networks,IP Addressing,Easy,1,91.23,9,2025-01-13T00:12:10.730652,S00023_SESSION_001,True,SYNTHETIC / SIMULATED — NOT REAL STUDENT DATA
S00023,Q0509A,Software Engineering,Project Management,Easy,0,53.65,10,2025-01-14T10:41:39.506647,S00023_SESSION_001,True,SYNTHETIC / SIMULATED — NOT REAL STUDENT DATA
S00023,Q0309A,Operating Systems,I/O Management,Easy,0,69.26,11,2025-01-14T18:39:54.917679,S00023_SESSION_002,True,SYNTHETIC / SIMULATED — NOT REAL STUDENT DATA
S00023,Q0406C,Computer Networks,HTTP,Hard,0,179.14,12,2025-01-16T00:51:40.308190,S00023_SESSION_002,True,SYNTHETIC / SIMULATED — NOT REAL STUDENT DATA
S00023,Q0104S,DSA,Stack & Queue,Easy,0,73.3,13,2025-01-16T08:35:28.276025,S00023_SESSION_002,True,SYNTHETIC / SIMULATED — NOT REAL STUDENT DATA
S00023,Q0208C,DBMS,ER Model,Hard,1,105.62,14,2025-01-17T18:46:18.686615,S00023_SESSION_002,True,SYNTHETIC / SIMULATED — NOT REAL STUDENT DATA
S00023,Q0105S,DSA,Recursion,Medium,0,116.51,15,2025-01-19T05:21:44.288072,S00023_SESSION_002,True,SYNTHETIC / SIMULATED — NOT REAL STUDENT DATA
S00023,Q0501B,Software Engineering,SDLC,Medium,0,122.74,16,2025-01-20T07:07:00.160369,S00023_SESSION_002,True,SYNTHETIC / SIMULATED — NOT REAL STUDENT DATA
S00023,Q0306B,Operating Systems,Synchronization,Medium,0,120.93,17,2025-01-21T17:17:49.604146,S00023_SESSION_002,True,SYNTHETIC / SIMULATED — NOT REAL STUDENT DATA
S00023,Q0304C,Operating Systems,Memory Management,Hard,0,295.46,18,2025-01-22T14:28:45.736161,S00023_SESSION_002,True,SYNTHETIC / SIMULATED — NOT REAL STUDENT DATA
S00023,Q0508C,Software Engineering,Software Quality,Hard,0,309.47,19,2025-01-23T14:01:56.152738,S00023_SESSION_002,True,SYNTHETIC / SIMULATED — NOT REAL STUDENT DATA
S00023,Q0406B,Computer Networks,HTTP,Medium,1,98.97,20,2025-01-24T13:38:02.540042,S00023_SESSION_002,True,SYNTHETIC / SIMULATED — NOT REAL STUDENT DATA
S00023,Q0508A,Software Engineering,Software Quality,Easy,1,72.16,21,2025-01-26T03:12:54.116698,S00023_SESSION_003,True,SYNTHETIC / SIMULATED — NOT REAL STUDENT DATA
S00023,Q0307B,Operating Systems,File Systems,Medium,0,77.09,22,2025-01-27T16:46:03.548971,S00023_SESSION_003,True,SYNTHETIC / SIMULATED — NOT REAL STUDENT DATA
S00023,Q0506A,Software Engineering,UML,Easy,1,60.42,23,2025-01-28T17:19:33.950565,S00023_SESSION_003,True,SYNTHETIC / SIMULATED — NOT REAL STUDENT DATA
S00023,Q0308B,Operating Systems,Threads,Medium,1,80.88,24,2025-01-29T14:04:19.994648,S00023_SESSION_003,True,SYNTHETIC / SIMULATED — NOT REAL STUDENT DATA
S00023,Q0509B,Software Engineering,Project Management,Medium,0,79.0,25,2025-01-30T06:08:58.224734,S00023_SESSION_003,True,SYNTHETIC / SIMULATED — NOT REAL STUDENT DATA
S00023,Q0510S,Software Engineering,Design Patterns,Hard,0,215.09,26,2025-01-31T05:47:07.613624,S00023_SESSION_003,True,SYNTHETIC / SIMULATED — NOT REAL STUDENT DATA
S00023,Q0306B,Operating Systems,Synchronization,Medium,1,91.59,27,2025-01-31T19:34:12.701169,S00023_SESSION_003,True,SYNTHETIC / SIMULATED — NOT REAL STUDENT DATA
S00023,Q0206B,DBMS,Transactions,Medium,1,75.27,28,2025-02-01T05:25:14.458283,S00023_SESSION_003,True,SYNTHETIC / SIMULATED — NOT REAL STUDENT DATA
S00023,Q0501S,Software Engineering,SDLC,Easy,1,68.47,29,2025-02-02T00:24:24.020028,S00023_SESSION_003,True,SYNTHETIC / SIMULATED — NOT REAL STUDENT DATA
S00023,Q0201B,DBMS,DBMS Basics,Medium,0,119.9,30,2025-02-03T00:25:02.441183,S00023_SESSION_003,True,SYNTHETIC / SIMULATED — NOT REAL STUDENT DATA
S00023,Q0209A,DBMS,Relational Algebra,Easy,1,53.49,31,2025-02-03T12:57:49.598778,S00023_SESSION_004,True,SYNTHETIC / SIMULATED — NOT REAL STUDENT DATA
S00023,Q0410S,Computer Networks,Network Security,Hard,1,107.97,32,2025-02-03T21:18:19.004326,S00023_SESSION_004,True,SYNTHETIC / SIMULATED — NOT REAL STUDENT DATA
S00023,Q0109B,DSA,Heap,Medium,0,131.68,33,2025-02-05T01:37:25.880043,S00023_SESSION_004,True,SYNTHETIC / SIMULATED — NOT REAL STUDENT DATA
S00023,Q0504C,Software Engineering,SRS,Hard,0,208.53,34,2025-02-05T19:33:16.000433,S00023_SESSION_004,True,SYNTHETIC / SIMULATED — NOT REAL STUDENT DATA
S00023,Q0507B,Software Engineering,Git/Version Control,Medium,1,131.99,35,2025-02-06T06:47:17.412824,S00023_SESSION_004,True,SYNTHETIC / SIMULATED — NOT REAL STUDENT DATA
S00023,Q0403S,Computer Networks,TCP,Medium,0,112.86,36,2025-02-06T21:57:35.703174,S00023_SESSION_004,True,SYNTHETIC / SIMULATED — NOT REAL STUDENT DATA
S00023,Q0307S,Operating Systems,File Systems,Easy,1,90.96,37,2025-02-07T09:42:19.782413,S00023_SESSION_004,True,SYNTHETIC / SIMULATED — NOT REAL STUDENT DATA
S00023,Q0310S,Operating Systems,Security,Hard,0,335.78,38,2025-02-07T19:04:19.311444,S00023_SESSION_004,True,SYNTHETIC / SIMULATED — NOT REAL STUDENT DATA
S00023,Q0309A,Operating Systems,I/O Management,Easy,0,55.43,39,2025-02-08T01:39:20.810665,S00023_SESSION_004,True,SYNTHETIC / SIMULATED — NOT REAL STUDENT DATA
S00023,Q0405B,Computer Networks,DNS,Medium,0,162.01,40,2025-02-08T17:04:12.581886,S00023_SESSION_004,True,SYNTHETIC / SIMULATED — NOT REAL STUDENT DATA
S00023,Q0409B,Computer Networks,Routing,Medium,0,65.61,41,2025-02-09T18:34:22.651413,S00023_SESSION_005,True,SYNTHETIC / SIMULATED — NOT REAL STUDENT DATA
S00023,Q0510S,Software Engineering,Design Patterns,Hard,0,161.83,42,2025-02-09T22:54:38.542251,S00023_SESSION_005,True,SYNTHETIC / SIMULATED — NOT REAL STUDENT DATA
S00023,Q0101S,DSA,Arrays,Easy,1,53.71,43,2025-02-10T23:45:48.738311,S00023_SESSION_005,True,SYNTHETIC / SIMULATED — NOT REAL STUDENT DATA
S00023,Q0406C,Computer Networks,HTTP,Hard,0,287.29,44,2025-02-12T05:04:33.039119,S00023_SESSION_005,True,SYNTHETIC / SIMULATED — NOT REAL STUDENT DATA
S00023,Q0303A,Operating Systems,Deadlocks,Easy,1,31.75,45,2025-02-12T17:17:31.361471,S00023_SESSION_005,True,SYNTHETIC / SIMULATED — NOT REAL STUDENT DATA
S00023,Q0409B,Computer Networks,Routing,Medium,0,194.89,46,2025-02-14T02:47:24.040089,S00023_SESSION_005,True,SYNTHETIC / SIMULATED — NOT REAL STUDENT DATA
S00023,Q0306A,Operating Systems,Synchronization,Easy,0,83.36,47,2025-02-14T18:11:28.189287,S00023_SESSION_005,True,SYNTHETIC / SIMULATED — NOT REAL STUDENT DATA
S00023,Q0206A,DBMS,Transactions,Easy,0,67.08,48,2025-02-15T20:21:40.363778,S00023_SESSION_005,True,SYNTHETIC / SIMULATED — NOT REAL STUDENT DATA
S00023,Q0102A,DSA,Strings,Easy,1,32.97,49,2025-02-16T01:02:04.170019,S00023_SESSION_005,True,SYNTHETIC / SIMULATED — NOT REAL STUDENT DATA
S00023,Q0503B,Software Engineering,Waterfall,Medium,0,205.31,50,2025-02-16T09:33:24.476050,S00023_SESSION_005,True,SYNTHETIC / SIMULATED — NOT REAL STUDENT DATA
S00023,Q0507B,Software Engineering,Git/Version Control,Medium,0,153.32,51,2025-02-16T14:45:07.707472,S00023_SESSION_006,True,SYNTHETIC / SIMULATED — NOT REAL STUDENT DATA
S00023,Q0503S,Software Engineering,Waterfall,Medium,0,227.46,52,2025-02-17T17:27:09.534713,S00023_SESSION_006,True,SYNTHETIC / SIMULATED — NOT REAL STUDENT DATA
S00023,Q0110A,DSA,Dynamic Programming,Easy,0,89.04,53,2025-02-18T15:14:48.173840,S00023_SESSION_006,True,SYNTHETIC / SIMULATED — NOT REAL STUDENT DATA
S00023,Q0104B,DSA,Stack & Queue,Medium,1,61.21,54,2025-02-19T20:01:52.555787,S00023_SESSION_006,True,SYNTHETIC / SIMULATED — NOT REAL STUDENT DATA
S00023,Q0209A,DBMS,Relational Algebra,Easy,1,57.1,55,2025-02-20T01:52:51.743148,S00023_SESSION_006,True,SYNTHETIC / SIMULATED — NOT REAL STUDENT DATA
S00023,Q0201B,DBMS,DBMS Basics,Medium,0,141.44,56,2025-02-21T08:33:54.171692,S00023_SESSION_006,True,SYNTHETIC / SIMULATED — NOT REAL STUDENT DATA
S00023,Q0101B,DSA,Arrays,Medium,0,86.62,57,2025-02-22T04:36:21.263028,S00023_SESSION_006,True,SYNTHETIC / SIMULATED — NOT REAL STUDENT DATA
S00023,Q0507A,Software Engineering,Git/Version Control,Easy,1,56.34,58,2025-02-23T09:01:57.934546,S00023_SESSION_006,True,SYNTHETIC / SIMULATED — NOT REAL STUDENT DATA
S00023,Q0409A,Computer Networks,Routing,Easy,1,68.02,59,2025-02-23T19:27:31.509982,S00023_SESSION_006,True,SYNTHETIC / SIMULATED — NOT REAL STUDENT DATA
S00023,Q0307B,Operating Systems,File Systems,Medium,1,73.88,60,2025-02-24T06:04:33.256183,S00023_SESSION_006,True,SYNTHETIC / SIMULATED — NOT REAL STUDENT DATA
S00024,Q0104B,DSA,Stack & Queue,Medium,1,54.89,1,2025-01-02T17:35:13.405986,S00024_SESSION_001,True,SYNTHETIC / SIMULATED — NOT REAL STUDENT DATA
S00024,Q0201A,DBMS,DBMS Basics,Easy,0,72.07,2,2025-01-04T01:45:01.481772,S00024_SESSION_001,True,SYNTHETIC / SIMULATED — NOT REAL STUDENT DATA
S00024,Q0410C,Computer Networks,Network Security,Hard,1,134.58,3,2025-01-04T07:21:51.843211,S00024_SESSION_001,True,SYNTHETIC / SIMULATED — NOT REAL STUDENT DATA
S00024,Q0210B,DBMS,Concurrency Control,Medium,0,98.14,4,2025-01-05T01:27:08.341406,S00024_SESSION_001,True,SYNTHETIC / SIMULATED — NOT REAL STUDENT DATA
S00024,Q0402B,Computer Networks,TCP/IP,Medium,0,136.81,5,2025-01-05T19:02:48.935194,S00024_SESSION_001,True,SYNTHETIC / SIMULATED — NOT REAL STUDENT DATA
S00024,Q0107A,DSA,Graphs,Easy,1,50.29,6,2025-01-07T02:48:16.054823,S00024_SESSION_001,True,SYNTHETIC / SIMULATED — NOT REAL STUDENT DATA
S00024,Q0310S,Operating Systems,Security,Hard,0,159.21,7,2025-01-07T10:00:12.211991,S00024_SESSION_001,True,SYNTHETIC / SIMULATED — NOT REAL STUDENT DATA
S00024,Q0509S,Software Engineering,Project Management,Medium,0,100.98,8,2025-01-08T12:40:46.648727,S00024_SESSION_001,True,SYNTHETIC / SIMULATED — NOT REAL STUDENT DATA
S00024,Q0407S,Computer Networks,DHCP,Medium,1,94.8,9,2025-01-09T04:50:56.193735,S00024_SESSION_001,True,SYNTHETIC / SIMULATED — NOT REAL STUDENT DATA
S00024,Q0403S,Computer Networks,TCP,Medium,0,182.54,10,2025-01-10T11:50:33.754636,S00024_SESSION_001,True,SYNTHETIC / SIMULATED — NOT REAL STUDENT DATA
S00024,Q0406B,Computer Networks,HTTP,Medium,0,122.4,11,2025-01-11T20:09:27.919456,S00024_SESSION_002,True,SYNTHETIC / SIMULATED — NOT REAL STUDENT DATA
S00024,Q0503C,Software Engineering,Waterfall,Hard,0,231.25,12,2025-01-12T20:27:24.899993,S00024_SESSION_002,True,SYNTHETIC / SIMULATED — NOT REAL STUDENT DATA
S00024,Q0303S,Operating Systems,Deadlocks,Hard,1,148.46,13,2025-01-13T11:34:49.591781,S00024_SESSION_002,True,SYNTHETIC / SIMULATED — NOT REAL STUDENT DATA
S00024,Q0401A,Computer Networks,OSI,Easy,1,50.17,14,2025-01-13T21:31:53.655327,S00024_SESSION_002,True,SYNTHETIC / SIMULATED — NOT REAL STUDENT DATA
S00024,Q0501C,Software Engineering,SDLC,Hard,1,141.19,15,2025-01-14T04:31:31.182994,S00024_SESSION_002,True,SYNTHETIC / SIMULATED — NOT REAL STUDENT DATA
S00024,Q0402B,Computer Networks,TCP/IP,Medium,0,90.19,16,2025-01-15T16:45:56.413145,S00024_SESSION_002,True,SYNTHETIC / SIMULATED — NOT REAL STUDENT DATA
S00024,Q0508S,Software Engineering,Software Quality,Medium,1,109.44,17,2025-01-16T07:37:07.794096,S00024_SESSION_002,True,SYNTHETIC / SIMULATED — NOT REAL STUDENT DATA
S00024,Q0209B,DBMS,Relational Algebra,Medium,0,83.68,18,2025-01-16T22:53:58.497018,S00024_SESSION_002,True,SYNTHETIC / SIMULATED — NOT REAL STUDENT DATA
S00024,Q0504C,Software Engineering,SRS,Hard,0,250.53,19,2025-01-17T08:54:38.583954,S00024_SESSION_002,True,SYNTHETIC / SIMULATED — NOT REAL STUDENT DATA
S00024,Q0105A,DSA,Recursion,Easy,1,45.11,20,2025-01-18T08:03:59.122621,S00024_SESSION_002,True,SYNTHETIC / SIMULATED — NOT REAL STUDENT DATA
S00024,Q0301A,Operating Systems,Processes,Easy,0,70.95,21,2025-01-19T07:10:03.133965,S00024_SESSION_003,True,SYNTHETIC / SIMULATED — NOT REAL STUDENT DATA
S00024,Q0404C,Computer Networks,UDP,Hard,0,114.49,22,2025-01-20T02:03:03.030182,S00024_SESSION_003,True,SYNTHETIC / SIMULATED — NOT REAL STUDENT DATA
S00024,Q0204B,DBMS,Normalization,Medium,0,182.8,23,2025-01-21T05:43:40.154133,S00024_SESSION_003,True,SYNTHETIC / SIMULATED — NOT REAL STUDENT DATA
S00024,Q0505C,Software Engineering,Testing,Hard,1,166.36,24,2025-01-22T17:30:58.865148,S00024_SESSION_003,True,SYNTHETIC / SIMULATED — NOT REAL STUDENT DATA
S00024,Q0202S,DBMS,Keys,Easy,0,48.43,25,2025-01-23T07:52:16.473491,S00024_SESSION_003,True,SYNTHETIC / SIMULATED — NOT REAL STUDENT DATA
S00024,Q0407B,Computer Networks,DHCP,Medium,1,124.98,26,2025-01-23T10:59:31.637977,S00024_SESSION_003,True,SYNTHETIC / SIMULATED — NOT REAL STUDENT DATA
S00024,Q0510B,Software Engineering,Design Patterns,Medium,0,165.64,27,2025-01-23T20:36:06.224139,S00024_SESSION_003,True,SYNTHETIC / SIMULATED — NOT REAL STUDENT DATA
S00024,Q0403S,Computer Networks,TCP,Medium,0,136.18,28,2025-01-24T14:19:55.099703,S00024_SESSION_003,True,SYNTHETIC / SIMULATED — NOT REAL STUDENT DATA
S00024,Q0402A,Computer Networks,TCP/IP,Easy,0,99.47,29,2025-01-24T21:31:31.109571,S00024_SESSION_003,True,SYNTHETIC / SIMULATED — NOT REAL STUDENT DATA
S00024,Q0503B,Software Engineering,Waterfall,Medium,0,120.35,30,2025-01-26T07:28:00.785961,S00024_SESSION_003,True,SYNTHETIC / SIMULATED — NOT REAL STUDENT DATA
S00024,Q0101S,DSA,Arrays,Easy,1,70.78,31,2025-01-26T19:31:50.721486,S00024_SESSION_004,True,SYNTHETIC / SIMULATED — NOT REAL STUDENT DATA
S00024,Q0205S,DBMS,Joins,Medium,0,81.6,32,2025-01-27T17:26:35.500662,S00024_SESSION_004,True,SYNTHETIC / SIMULATED — NOT REAL STUDENT DATA
S00024,Q0308S,Operating Systems,Threads,Medium,0,122.22,33,2025-01-28T06:23:16.407493,S00024_SESSION_004,True,SYNTHETIC / SIMULATED — NOT REAL STUDENT DATA
S00024,Q0404B,Computer Networks,UDP,Medium,1,63.95,34,2025-01-29T02:51:41.948991,S00024_SESSION_004,True,SYNTHETIC / SIMULATED — NOT REAL STUDENT DATA
S00024,Q0509B,Software Engineering,Project Management,Medium,1,78.72,35,2025-01-29T13:12:21.028780,S00024_SESSION_004,True,SYNTHETIC / SIMULATED — NOT REAL STUDENT DATA
S00024,Q0410A,Computer Networks,Network Security,Easy,1,62.36,36,2025-01-29T23:06:39.945324,S00024_SESSION_004,True,SYNTHETIC / SIMULATED — NOT REAL STUDENT DATA
S00024,Q0208B,DBMS,ER Model,Medium,1,98.6,37,2025-01-30T13:02:23.194009,S00024_SESSION_004,True,SYNTHETIC / SIMULATED — NOT REAL STUDENT DATA
S00024,Q0408A,Computer Networks,IP Addressing,Easy,0,48.65,38,2025-01-31T19:41:34.617392,S00024_SESSION_004,True,SYNTHETIC / SIMULATED — NOT REAL STUDENT DATA
S00024,Q0109A,DSA,Heap,Easy,0,51.61,39,2025-02-01T00:35:27.109879,S00024_SESSION_004,True,SYNTHETIC / SIMULATED — NOT REAL STUDENT DATA
S00024,Q0107C,DSA,Graphs,Hard,0,204.78,40,2025-02-02T08:42:32.571727,S00024_SESSION_004,True,SYNTHETIC / SIMULATED — NOT REAL STUDENT DATA
S00024,Q0207A,DBMS,Indexing,Easy,1,36.39,41,2025-02-03T00:48:25.154625,S00024_SESSION_005,True,SYNTHETIC / SIMULATED — NOT REAL STUDENT DATA
S00024,Q0507C,Software Engineering,Git/Version Control,Hard,1,231.47,42,2025-02-04T07:34:48.782949,S00024_SESSION_005,True,SYNTHETIC / SIMULATED — NOT REAL STUDENT DATA
S00024,Q0104S,DSA,Stack & Queue,Easy,1,50.78,43,2025-02-05T15:28:36.979858,S00024_SESSION_005,True,SYNTHETIC / SIMULATED — NOT REAL STUDENT DATA
S00024,Q0201B,DBMS,DBMS Basics,Medium,0,116.53,44,2025-02-06T12:25:25.624890,S00024_SESSION_005,True,SYNTHETIC / SIMULATED — NOT REAL STUDENT DATA
S00024,Q0104C,DSA,Stack & Queue,Hard,0,121.08,45,2025-02-06T18:50:38.947596,S00024_SESSION_005,True,SYNTHETIC / SIMULATED — NOT REAL STUDENT DATA
S00024,Q0103B,DSA,Linked Lists,Medium,1,126.7,46,2025-02-07T09:38:25.198082,S00024_SESSION_005,True,SYNTHETIC / SIMULATED — NOT REAL STUDENT DATA
S00024,Q0302S,Operating Systems,CPU Scheduling,Medium,0,92.63,47,2025-02-08T19:55:27.107206,S00024_SESSION_005,True,SYNTHETIC / SIMULATED — NOT REAL STUDENT DATA
S00024,Q0310A,Operating Systems,Security,Easy,1,42.36,48,2025-02-10T02:06:36.007937,S00024_SESSION_005,True,SYNTHETIC / SIMULATED — NOT REAL STUDENT DATA
S00024,Q0207A,DBMS,Indexing,Easy,1,38.46,49,2025-02-10T23:05:48.205130,S00024_SESSION_005,True,SYNTHETIC / SIMULATED — NOT REAL STUDENT DATA
S00024,Q0210C,DBMS,Concurrency Control,Hard,0,195.01,50,2025-02-11T03:47:22.837118,S00024_SESSION_005,True,SYNTHETIC / SIMULATED — NOT REAL STUDENT DATA
S00024,Q0310B,Operating Systems,Security,Medium,0,111.98,51,2025-02-12T13:17:01.277577,S00024_SESSION_006,True,SYNTHETIC / SIMULATED — NOT REAL STUDENT DATA
S00024,Q0305B,Operating Systems,Paging,Medium,1,72.16,52,2025-02-13T05:50:55.171829,S00024_SESSION_006,True,SYNTHETIC / SIMULATED — NOT REAL STUDENT DATA
S00024,Q0408B,Computer Networks,IP Addressing,Medium,0,216.84,53,2025-02-13T16:31:08.229624,S00024_SESSION_006,True,SYNTHETIC / SIMULATED — NOT REAL STUDENT DATA
S00024,Q0204S,DBMS,Normalization,Medium,0,191.62,54,2025-02-14T22:36:19.536015,S00024_SESSION_006,True,SYNTHETIC / SIMULATED — NOT REAL STUDENT DATA
S00024,Q0401A,Computer Networks,OSI,Easy,1,62.45,55,2025-02-15T02:08:07.530930,S00024_SESSION_006,True,SYNTHETIC / SIMULATED — NOT REAL STUDENT DATA
S00024,Q0206S,DBMS,Transactions,Medium,1,99.81,56,2025-02-15T07:09:50.830568,S00024_SESSION_006,True,SYNTHETIC / SIMULATED — NOT REAL STUDENT DATA
S00024,Q0409A,Computer Networks,Routing,Easy,1,70.38,57,2025-02-16T07:18:44.492603,S00024_SESSION_006,True,SYNTHETIC / SIMULATED — NOT REAL STUDENT DATA
S00024,Q0107C,DSA,Graphs,Hard,0,174.67,58,2025-02-17T05:19:31.034358,S00024_SESSION_006,True,SYNTHETIC / SIMULATED — NOT REAL STUDENT DATA
S00024,Q0305B,Operating Systems,Paging,Medium,0,63.17,59,2025-02-18T10:02:46.919391,S00024_SESSION_006,True,SYNTHETIC / SIMULATED — NOT REAL STUDENT DATA
S00024,Q0110B,DSA,Dynamic Programming,Medium,1,119.83,60,2025-02-19T11:14:01.115251,S00024_SESSION_006,True,SYNTHETIC / SIMULATED — NOT REAL STUDENT DATA
S00025,Q0510B,Software Engineering,Design Patterns,Medium,1,74.22,1,2025-01-03T03:35:13.067758,S00025_SESSION_001,True,SYNTHETIC / SIMULATED — NOT REAL STUDENT DATA
S00025,Q0303C,Operating Systems,Deadlocks,Hard,1,108.56,2,2025-01-03T12:10:46.481688,S00025_SESSION_001,True,SYNTHETIC / SIMULATED — NOT REAL STUDENT DATA
S00025,Q0510A,Software Engineering,Design Patterns,Easy,1,30.16,3,2025-01-04T21:54:01.717115,S00025_SESSION_001,True,SYNTHETIC / SIMULATED — NOT REAL STUDENT DATA
S00025,Q0506A,Software Engineering,UML,Easy,1,49.95,4,2025-01-06T02:04:46.376301,S00025_SESSION_001,True,SYNTHETIC / SIMULATED — NOT REAL STUDENT DATA
S00025,Q0505A,Software Engineering,Testing,Easy,1,37.1,5,2025-01-06T12:38:21.426892,S00025_SESSION_001,True,SYNTHETIC / SIMULATED — NOT REAL STUDENT DATA
S00025,Q0207A,DBMS,Indexing,Easy,1,53.64,6,2025-01-06T16:33:48.420270,S00025_SESSION_001,True,SYNTHETIC / SIMULATED — NOT REAL STUDENT DATA
S00025,Q0105C,DSA,Recursion,Hard,0,88.61,7,2025-01-08T02:20:35.984855,S00025_SESSION_001,True,SYNTHETIC / SIMULATED — NOT REAL STUDENT DATA
S00025,Q0302B,Operating Systems,CPU Scheduling,Medium,1,44.43,8,2025-01-09T07:03:26.336750,S00025_SESSION_001,True,SYNTHETIC / SIMULATED — NOT REAL STUDENT DATA
S00025,Q0405S,Computer Networks,DNS,Easy,1,32.93,9,2025-01-09T23:41:30.515227,S00025_SESSION_001,True,SYNTHETIC / SIMULATED — NOT REAL STUDENT DATA
S00025,Q0209S,DBMS,Relational Algebra,Hard,1,82.62,10,2025-01-10T09:54:50.596669,S00025_SESSION_001,True,SYNTHETIC / SIMULATED — NOT REAL STUDENT DATA
S00025,Q0310B,Operating Systems,Security,Medium,1,55.45,11,2025-01-11T06:36:31.813192,S00025_SESSION_002,True,SYNTHETIC / SIMULATED — NOT REAL STUDENT DATA
S00025,Q0409B,Computer Networks,Routing,Medium,1,69.12,12,2025-01-11T20:33:24.131798,S00025_SESSION_002,True,SYNTHETIC / SIMULATED — NOT REAL STUDENT DATA
S00025,Q0305A,Operating Systems,Paging,Easy,1,22.46,13,2025-01-12T01:04:44.319911,S00025_SESSION_002,True,SYNTHETIC / SIMULATED — NOT REAL STUDENT DATA
S00025,Q0502B,Software Engineering,Agile,Medium,0,82.53,14,2025-01-12T20:13:05.230347,S00025_SESSION_002,True,SYNTHETIC / SIMULATED — NOT REAL STUDENT DATA
S00025,Q0101B,DSA,Arrays,Medium,1,76.56,15,2025-01-13T08:26:13.860911,S00025_SESSION_002,True,SYNTHETIC / SIMULATED — NOT REAL STUDENT DATA
S00025,Q0309A,Operating Systems,I/O Management,Easy,0,76.36,16,2025-01-14T09:16:09.855725,S00025_SESSION_002,True,SYNTHETIC / SIMULATED — NOT REAL STUDENT DATA
S00025,Q0310S,Operating Systems,Security,Hard,1,85.52,17,2025-01-14T15:55:18.199157,S00025_SESSION_002,True,SYNTHETIC / SIMULATED — NOT REAL STUDENT DATA
S00025,Q0403A,Computer Networks,TCP,Easy,1,38.48,18,2025-01-15T11:14:45.963354,S00025_SESSION_002,True,SYNTHETIC / SIMULATED — NOT REAL STUDENT DATA
S00025,Q0403A,Computer Networks,TCP,Easy,0,36.35,19,2025-01-16T20:24:41.961064,S00025_SESSION_002,True,SYNTHETIC / SIMULATED — NOT REAL STUDENT DATA
S00025,Q0102B,DSA,Strings,Medium,1,63.65,20,2025-01-17T16:38:44.675227,S00025_SESSION_002,True,SYNTHETIC / SIMULATED — NOT REAL STUDENT DATA
S00025,Q0104C,DSA,Stack & Queue,Hard,0,103.8,21,2025-01-19T01:01:59.212564,S00025_SESSION_003,True,SYNTHETIC / SIMULATED — NOT REAL STUDENT DATA
S00025,Q0102A,DSA,Strings,Easy,1,41.51,22,2025-01-19T14:01:21.514741,S00025_SESSION_003,True,SYNTHETIC / SIMULATED — NOT REAL STUDENT DATA
S00025,Q0105A,DSA,Recursion,Easy,1,40.23,23,2025-01-20T23:45:00.420381,S00025_SESSION_003,True,SYNTHETIC / SIMULATED — NOT REAL STUDENT DATA
S00025,Q0105B,DSA,Recursion,Medium,1,63.84,24,2025-01-21T09:45:24.118602,S00025_SESSION_003,True,SYNTHETIC / SIMULATED — NOT REAL STUDENT DATA
S00025,Q0304S,Operating Systems,Memory Management,Medium,1,123.87,25,2025-01-22T14:09:10.030168,S00025_SESSION_003,True,SYNTHETIC / SIMULATED — NOT REAL STUDENT DATA
S00025,Q0105C,DSA,Recursion,Hard,0,140.4,26,2025-01-23T22:00:56.525042,S00025_SESSION_003,True,SYNTHETIC / SIMULATED — NOT REAL STUDENT DATA
S00025,Q0205A,DBMS,Joins,Easy,1,32.08,27,2025-01-25T06:25:23.721862,S00025_SESSION_003,True,SYNTHETIC / SIMULATED — NOT REAL STUDENT DATA
S00025,Q0208A,DBMS,ER Model,Easy,1,31.32,28,2025-01-25T18:11:46.649948,S00025_SESSION_003,True,SYNTHETIC / SIMULATED — NOT REAL STUDENT DATA
S00025,Q0507A,Software Engineering,Git/Version Control,Easy,1,34.86,29,2025-01-26T10:21:31.169957,S00025_SESSION_003,True,SYNTHETIC / SIMULATED — NOT REAL STUDENT DATA
S00025,Q0302B,Operating Systems,CPU Scheduling,Medium,1,72.43,30,2025-01-26T19:06:55.634963,S00025_SESSION_003,True,SYNTHETIC / SIMULATED — NOT REAL STUDENT DATA
S00025,Q0207A,DBMS,Indexing,Easy,1,16.26,31,2025-01-27T14:11:23.302077,S00025_SESSION_004,True,SYNTHETIC / SIMULATED — NOT REAL STUDENT DATA
S00025,Q0505A,Software Engineering,Testing,Easy,1,40.86,32,2025-01-27T19:48:16.700777,S00025_SESSION_004,True,SYNTHETIC / SIMULATED — NOT REAL STUDENT DATA
S00025,Q0110B,DSA,Dynamic Programming,Medium,1,37.78,33,2025-01-28T22:26:06.786532,S00025_SESSION_004,True,SYNTHETIC / SIMULATED — NOT REAL STUDENT DATA
S00025,Q0205B,DBMS,Joins,Medium,1,93.84,34,2025-01-29T13:33:32.597582,S00025_SESSION_004,True,SYNTHETIC / SIMULATED — NOT REAL STUDENT DATA
S00025,Q0509C,Software Engineering,Project Management,Hard,0,92.94,35,2025-01-30T08:27:06.638762,S00025_SESSION_004,True,SYNTHETIC / SIMULATED — NOT REAL STUDENT DATA
S00025,Q0209A,DBMS,Relational Algebra,Easy,1,24.67,36,2025-01-31T14:36:06.811874,S00025_SESSION_004,True,SYNTHETIC / SIMULATED — NOT REAL STUDENT DATA
S00025,Q0303S,Operating Systems,Deadlocks,Hard,1,74.11,37,2025-02-01T20:51:03.242088,S00025_SESSION_004,True,SYNTHETIC / SIMULATED — NOT REAL STUDENT DATA
S00025,Q0202A,DBMS,Keys,Easy,0,61.0,38,2025-02-03T08:16:17.069166,S00025_SESSION_004,True,SYNTHETIC / SIMULATED — NOT REAL STUDENT DATA
S00025,Q0409A,Computer Networks,Routing,Easy,1,59.91,39,2025-02-04T01:42:43.055718,S00025_SESSION_004,True,SYNTHETIC / SIMULATED — NOT REAL STUDENT DATA
S00025,Q0310B,Operating Systems,Security,Medium,1,49.38,40,2025-02-05T03:32:06.095105,S00025_SESSION_004,True,SYNTHETIC / SIMULATED — NOT REAL STUDENT DATA
S00025,Q0201A,DBMS,DBMS Basics,Easy,1,25.25,41,2025-02-06T06:37:45.741628,S00025_SESSION_005,True,SYNTHETIC / SIMULATED — NOT REAL STUDENT DATA
S00025,Q0402A,Computer Networks,TCP/IP,Easy,1,33.11,42,2025-02-06T13:09:12.027717,S00025_SESSION_005,True,SYNTHETIC / SIMULATED — NOT REAL STUDENT DATA
S00025,Q0210A,DBMS,Concurrency Control,Easy,1,34.52,43,2025-02-07T18:20:45.782207,S00025_SESSION_005,True,SYNTHETIC / SIMULATED — NOT REAL STUDENT DATA
S00025,Q0205C,DBMS,Joins,Hard,0,152.38,44,2025-02-08T04:45:11.124401,S00025_SESSION_005,True,SYNTHETIC / SIMULATED — NOT REAL STUDENT DATA
S00025,Q0307B,Operating Systems,File Systems,Medium,0,107.52,45,2025-02-09T03:43:18.902425,S00025_SESSION_005,True,SYNTHETIC / SIMULATED — NOT REAL STUDENT DATA
S00025,Q0104A,DSA,Stack & Queue,Easy,1,24.92,46,2025-02-09T23:22:13.771494,S00025_SESSION_005,True,SYNTHETIC / SIMULATED — NOT REAL STUDENT DATA
S00025,Q0307S,Operating Systems,File Systems,Easy,1,45.74,47,2025-02-11T10:30:35.329350,S00025_SESSION_005,True,SYNTHETIC / SIMULATED — NOT REAL STUDENT DATA
S00025,Q0409S,Computer Networks,Routing,Hard,0,171.27,48,2025-02-12T04:36:50.230859,S00025_SESSION_005,True,SYNTHETIC / SIMULATED — NOT REAL STUDENT DATA
S00025,Q0205B,DBMS,Joins,Medium,1,45.94,49,2025-02-12T16:51:01.243773,S00025_SESSION_005,True,SYNTHETIC / SIMULATED — NOT REAL STUDENT DATA
S00025,Q0508A,Software Engineering,Software Quality,Easy,1,50.87,50,2025-02-13T14:21:55.459397,S00025_SESSION_005,True,SYNTHETIC / SIMULATED — NOT REAL STUDENT DATA
S00025,Q0303C,Operating Systems,Deadlocks,Hard,1,53.51,51,2025-02-14T03:31:23.412756,S00025_SESSION_006,True,SYNTHETIC / SIMULATED — NOT REAL STUDENT DATA
S00025,Q0503B,Software Engineering,Waterfall,Medium,0,71.79,52,2025-02-14T18:28:54.078542,S00025_SESSION_006,True,SYNTHETIC / SIMULATED — NOT REAL STUDENT DATA
S00025,Q0203C,DBMS,SQL,Hard,0,110.33,53,2025-02-15T08:19:43.912890,S00025_SESSION_006,True,SYNTHETIC / SIMULATED — NOT REAL STUDENT DATA
S00025,Q0205C,DBMS,Joins,Hard,1,97.42,54,2025-02-15T16:13:05.673981,S00025_SESSION_006,True,SYNTHETIC / SIMULATED — NOT REAL STUDENT DATA
S00025,Q0503A,Software Engineering,Waterfall,Easy,0,50.13,55,2025-02-16T23:55:13.009781,S00025_SESSION_006,True,SYNTHETIC / SIMULATED — NOT REAL STUDENT DATA
S00025,Q0402C,Computer Networks,TCP/IP,Hard,0,69.41,56,2025-02-18T02:13:53.367852,S00025_SESSION_006,True,SYNTHETIC / SIMULATED — NOT REAL STUDENT DATA
S00025,Q0304C,Operating Systems,Memory Management,Hard,0,145.54,57,2025-02-18T12:14:44.572682,S00025_SESSION_006,True,SYNTHETIC / SIMULATED — NOT REAL STUDENT DATA
S00025,Q0508B,Software Engineering,Software Quality,Medium,1,77.32,58,2025-02-19T15:34:42.865383,S00025_SESSION_006,True,SYNTHETIC / SIMULATED — NOT REAL STUDENT DATA
S00025,Q0509B,Software Engineering,Project Management,Medium,0,50.1,59,2025-02-20T06:01:56.942055,S00025_SESSION_006,True,SYNTHETIC / SIMULATED — NOT REAL STUDENT DATA
S00025,Q0306A,Operating Systems,Synchronization,Easy,1,30.65,60,2025-02-20T20:32:57.467995,S00025_SESSION_006,True,SYNTHETIC / SIMULATED — NOT REAL STUDENT DATA
S00026,Q0103A,DSA,Linked Lists,Easy,1,65.96,1,2025-01-02T17:31:55.083752,S00026_SESSION_001,True,SYNTHETIC / SIMULATED — NOT REAL STUDENT DATA
S00026,Q0103A,DSA,Linked Lists,Easy,1,64.13,2,2025-01-03T21:19:26.437140,S00026_SESSION_001,True,SYNTHETIC / SIMULATED — NOT REAL STUDENT DATA
S00026,Q0203C,DBMS,SQL,Hard,1,221.48,3,2025-01-04T17:15:56.094205,S00026_SESSION_001,True,SYNTHETIC / SIMULATED — NOT REAL STUDENT DATA
S00026,Q0202S,DBMS,Keys,Easy,1,53.03,4,2025-01-05T21:57:03.231968,S00026_SESSION_001,True,SYNTHETIC / SIMULATED — NOT REAL STUDENT DATA
S00026,Q0208C,DBMS,ER Model,Hard,0,135.58,5,2025-01-06T04:42:54.641364,S00026_SESSION_001,True,SYNTHETIC / SIMULATED — NOT REAL STUDENT DATA
S00026,Q0201A,DBMS,DBMS Basics,Easy,0,44.59,6,2025-01-07T03:22:26.925404,S00026_SESSION_001,True,SYNTHETIC / SIMULATED — NOT REAL STUDENT DATA
S00026,Q0403C,Computer Networks,TCP,Hard,0,111.06,7,2025-01-07T15:03:52.005138,S00026_SESSION_001,True,SYNTHETIC / SIMULATED — NOT REAL STUDENT DATA
S00026,Q0505C,Software Engineering,Testing,Hard,0,171.2,8,2025-01-08T18:37:16.399079,S00026_SESSION_001,True,SYNTHETIC / SIMULATED — NOT REAL STUDENT DATA
S00026,Q0101A,DSA,Arrays,Easy,1,33.11,9,2025-01-09T06:53:14.897859,S00026_SESSION_001,True,SYNTHETIC / SIMULATED — NOT REAL STUDENT DATA
S00026,Q0505C,Software Engineering,Testing,Hard,0,151.26,10,2025-01-10T00:17:16.302128,S00026_SESSION_001,True,SYNTHETIC / SIMULATED — NOT REAL STUDENT DATA
S00026,Q0507B,Software Engineering,Git/Version Control,Medium,0,91.55,11,2025-01-10T15:22:04.341817,S00026_SESSION_002,True,SYNTHETIC / SIMULATED — NOT REAL STUDENT DATA
S00026,Q0310A,Operating Systems,Security,Easy,1,34.04,12,2025-01-11T13:47:07.657252,S00026_SESSION_002,True,SYNTHETIC / SIMULATED — NOT REAL STUDENT DATA
S00026,Q0307B,Operating Systems,File Systems,Medium,0,76.82,13,2025-01-12T17:46:08.789262,S00026_SESSION_002,True,SYNTHETIC / SIMULATED — NOT REAL STUDENT DATA
S00026,Q0108S,DSA,Hashing,Medium,0,144.2,14,2025-01-13T11:48:00.459814,S00026_SESSION_002,True,SYNTHETIC / SIMULATED — NOT REAL STUDENT DATA
S00026,Q0102S,DSA,Strings,Easy,1,44.1,15,2025-01-14T10:59:07.717969,S00026_SESSION_002,True,SYNTHETIC / SIMULATED — NOT REAL STUDENT DATA
S00026,Q0109S,DSA,Heap,Medium,0,139.51,16,2025-01-15T14:31:31.214339,S00026_SESSION_002,True,SYNTHETIC / SIMULATED — NOT REAL STUDENT DATA
S00026,Q0408A,Computer Networks,IP Addressing,Easy,0,81.72,17,2025-01-16T07:10:33.865921,S00026_SESSION_002,True,SYNTHETIC / SIMULATED — NOT REAL STUDENT DATA
S00026,Q0401C,Computer Networks,OSI,Hard,0,93.76,18,2025-01-17T10:30:25.932078,S00026_SESSION_002,True,SYNTHETIC / SIMULATED — NOT REAL STUDENT DATA
S00026,Q0108C,DSA,Hashing,Hard,0,219.59,19,2025-01-17T15:47:49.145716,S00026_SESSION_002,True,SYNTHETIC / SIMULATED — NOT REAL STUDENT DATA
S00026,Q0506A,Software Engineering,UML,Easy,1,41.35,20,2025-01-18T20:37:05.227929,S00026_SESSION_002,True,SYNTHETIC / SIMULATED — NOT REAL STUDENT DATA
S00026,Q0107A,DSA,Graphs,Easy,1,40.11,21,2025-01-19T12:44:00.958931,S00026_SESSION_003,True,SYNTHETIC / SIMULATED — NOT REAL STUDENT DATA
S00026,Q0208B,DBMS,ER Model,Medium,0,75.45,22,2025-01-20T19:59:22.719132,S00026_SESSION_003,True,SYNTHETIC / SIMULATED — NOT REAL STUDENT DATA
S00026,Q0508A,Software Engineering,Software Quality,Easy,1,57.35,23,2025-01-22T08:31:02.174362,S00026_SESSION_003,True,SYNTHETIC / SIMULATED — NOT REAL STUDENT DATA
S00026,Q0104S,DSA,Stack & Queue,Easy,1,70.77,24,2025-01-23T19:50:35.900656,S00026_SESSION_003,True,SYNTHETIC / SIMULATED — NOT REAL STUDENT DATA
S00026,Q0205B,DBMS,Joins,Medium,0,154.67,25,2025-01-24T22:07:53.758190,S00026_SESSION_003,True,SYNTHETIC / SIMULATED — NOT REAL STUDENT DATA
S00026,Q0505A,Software Engineering,Testing,Easy,1,46.64,26,2025-01-26T07:10:43.508508,S00026_SESSION_003,True,SYNTHETIC / SIMULATED — NOT REAL STUDENT DATA
S00026,Q0207B,DBMS,Indexing,Medium,0,114.89,27,2025-01-26T16:49:19.955878,S00026_SESSION_003,True,SYNTHETIC / SIMULATED — NOT REAL STUDENT DATA
S00026,Q0201B,DBMS,DBMS Basics,Medium,0,194.79,28,2025-01-28T01:06:37.120321,S00026_SESSION_003,True,SYNTHETIC / SIMULATED — NOT REAL STUDENT DATA
S00026,Q0206S,DBMS,Transactions,Medium,0,102.19,29,2025-01-28T15:40:41.376973,S00026_SESSION_003,True,SYNTHETIC / SIMULATED — NOT REAL STUDENT DATA
S00026,Q0209A,DBMS,Relational Algebra,Easy,0,64.64,30,2025-01-29T00:27:13.897910,S00026_SESSION_003,True,SYNTHETIC / SIMULATED — NOT REAL STUDENT DATA
S00026,Q0110A,DSA,Dynamic Programming,Easy,0,94.16,31,2025-01-29T18:28:01.648616,S00026_SESSION_004,True,SYNTHETIC / SIMULATED — NOT REAL STUDENT DATA
S00026,Q0109S,DSA,Heap,Medium,1,92.06,32,2025-01-30T10:31:22.814032,S00026_SESSION_004,True,SYNTHETIC / SIMULATED — NOT REAL STUDENT DATA
S00026,Q0205A,DBMS,Joins,Easy,1,46.62,33,2025-01-31T14:33:51.020727,S00026_SESSION_004,True,SYNTHETIC / SIMULATED — NOT REAL STUDENT DATA
S00026,Q0101S,DSA,Arrays,Easy,1,63.32,34,2025-02-02T00:06:09.963734,S00026_SESSION_004,True,SYNTHETIC / SIMULATED — NOT REAL STUDENT DATA
S00026,Q0109S,DSA,Heap,Medium,1,78.11,35,2025-02-03T12:48:15.130384,S00026_SESSION_004,True,SYNTHETIC / SIMULATED — NOT REAL STUDENT DATA
S00026,Q0105S,DSA,Recursion,Medium,0,161.91,36,2025-02-04T13:10:36.815281,S00026_SESSION_004,True,SYNTHETIC / SIMULATED — NOT REAL STUDENT DATA
S00026,Q0308B,Operating Systems,Threads,Medium,1,77.81,37,2025-02-04T23:59:03.679733,S00026_SESSION_004,True,SYNTHETIC / SIMULATED — NOT REAL STUDENT DATA
S00026,Q0405C,Computer Networks,DNS,Hard,1,73.58,38,2025-02-06T07:07:28.785161,S00026_SESSION_004,True,SYNTHETIC / SIMULATED — NOT REAL STUDENT DATA
S00026,Q0310A,Operating Systems,Security,Easy,1,45.71,39,2025-02-06T17:50:03.559424,S00026_SESSION_004,True,SYNTHETIC / SIMULATED — NOT REAL STUDENT DATA
S00026,Q0404S,Computer Networks,UDP,Easy,1,51.53,40,2025-02-07T00:29:13.799156,S00026_SESSION_004,True,SYNTHETIC / SIMULATED — NOT REAL STUDENT DATA
S00026,Q0504A,Software Engineering,SRS,Easy,0,79.55,41,2025-02-07T22:41:52.133462,S00026_SESSION_005,True,SYNTHETIC / SIMULATED — NOT REAL STUDENT DATA
S00026,Q0206A,DBMS,Transactions,Easy,0,105.75,42,2025-02-08T12:14:44.285322,S00026_SESSION_005,True,SYNTHETIC / SIMULATED — NOT REAL STUDENT DATA
S00026,Q0206A,DBMS,Transactions,Easy,0,99.93,43,2025-02-08T18:54:49.475191,S00026_SESSION_005,True,SYNTHETIC / SIMULATED — NOT REAL STUDENT DATA
S00026,Q0204B,DBMS,Normalization,Medium,1,85.81,44,2025-02-09T09:03:18.203755,S00026_SESSION_005,True,SYNTHETIC / SIMULATED — NOT REAL STUDENT DATA
S00026,Q0104A,DSA,Stack & Queue,Easy,1,56.19,45,2025-02-09T19:19:38.850013,S00026_SESSION_005,True,SYNTHETIC / SIMULATED — NOT REAL STUDENT DATA
S00026,Q0109C,DSA,Heap,Hard,0,202.04,46,2025-02-11T05:18:10.258852,S00026_SESSION_005,True,SYNTHETIC / SIMULATED — NOT REAL STUDENT DATA
S00026,Q0201A,DBMS,DBMS Basics,Easy,0,171.86,47,2025-02-11T19:30:14.230988,S00026_SESSION_005,True,SYNTHETIC / SIMULATED — NOT REAL STUDENT DATA
S00026,Q0205C,DBMS,Joins,Hard,0,273.39,48,2025-02-12T19:30:27.629392,S00026_SESSION_005,True,SYNTHETIC / SIMULATED — NOT REAL STUDENT DATA
S00026,Q0410A,Computer Networks,Network Security,Easy,1,59.91,49,2025-02-13T07:12:40.398556,S00026_SESSION_005,True,SYNTHETIC / SIMULATED — NOT REAL STUDENT DATA
S00026,Q0503C,Software Engineering,Waterfall,Hard,0,190.7,50,2025-02-14T09:32:26.985264,S00026_SESSION_005,True,SYNTHETIC / SIMULATED — NOT REAL STUDENT DATA
S00026,Q0204C,DBMS,Normalization,Hard,0,200.82,51,2025-02-15T11:53:19.824471,S00026_SESSION_006,True,SYNTHETIC / SIMULATED — NOT REAL STUDENT DATA
S00026,Q0304B,Operating Systems,Memory Management,Medium,1,33.67,52,2025-02-15T22:27:52.177227,S00026_SESSION_006,True,SYNTHETIC / SIMULATED — NOT REAL STUDENT DATA
S00026,Q0201S,DBMS,DBMS Basics,Easy,0,64.72,53,2025-02-16T11:02:53.014142,S00026_SESSION_006,True,SYNTHETIC / SIMULATED — NOT REAL STUDENT DATA
S00026,Q0108A,DSA,Hashing,Easy,0,102.34,54,2025-02-16T19:39:54.379576,S00026_SESSION_006,True,SYNTHETIC / SIMULATED — NOT REAL STUDENT DATA
S00026,Q0107B,DSA,Graphs,Medium,0,91.97,55,2025-02-17T06:02:50.523367,S00026_SESSION_006,True,SYNTHETIC / SIMULATED — NOT REAL STUDENT DATA
S00026,Q0109S,DSA,Heap,Medium,0,104.29,56,2025-02-17T11:06:01.495301,S00026_SESSION_006,True,SYNTHETIC / SIMULATED — NOT REAL STUDENT DATA
S00026,Q0206A,DBMS,Transactions,Easy,1,57.12,57,2025-02-18T07:31:50.658008,S00026_SESSION_006,True,SYNTHETIC / SIMULATED — NOT REAL STUDENT DATA
S00026,Q0205A,DBMS,Joins,Easy,1,61.02,58,2025-02-19T17:42:40.597764,S00026_SESSION_006,True,SYNTHETIC / SIMULATED — NOT REAL STUDENT DATA
S00026,Q0405B,Computer Networks,DNS,Medium,1,76.26,59,2025-02-20T16:03:14.705953,S00026_SESSION_006,True,SYNTHETIC / SIMULATED — NOT REAL STUDENT DATA
S00026,Q0205C,DBMS,Joins,Hard,0,249.02,60,2025-02-21T14:38:50.532018,S00026_SESSION_006,True,SYNTHETIC / SIMULATED — NOT REAL STUDENT DATA
S00027,Q0405B,Computer Networks,DNS,Medium,1,98.83,1,2025-01-02T03:48:43.760947,S00027_SESSION_001,True,SYNTHETIC / SIMULATED — NOT REAL STUDENT DATA
S00027,Q0110B,DSA,Dynamic Programming,Medium,0,114.49,2,2025-01-03T09:16:48.497897,S00027_SESSION_001,True,SYNTHETIC / SIMULATED — NOT REAL STUDENT DATA
S00027,Q0404B,Computer Networks,UDP,Medium,1,62.17,3,2025-01-04T16:31:48.053592,S00027_SESSION_001,True,SYNTHETIC / SIMULATED — NOT REAL STUDENT DATA
S00027,Q0102C,DSA,Strings,Hard,0,155.05,4,2025-01-06T01:50:28.248384,S00027_SESSION_001,True,SYNTHETIC / SIMULATED — NOT REAL STUDENT DATA
S00027,Q0403S,Computer Networks,TCP,Medium,0,113.38,5,2025-01-06T19:37:00.415745,S00027_SESSION_001,True,SYNTHETIC / SIMULATED — NOT REAL STUDENT DATA
S00027,Q0405C,Computer Networks,DNS,Hard,0,149.97,6,2025-01-07T00:33:58.003376,S00027_SESSION_001,True,SYNTHETIC / SIMULATED — NOT REAL STUDENT DATA
S00027,Q0405C,Computer Networks,DNS,Hard,1,128.01,7,2025-01-08T00:05:12.291002,S00027_SESSION_001,True,SYNTHETIC / SIMULATED — NOT REAL STUDENT DATA
S00027,Q0204A,DBMS,Normalization,Easy,0,86.75,8,2025-01-08T07:52:26.980043,S00027_SESSION_001,True,SYNTHETIC / SIMULATED — NOT REAL STUDENT DATA
S00027,Q0210B,DBMS,Concurrency Control,Medium,0,155.16,9,2025-01-08T18:53:41.886466,S00027_SESSION_001,True,SYNTHETIC / SIMULATED — NOT REAL STUDENT DATA
S00027,Q0109B,DSA,Heap,Medium,0,100.04,10,2025-01-09T06:28:19.109123,S00027_SESSION_001,True,SYNTHETIC / SIMULATED — NOT REAL STUDENT DATA
S00027,Q0201B,DBMS,DBMS Basics,Medium,1,137.82,11,2025-01-09T14:09:05.162442,S00027_SESSION_002,True,SYNTHETIC / SIMULATED — NOT REAL STUDENT DATA
S00027,Q0207B,DBMS,Indexing,Medium,0,99.35,12,2025-01-10T23:15:33.248297,S00027_SESSION_002,True,SYNTHETIC / SIMULATED — NOT REAL STUDENT DATA
S00027,Q0403S,Computer Networks,TCP,Medium,0,121.48,13,2025-01-11T11:10:50.252043,S00027_SESSION_002,True,SYNTHETIC / SIMULATED — NOT REAL STUDENT DATA
S00027,Q0304S,Operating Systems,Memory Management,Medium,0,119.92,14,2025-01-12T11:57:18.579966,S00027_SESSION_002,True,SYNTHETIC / SIMULATED — NOT REAL STUDENT DATA
S00027,Q0101A,DSA,Arrays,Easy,1,48.66,15,2025-01-13T12:55:19.038334,S00027_SESSION_002,True,SYNTHETIC / SIMULATED — NOT REAL STUDENT DATA
S00027,Q0209A,DBMS,Relational Algebra,Easy,0,42.03,16,2025-01-13T18:52:25.054332,S00027_SESSION_002,True,SYNTHETIC / SIMULATED — NOT REAL STUDENT DATA
S00027,Q0508S,Software Engineering,Software Quality,Medium,1,28.18,17,2025-01-14T17:17:23.859468,S00027_SESSION_002,True,SYNTHETIC / SIMULATED — NOT REAL STUDENT DATA
S00027,Q0504B,Software Engineering,SRS,Medium,1,55.2,18,2025-01-14T23:55:31.799128,S00027_SESSION_002,True,SYNTHETIC / SIMULATED — NOT REAL STUDENT DATA
S00027,Q0107B,DSA,Graphs,Medium,0,79.29,19,2025-01-15T21:02:04.419694,S00027_SESSION_002,True,SYNTHETIC / SIMULATED — NOT REAL STUDENT DATA
S00027,Q0407A,Computer Networks,DHCP,Easy,1,24.14,20,2025-01-16T14:10:49.100435,S00027_SESSION_002,True,SYNTHETIC / SIMULATED — NOT REAL STUDENT DATA
S00027,Q0506A,Software Engineering,UML,Easy,1,18.81,21,2025-01-17T11:51:22.298485,S00027_SESSION_003,True,SYNTHETIC / SIMULATED — NOT REAL STUDENT DATA
S00027,Q0306A,Operating Systems,Synchronization,Easy,0,82.27,22,2025-01-19T00:43:50.649458,S00027_SESSION_003,True,SYNTHETIC / SIMULATED — NOT REAL STUDENT DATA
S00027,Q0502A,Software Engineering,Agile,Easy,1,45.15,23,2025-01-19T14:46:33.896393,S00027_SESSION_003,True,SYNTHETIC / SIMULATED — NOT REAL STUDENT DATA
S00027,Q0307S,Operating Systems,File Systems,Easy,0,29.9,24,2025-01-19T22:20:02.158887,S00027_SESSION_003,True,SYNTHETIC / SIMULATED — NOT REAL STUDENT DATA
S00027,Q0105A,DSA,Recursion,Easy,0,71.06,25,2025-01-21T00:54:54.722419,S00027_SESSION_003,True,SYNTHETIC / SIMULATED — NOT REAL STUDENT DATA
S00027,Q0309A,Operating Systems,I/O Management,Easy,1,111.87,26,2025-01-22T04:43:04.632780,S00027_SESSION_003,True,SYNTHETIC / SIMULATED — NOT REAL STUDENT DATA
S00027,Q0408B,Computer Networks,IP Addressing,Medium,1,75.06,27,2025-01-22T22:48:25.114047,S00027_SESSION_003,True,SYNTHETIC / SIMULATED — NOT REAL STUDENT DATA
S00027,Q0304A,Operating Systems,Memory Management,Easy,1,32.51,28,2025-01-23T18:38:36.055766,S00027_SESSION_003,True,SYNTHETIC / SIMULATED — NOT REAL STUDENT DATA
S00027,Q0204A,DBMS,Normalization,Easy,0,105.65,29,2025-01-25T03:14:53.418297,S00027_SESSION_003,True,SYNTHETIC / SIMULATED — NOT REAL STUDENT DATA
S00027,Q0403A,Computer Networks,TCP,Easy,1,77.45,30,2025-01-25T10:22:44.247867,S00027_SESSION_003,True,SYNTHETIC / SIMULATED — NOT REAL STUDENT DATA
S00027,Q0503A,Software Engineering,Waterfall,Easy,1,35.02,31,2025-01-25T17:11:27.296772,S00027_SESSION_004,True,SYNTHETIC / SIMULATED — NOT REAL STUDENT DATA
S00027,Q0308C,Operating Systems,Threads,Hard,0,210.5,32,2025-01-26T21:39:59.163704,S00027_SESSION_004,True,SYNTHETIC / SIMULATED — NOT REAL STUDENT DATA
S00027,Q0101A,DSA,Arrays,Easy,1,46.84,33,2025-01-28T03:44:41.808407,S00027_SESSION_004,True,SYNTHETIC / SIMULATED — NOT REAL STUDENT DATA
S00027,Q0509B,Software Engineering,Project Management,Medium,0,67.66,34,2025-01-28T17:05:12.086123,S00027_SESSION_004,True,SYNTHETIC / SIMULATED — NOT REAL STUDENT DATA
S00027,Q0406S,Computer Networks,HTTP,Easy,0,86.78,35,2025-01-29T01:51:35.555723,S00027_SESSION_004,True,SYNTHETIC / SIMULATED — NOT REAL STUDENT DATA
S00027,Q0207C,DBMS,Indexing,Hard,0,294.81,36,2025-01-30T12:13:19.957251,S00027_SESSION_004,True,SYNTHETIC / SIMULATED — NOT REAL STUDENT DATA
S00027,Q0208A,DBMS,ER Model,Easy,0,43.85,37,2025-01-30T18:39:34.617895,S00027_SESSION_004,True,SYNTHETIC / SIMULATED — NOT REAL STUDENT DATA
S00027,Q0401A,Computer Networks,OSI,Easy,0,110.62,38,2025-01-31T20:06:41.410994,S00027_SESSION_004,True,SYNTHETIC / SIMULATED — NOT REAL STUDENT DATA
S00027,Q0408C,Computer Networks,IP Addressing,Hard,0,113.84,39,2025-02-01T10:03:55.010889,S00027_SESSION_004,True,SYNTHETIC / SIMULATED — NOT REAL STUDENT DATA
S00027,Q0101C,DSA,Arrays,Hard,0,171.13,40,2025-02-02T22:37:50.731056,S00027_SESSION_004,True,SYNTHETIC / SIMULATED — NOT REAL STUDENT DATA
S00027,Q0304B,Operating Systems,Memory Management,Medium,1,87.3,41,2025-02-03T04:43:17.822584,S00027_SESSION_005,True,SYNTHETIC / SIMULATED — NOT REAL STUDENT DATA
S00027,Q0309S,Operating Systems,I/O Management,Medium,0,117.75,42,2025-02-03T23:29:28.624480,S00027_SESSION_005,True,SYNTHETIC / SIMULATED — NOT REAL STUDENT DATA
S00027,Q0106A,DSA,Trees,Easy,0,45.68,43,2025-02-05T02:08:57.398604,S00027_SESSION_005,True,SYNTHETIC / SIMULATED — NOT REAL STUDENT DATA
S00027,Q0508A,Software Engineering,Software Quality,Easy,1,46.88,44,2025-02-06T00:47:14.831593,S00027_SESSION_005,True,SYNTHETIC / SIMULATED — NOT REAL STUDENT DATA
S00027,Q0309S,Operating Systems,I/O Management,Medium,0,60.19,45,2025-02-07T10:11:26.931254,S00027_SESSION_005,True,SYNTHETIC / SIMULATED — NOT REAL STUDENT DATA
S00027,Q0409A,Computer Networks,Routing,Easy,1,49.38,46,2025-02-08T06:42:11.472782,S00027_SESSION_005,True,SYNTHETIC / SIMULATED — NOT REAL STUDENT DATA
S00027,Q0202B,DBMS,Keys,Medium,0,131.14,47,2025-02-08T16:08:09.129253,S00027_SESSION_005,True,SYNTHETIC / SIMULATED — NOT REAL STUDENT DATA
S00027,Q0301C,Operating Systems,Processes,Hard,0,164.79,48,2025-02-09T02:29:47.184861,S00027_SESSION_005,True,SYNTHETIC / SIMULATED — NOT REAL STUDENT DATA
S00027,Q0101C,DSA,Arrays,Hard,0,222.27,49,2025-02-10T13:53:37.227204,S00027_SESSION_005,True,SYNTHETIC / SIMULATED — NOT REAL STUDENT DATA
S00027,Q0209A,DBMS,Relational Algebra,Easy,1,47.82,50,2025-02-11T21:48:01.144592,S00027_SESSION_005,True,SYNTHETIC / SIMULATED — NOT REAL STUDENT DATA
S00027,Q0506A,Software Engineering,UML,Easy,1,32.19,51,2025-02-13T11:42:34.781221,S00027_SESSION_006,True,SYNTHETIC / SIMULATED — NOT REAL STUDENT DATA
S00027,Q0102B,DSA,Strings,Medium,1,77.76,52,2025-02-13T15:56:13.672582,S00027_SESSION_006,True,SYNTHETIC / SIMULATED — NOT REAL STUDENT DATA
S00027,Q0501S,Software Engineering,SDLC,Easy,1,43.75,53,2025-02-13T20:50:34.845415,S00027_SESSION_006,True,SYNTHETIC / SIMULATED — NOT REAL STUDENT DATA
S00027,Q0304C,Operating Systems,Memory Management,Hard,0,128.74,54,2025-02-15T04:20:06.333335,S00027_SESSION_006,True,SYNTHETIC / SIMULATED — NOT REAL STUDENT DATA
S00027,Q0210S,DBMS,Concurrency Control,Hard,1,90.87,55,2025-02-16T10:18:23.428155,S00027_SESSION_006,True,SYNTHETIC / SIMULATED — NOT REAL STUDENT DATA
S00027,Q0201C,DBMS,DBMS Basics,Hard,0,182.96,56,2025-02-17T16:55:36.994675,S00027_SESSION_006,True,SYNTHETIC / SIMULATED — NOT REAL STUDENT DATA
S00027,Q0105A,DSA,Recursion,Easy,1,56.01,57,2025-02-17T21:42:02.958880,S00027_SESSION_006,True,SYNTHETIC / SIMULATED — NOT REAL STUDENT DATA
S00027,Q0401B,Computer Networks,OSI,Medium,1,96.66,58,2025-02-19T07:48:10.314524,S00027_SESSION_006,True,SYNTHETIC / SIMULATED — NOT REAL STUDENT DATA
S00027,Q0105C,DSA,Recursion,Hard,0,173.34,59,2025-02-20T03:59:35.463748,S00027_SESSION_006,True,SYNTHETIC / SIMULATED — NOT REAL STUDENT DATA
S00027,Q0303A,Operating Systems,Deadlocks,Easy,1,24.13,60,2025-02-21T02:00:10.753236,S00027_SESSION_006,True,SYNTHETIC / SIMULATED — NOT REAL STUDENT DATA
S00028,Q0403A,Computer Networks,TCP,Easy,0,69.27,1,2025-01-03T10:08:25.016639,S00028_SESSION_001,True,SYNTHETIC / SIMULATED — NOT REAL STUDENT DATA
S00028,Q0205S,DBMS,Joins,Medium,1,102.27,2,2025-01-04T02:47:20.611884,S00028_SESSION_001,True,SYNTHETIC / SIMULATED — NOT REAL STUDENT DATA
S00028,Q0506B,Software Engineering,UML,Medium,0,77.37,3,2025-01-05T13:59:22.601757,S00028_SESSION_001,True,SYNTHETIC / SIMULATED — NOT REAL STUDENT DATA
S00028,Q0205C,DBMS,Joins,Hard,0,184.78,4,2025-01-06T14:10:45.230646,S00028_SESSION_001,True,SYNTHETIC / SIMULATED — NOT REAL STUDENT DATA
S00028,Q0403A,Computer Networks,TCP,Easy,1,42.8,5,2025-01-07T21:05:54.377911,S00028_SESSION_001,True,SYNTHETIC / SIMULATED — NOT REAL STUDENT DATA
S00028,Q0202C,DBMS,Keys,Hard,1,128.23,6,2025-01-09T08:33:06.872024,S00028_SESSION_001,True,SYNTHETIC / SIMULATED — NOT REAL STUDENT DATA
S00028,Q0306S,Operating Systems,Synchronization,Hard,0,139.25,7,2025-01-10T01:07:04.638522,S00028_SESSION_001,True,SYNTHETIC / SIMULATED — NOT REAL STUDENT DATA
S00028,Q0209A,DBMS,Relational Algebra,Easy,0,63.79,8,2025-01-10T15:02:37.516919,S00028_SESSION_001,True,SYNTHETIC / SIMULATED — NOT REAL STUDENT DATA
S00028,Q0505B,Software Engineering,Testing,Medium,1,177.54,9,2025-01-11T07:30:20.013459,S00028_SESSION_001,True,SYNTHETIC / SIMULATED — NOT REAL STUDENT DATA
S00028,Q0210A,DBMS,Concurrency Control,Easy,1,64.97,10,2025-01-11T12:21:35.706008,S00028_SESSION_001,True,SYNTHETIC / SIMULATED — NOT REAL STUDENT DATA
S00028,Q0503B,Software Engineering,Waterfall,Medium,0,114.02,11,2025-01-11T18:22:27.268249,S00028_SESSION_002,True,SYNTHETIC / SIMULATED — NOT REAL STUDENT DATA
S00028,Q0410A,Computer Networks,Network Security,Easy,1,44.33,12,2025-01-12T11:35:39.628302,S00028_SESSION_002,True,SYNTHETIC / SIMULATED — NOT REAL STUDENT DATA
S00028,Q0303B,Operating Systems,Deadlocks,Medium,1,56.23,13,2025-01-13T19:39:27.245394,S00028_SESSION_002,True,SYNTHETIC / SIMULATED — NOT REAL STUDENT DATA
S00028,Q0505A,Software Engineering,Testing,Easy,1,47.63,14,2025-01-15T05:14:44.011795,S00028_SESSION_002,True,SYNTHETIC / SIMULATED — NOT REAL STUDENT DATA
S00028,Q0509A,Software Engineering,Project Management,Easy,0,81.55,15,2025-01-16T05:50:38.591888,S00028_SESSION_002,True,SYNTHETIC / SIMULATED — NOT REAL STUDENT DATA
S00028,Q0201B,DBMS,DBMS Basics,Medium,0,80.29,16,2025-01-16T20:30:50.863041,S00028_SESSION_002,True,SYNTHETIC / SIMULATED — NOT REAL STUDENT DATA
S00028,Q0504A,Software Engineering,SRS,Easy,1,57.75,17,2025-01-17T17:38:35.823406,S00028_SESSION_002,True,SYNTHETIC / SIMULATED — NOT REAL STUDENT DATA
S00028,Q0507C,Software Engineering,Git/Version Control,Hard,1,118.53,18,2025-01-17T21:37:52.135857,S00028_SESSION_002,True,SYNTHETIC / SIMULATED — NOT REAL STUDENT DATA
S00028,Q0401A,Computer Networks,OSI,Easy,1,60.07,19,2025-01-19T03:24:06.391903,S00028_SESSION_002,True,SYNTHETIC / SIMULATED — NOT REAL STUDENT DATA
S00028,Q0406C,Computer Networks,HTTP,Hard,0,199.83,20,2025-01-20T12:46:13.398817,S00028_SESSION_002,True,SYNTHETIC / SIMULATED — NOT REAL STUDENT DATA
S00028,Q0502C,Software Engineering,Agile,Hard,0,115.22,21,2025-01-21T16:55:51.416728,S00028_SESSION_003,True,SYNTHETIC / SIMULATED — NOT REAL STUDENT DATA
S00028,Q0207A,DBMS,Indexing,Easy,0,67.64,22,2025-01-21T23:31:21.938766,S00028_SESSION_003,True,SYNTHETIC / SIMULATED — NOT REAL STUDENT DATA
S00028,Q0302C,Operating Systems,CPU Scheduling,Hard,0,116.66,23,2025-01-22T09:29:13.823522,S00028_SESSION_003,True,SYNTHETIC / SIMULATED — NOT REAL STUDENT DATA
S00028,Q0505C,Software Engineering,Testing,Hard,0,193.94,24,2025-01-23T07:52:17.018934,S00028_SESSION_003,True,SYNTHETIC / SIMULATED — NOT REAL STUDENT DATA
S00028,Q0304A,Operating Systems,Memory Management,Easy,1,63.76,25,2025-01-23T11:27:19.319809,S00028_SESSION_003,True,SYNTHETIC / SIMULATED — NOT REAL STUDENT DATA
S00028,Q0309A,Operating Systems,I/O Management,Easy,0,30.47,26,2025-01-24T23:17:34.623600,S00028_SESSION_003,True,SYNTHETIC / SIMULATED — NOT REAL STUDENT DATA
S00028,Q0403A,Computer Networks,TCP,Easy,1,49.95,27,2025-01-25T08:40:20.405396,S00028_SESSION_003,True,SYNTHETIC / SIMULATED — NOT REAL STUDENT DATA
S00028,Q0108A,DSA,Hashing,Easy,1,29.52,28,2025-01-25T13:02:01.319509,S00028_SESSION_003,True,SYNTHETIC / SIMULATED — NOT REAL STUDENT DATA
S00028,Q0204C,DBMS,Normalization,Hard,1,103.97,29,2025-01-26T12:40:26.453092,S00028_SESSION_003,True,SYNTHETIC / SIMULATED — NOT REAL STUDENT DATA
S00028,Q0209B,DBMS,Relational Algebra,Medium,1,101.36,30,2025-01-27T01:29:58.707313,S00028_SESSION_003,True,SYNTHETIC / SIMULATED — NOT REAL STUDENT DATA
S00028,Q0410S,Computer Networks,Network Security,Hard,0,145.96,31,2025-01-28T08:30:42.901268,S00028_SESSION_004,True,SYNTHETIC / SIMULATED — NOT REAL STUDENT DATA
S00028,Q0301S,Operating Systems,Processes,Easy,1,77.61,32,2025-01-28T18:53:44.945622,S00028_SESSION_004,True,SYNTHETIC / SIMULATED — NOT REAL STUDENT DATA
S00028,Q0110A,DSA,Dynamic Programming,Easy,1,25.4,33,2025-01-29T10:38:17.451798,S00028_SESSION_004,True,SYNTHETIC / SIMULATED — NOT REAL STUDENT DATA
S00028,Q0205S,DBMS,Joins,Medium,0,190.24,34,2025-01-30T19:41:37.691730,S00028_SESSION_004,True,SYNTHETIC / SIMULATED — NOT REAL STUDENT DATA
S00028,Q0103S,DSA,Linked Lists,Medium,1,42.12,35,2025-02-01T09:33:08.070342,S00028_SESSION_004,True,SYNTHETIC / SIMULATED — NOT REAL STUDENT DATA
S00028,Q0107A,DSA,Graphs,Easy,1,60.27,36,2025-02-02T15:39:02.894511,S00028_SESSION_004,True,SYNTHETIC / SIMULATED — NOT REAL STUDENT DATA
S00028,Q0402C,Computer Networks,TCP/IP,Hard,0,225.56,37,2025-02-03T23:02:58.864209,S00028_SESSION_004,True,SYNTHETIC / SIMULATED — NOT REAL STUDENT DATA
S00028,Q0101S,DSA,Arrays,Easy,1,55.37,38,2025-02-04T03:24:30.499889,S00028_SESSION_004,True,SYNTHETIC / SIMULATED — NOT REAL STUDENT DATA
S00028,Q0407B,Computer Networks,DHCP,Medium,1,60.71,39,2025-02-05T12:49:59.367321,S00028_SESSION_004,True,SYNTHETIC / SIMULATED — NOT REAL STUDENT DATA
S00028,Q0405S,Computer Networks,DNS,Easy,1,24.21,40,2025-02-06T21:01:13.708701,S00028_SESSION_004,True,SYNTHETIC / SIMULATED — NOT REAL STUDENT DATA
S00028,Q0204C,DBMS,Normalization,Hard,0,249.47,41,2025-02-08T08:42:39.715422,S00028_SESSION_005,True,SYNTHETIC / SIMULATED — NOT REAL STUDENT DATA
S00028,Q0208C,DBMS,ER Model,Hard,0,270.57,42,2025-02-09T05:53:31.424849,S00028_SESSION_005,True,SYNTHETIC / SIMULATED — NOT REAL STUDENT DATA
S00028,Q0206A,DBMS,Transactions,Easy,0,99.03,43,2025-02-09T14:11:08.058276,S00028_SESSION_005,True,SYNTHETIC / SIMULATED — NOT REAL STUDENT DATA
S00028,Q0506C,Software Engineering,UML,Hard,0,119.01,44,2025-02-10T20:25:54.049887,S00028_SESSION_005,True,SYNTHETIC / SIMULATED — NOT REAL STUDENT DATA
S00028,Q0401A,Computer Networks,OSI,Easy,0,24.93,45,2025-02-11T10:28:51.315715,S00028_SESSION_005,True,SYNTHETIC / SIMULATED — NOT REAL STUDENT DATA
S00028,Q0405A,Computer Networks,DNS,Easy,1,18.2,46,2025-02-11T21:39:39.625566,S00028_SESSION_005,True,SYNTHETIC / SIMULATED — NOT REAL STUDENT DATA
S00028,Q0105A,DSA,Recursion,Easy,1,47.22,47,2025-02-13T06:25:26.570941,S00028_SESSION_005,True,SYNTHETIC / SIMULATED — NOT REAL STUDENT DATA
S00028,Q0406S,Computer Networks,HTTP,Easy,1,38.64,48,2025-02-13T14:49:35.987571,S00028_SESSION_005,True,SYNTHETIC / SIMULATED — NOT REAL STUDENT DATA
S00028,Q0310A,Operating Systems,Security,Easy,1,54.84,49,2025-02-14T02:01:57.279645,S00028_SESSION_005,True,SYNTHETIC / SIMULATED — NOT REAL STUDENT DATA
S00028,Q0504B,Software Engineering,SRS,Medium,1,96.94,50,2025-02-15T03:21:45.309630,S00028_SESSION_005,True,SYNTHETIC / SIMULATED — NOT REAL STUDENT DATA
S00028,Q0201A,DBMS,DBMS Basics,Easy,1,48.83,51,2025-02-16T13:17:53.785116,S00028_SESSION_006,True,SYNTHETIC / SIMULATED — NOT REAL STUDENT DATA
S00028,Q0201A,DBMS,DBMS Basics,Easy,0,64.62,52,2025-02-16T17:30:56.113741,S00028_SESSION_006,True,SYNTHETIC / SIMULATED — NOT REAL STUDENT DATA
S00028,Q0409S,Computer Networks,Routing,Hard,1,105.96,53,2025-02-16T21:33:50.343150,S00028_SESSION_006,True,SYNTHETIC / SIMULATED — NOT REAL STUDENT DATA
S00028,Q0108S,DSA,Hashing,Medium,1,56.12,54,2025-02-17T06:26:19.960286,S00028_SESSION_006,True,SYNTHETIC / SIMULATED — NOT REAL STUDENT DATA
S00028,Q0301B,Operating Systems,Processes,Medium,1,89.37,55,2025-02-18T17:40:24.557797,S00028_SESSION_006,True,SYNTHETIC / SIMULATED — NOT REAL STUDENT DATA
S00028,Q0201B,DBMS,DBMS Basics,Medium,0,160.43,56,2025-02-20T04:07:03.544595,S00028_SESSION_006,True,SYNTHETIC / SIMULATED — NOT REAL STUDENT DATA
S00028,Q0507S,Software Engineering,Git/Version Control,Easy,1,38.44,57,2025-02-21T01:43:12.684528,S00028_SESSION_006,True,SYNTHETIC / SIMULATED — NOT REAL STUDENT DATA
S00028,Q0506A,Software Engineering,UML,Easy,1,69.35,58,2025-02-21T08:58:18.342304,S00028_SESSION_006,True,SYNTHETIC / SIMULATED — NOT REAL STUDENT DATA
S00028,Q0301C,Operating Systems,Processes,Hard,0,154.16,59,2025-02-21T17:11:25.656508,S00028_SESSION_006,True,SYNTHETIC / SIMULATED — NOT REAL STUDENT DATA
S00028,Q0505C,Software Engineering,Testing,Hard,1,116.17,60,2025-02-21T21:17:14.115427,S00028_SESSION_006,True,SYNTHETIC / SIMULATED — NOT REAL STUDENT DATA
S00029,Q0501C,Software Engineering,SDLC,Hard,0,158.03,1,2025-01-02T18:52:53.065737,S00029_SESSION_001,True,SYNTHETIC / SIMULATED — NOT REAL STUDENT DATA
S00029,Q0508C,Software Engineering,Software Quality,Hard,1,102.57,2,2025-01-03T13:43:16.804861,S00029_SESSION_001,True,SYNTHETIC / SIMULATED — NOT REAL STUDENT DATA
S00029,Q0508S,Software Engineering,Software Quality,Medium,0,101.85,3,2025-01-04T14:36:45.431938,S00029_SESSION_001,True,SYNTHETIC / SIMULATED — NOT REAL STUDENT DATA
S00029,Q0501C,Software Engineering,SDLC,Hard,0,110.18,4,2025-01-05T05:10:50.387721,S00029_SESSION_001,True,SYNTHETIC / SIMULATED — NOT REAL STUDENT DATA
S00029,Q0502S,Software Engineering,Agile,Easy,1,51.9,5,2025-01-05T22:18:58.794785,S00029_SESSION_001,True,SYNTHETIC / SIMULATED — NOT REAL STUDENT DATA
S00029,Q0310B,Operating Systems,Security,Medium,1,32.69,6,2025-01-07T11:36:25.826820,S00029_SESSION_001,True,SYNTHETIC / SIMULATED — NOT REAL STUDENT DATA
S00029,Q0504A,Software Engineering,SRS,Easy,1,82.66,7,2025-01-08T07:12:15.285215,S00029_SESSION_001,True,SYNTHETIC / SIMULATED — NOT REAL STUDENT DATA
S00029,Q0305A,Operating Systems,Paging,Easy,1,17.24,8,2025-01-09T14:11:03.230444,S00029_SESSION_001,True,SYNTHETIC / SIMULATED — NOT REAL STUDENT DATA
S00029,Q0208A,DBMS,ER Model,Easy,1,28.46,9,2025-01-10T16:18:22.780764,S00029_SESSION_001,True,SYNTHETIC / SIMULATED — NOT REAL STUDENT DATA
S00029,Q0509A,Software Engineering,Project Management,Easy,1,29.2,10,2025-01-11T02:46:58.421946,S00029_SESSION_001,True,SYNTHETIC / SIMULATED — NOT REAL STUDENT DATA
S00029,Q0210A,DBMS,Concurrency Control,Easy,1,27.6,11,2025-01-11T07:49:03.250118,S00029_SESSION_002,True,SYNTHETIC / SIMULATED — NOT REAL STUDENT DATA
S00029,Q0109B,DSA,Heap,Medium,1,36.08,12,2025-01-12T04:44:16.620387,S00029_SESSION_002,True,SYNTHETIC / SIMULATED — NOT REAL STUDENT DATA
S00029,Q0503A,Software Engineering,Waterfall,Easy,1,48.69,13,2025-01-12T16:58:36.339033,S00029_SESSION_002,True,SYNTHETIC / SIMULATED — NOT REAL STUDENT DATA
S00029,Q0506C,Software Engineering,UML,Hard,0,145.63,14,2025-01-13T01:52:44.867127,S00029_SESSION_002,True,SYNTHETIC / SIMULATED — NOT REAL STUDENT DATA
S00029,Q0201C,DBMS,DBMS Basics,Hard,0,96.79,15,2025-01-14T10:38:20.678948,S00029_SESSION_002,True,SYNTHETIC / SIMULATED — NOT REAL STUDENT DATA
S00029,Q0504C,Software Engineering,SRS,Hard,0,202.6,16,2025-01-15T00:27:39.629175,S00029_SESSION_002,True,SYNTHETIC / SIMULATED — NOT REAL STUDENT DATA
S00029,Q0403A,Computer Networks,TCP,Easy,1,23.33,17,2025-01-16T12:07:00.383460,S00029_SESSION_002,True,SYNTHETIC / SIMULATED — NOT REAL STUDENT DATA
S00029,Q0502A,Software Engineering,Agile,Easy,1,59.28,18,2025-01-17T19:12:21.220493,S00029_SESSION_002,True,SYNTHETIC / SIMULATED — NOT REAL STUDENT DATA
S00029,Q0307C,Operating Systems,File Systems,Hard,1,96.55,19,2025-01-19T08:06:12.749943,S00029_SESSION_002,True,SYNTHETIC / SIMULATED — NOT REAL STUDENT DATA
S00029,Q0508B,Software Engineering,Software Quality,Medium,1,68.55,20,2025-01-20T01:47:53.247334,S00029_SESSION_002,True,SYNTHETIC / SIMULATED — NOT REAL STUDENT DATA
S00029,Q0304A,Operating Systems,Memory Management,Easy,1,23.48,21,2025-01-20T06:16:22.262202,S00029_SESSION_003,True,SYNTHETIC / SIMULATED — NOT REAL STUDENT DATA
S00029,Q0207A,DBMS,Indexing,Easy,1,35.19,22,2025-01-20T20:27:37.967231,S00029_SESSION_003,True,SYNTHETIC / SIMULATED — NOT REAL STUDENT DATA
S00029,Q0201C,DBMS,DBMS Basics,Hard,1,107.11,23,2025-01-21T22:28:24.077576,S00029_SESSION_003,True,SYNTHETIC / SIMULATED — NOT REAL STUDENT DATA
S00029,Q0509C,Software Engineering,Project Management,Hard,1,131.55,24,2025-01-22T14:17:19.255059,S00029_SESSION_003,True,SYNTHETIC / SIMULATED — NOT REAL STUDENT DATA
S00029,Q0502C,Software Engineering,Agile,Hard,1,216.95,25,2025-01-23T09:11:56.463396,S00029_SESSION_003,True,SYNTHETIC / SIMULATED — NOT REAL STUDENT DATA
S00029,Q0202C,DBMS,Keys,Hard,0,140.56,26,2025-01-24T10:53:02.877983,S00029_SESSION_003,True,SYNTHETIC / SIMULATED — NOT REAL STUDENT DATA
S00029,Q0308C,Operating Systems,Threads,Hard,0,143.89,27,2025-01-25T15:10:13.057917,S00029_SESSION_003,True,SYNTHETIC / SIMULATED — NOT REAL STUDENT DATA
S00029,Q0210B,DBMS,Concurrency Control,Medium,0,75.58,28,2025-01-26T07:18:52.008252,S00029_SESSION_003,True,SYNTHETIC / SIMULATED — NOT REAL STUDENT DATA
S00029,Q0308A,Operating Systems,Threads,Easy,1,39.7,29,2025-01-27T10:03:43.449004,S00029_SESSION_003,True,SYNTHETIC / SIMULATED — NOT REAL STUDENT DATA
S00029,Q0209B,DBMS,Relational Algebra,Medium,1,34.87,30,2025-01-28T01:17:02.147839,S00029_SESSION_003,True,SYNTHETIC / SIMULATED — NOT REAL STUDENT DATA
S00029,Q0507B,Software Engineering,Git/Version Control,Medium,0,79.06,31,2025-01-28T13:49:53.831990,S00029_SESSION_004,True,SYNTHETIC / SIMULATED — NOT REAL STUDENT DATA
S00029,Q0203B,DBMS,SQL,Medium,1,50.32,32,2025-01-28T18:34:41.950555,S00029_SESSION_004,True,SYNTHETIC / SIMULATED — NOT REAL STUDENT DATA
S00029,Q0408B,Computer Networks,IP Addressing,Medium,1,38.81,33,2025-01-29T05:56:29.665793,S00029_SESSION_004,True,SYNTHETIC / SIMULATED — NOT REAL STUDENT DATA
S00029,Q0207A,DBMS,Indexing,Easy,1,34.1,34,2025-01-30T05:32:26.720275,S00029_SESSION_004,True,SYNTHETIC / SIMULATED — NOT REAL STUDENT DATA
S00029,Q0506S,Software Engineering,UML,Medium,1,75.77,35,2025-01-30T14:43:22.239035,S00029_SESSION_004,True,SYNTHETIC / SIMULATED — NOT REAL STUDENT DATA
S00029,Q0407B,Computer Networks,DHCP,Medium,1,106.05,36,2025-02-01T01:48:28.104781,S00029_SESSION_004,True,SYNTHETIC / SIMULATED — NOT REAL STUDENT DATA
S00029,Q0403S,Computer Networks,TCP,Medium,1,85.33,37,2025-02-01T13:56:56.153050,S00029_SESSION_004,True,SYNTHETIC / SIMULATED — NOT REAL STUDENT DATA
S00029,Q0508S,Software Engineering,Software Quality,Medium,1,74.8,38,2025-02-02T22:39:00.597436,S00029_SESSION_004,True,SYNTHETIC / SIMULATED — NOT REAL STUDENT DATA
S00029,Q0402B,Computer Networks,TCP/IP,Medium,0,49.5,39,2025-02-04T03:41:58.996186,S00029_SESSION_004,True,SYNTHETIC / SIMULATED — NOT REAL STUDENT DATA
S00029,Q0308A,Operating Systems,Threads,Easy,1,41.14,40,2025-02-05T08:34:33.295688,S00029_SESSION_004,True,SYNTHETIC / SIMULATED — NOT REAL STUDENT DATA
S00029,Q0204S,DBMS,Normalization,Medium,1,41.82,41,2025-02-06T18:01:35.227830,S00029_SESSION_005,True,SYNTHETIC / SIMULATED — NOT REAL STUDENT DATA
S00029,Q0509B,Software Engineering,Project Management,Medium,0,62.96,42,2025-02-08T02:32:51.651707,S00029_SESSION_005,True,SYNTHETIC / SIMULATED — NOT REAL STUDENT DATA
S00029,Q0510A,Software Engineering,Design Patterns,Easy,0,78.86,43,2025-02-09T03:48:28.264153,S00029_SESSION_005,True,SYNTHETIC / SIMULATED — NOT REAL STUDENT DATA
S00029,Q0308C,Operating Systems,Threads,Hard,1,116.21,44,2025-02-09T20:57:34.859295,S00029_SESSION_005,True,SYNTHETIC / SIMULATED — NOT REAL STUDENT DATA
S00029,Q0110B,DSA,Dynamic Programming,Medium,1,78.18,45,2025-02-11T10:43:05.443586,S00029_SESSION_005,True,SYNTHETIC / SIMULATED — NOT REAL STUDENT DATA
S00029,Q0510B,Software Engineering,Design Patterns,Medium,0,101.41,46,2025-02-12T16:01:13.615002,S00029_SESSION_005,True,SYNTHETIC / SIMULATED — NOT REAL STUDENT DATA
S00029,Q0207C,DBMS,Indexing,Hard,0,108.68,47,2025-02-13T01:43:23.403347,S00029_SESSION_005,True,SYNTHETIC / SIMULATED — NOT REAL STUDENT DATA
S00029,Q0502C,Software Engineering,Agile,Hard,1,182.6,48,2025-02-13T21:07:12.569784,S00029_SESSION_005,True,SYNTHETIC / SIMULATED — NOT REAL STUDENT DATA
S00029,Q0103C,DSA,Linked Lists,Hard,1,253.18,49,2025-02-14T19:31:47.822612,S00029_SESSION_005,True,SYNTHETIC / SIMULATED — NOT REAL STUDENT DATA
S00029,Q0502B,Software Engineering,Agile,Medium,0,140.51,50,2025-02-15T07:41:08.682058,S00029_SESSION_005,True,SYNTHETIC / SIMULATED — NOT REAL STUDENT DATA
S00029,Q0509S,Software Engineering,Project Management,Medium,0,116.33,51,2025-02-16T03:26:14.650438,S00029_SESSION_006,True,SYNTHETIC / SIMULATED — NOT REAL STUDENT DATA
S00029,Q0303A,Operating Systems,Deadlocks,Easy,1,22.92,52,2025-02-16T10:55:08.566375,S00029_SESSION_006,True,SYNTHETIC / SIMULATED — NOT REAL STUDENT DATA
S00029,Q0205C,DBMS,Joins,Hard,0,138.3,53,2025-02-17T07:48:28.926238,S00029_SESSION_006,True,SYNTHETIC / SIMULATED — NOT REAL STUDENT DATA
S00029,Q0210A,DBMS,Concurrency Control,Easy,1,43.59,54,2025-02-17T17:52:50.289115,S00029_SESSION_006,True,SYNTHETIC / SIMULATED — NOT REAL STUDENT DATA
S00029,Q0509A,Software Engineering,Project Management,Easy,1,26.97,55,2025-02-18T18:39:58.151971,S00029_SESSION_006,True,SYNTHETIC / SIMULATED — NOT REAL STUDENT DATA
S00029,Q0503C,Software Engineering,Waterfall,Hard,1,78.15,56,2025-02-19T06:25:52.115052,S00029_SESSION_006,True,SYNTHETIC / SIMULATED — NOT REAL STUDENT DATA
S00029,Q0102C,DSA,Strings,Hard,1,117.22,57,2025-02-19T16:27:48.618153,S00029_SESSION_006,True,SYNTHETIC / SIMULATED — NOT REAL STUDENT DATA
S00029,Q0306C,Operating Systems,Synchronization,Hard,1,54.99,58,2025-02-20T10:41:26.602191,S00029_SESSION_006,True,SYNTHETIC / SIMULATED — NOT REAL STUDENT DATA
S00029,Q0107A,DSA,Graphs,Easy,1,47.14,59,2025-02-21T20:46:28.982625,S00029_SESSION_006,True,SYNTHETIC / SIMULATED — NOT REAL STUDENT DATA
S00029,Q0307A,Operating Systems,File Systems,Easy,1,13.37,60,2025-02-22T09:13:46.384841,S00029_SESSION_006,True,SYNTHETIC / SIMULATED — NOT REAL STUDENT DATA
S00030,Q0106A,DSA,Trees,Easy,0,75.17,1,2025-01-03T23:27:22.023438,S00030_SESSION_001,True,SYNTHETIC / SIMULATED — NOT REAL STUDENT DATA
S00030,Q0106A,DSA,Trees,Easy,1,57.74,2,2025-01-05T05:34:27.984064,S00030_SESSION_001,True,SYNTHETIC / SIMULATED — NOT REAL STUDENT DATA
S00030,Q0304A,Operating Systems,Memory Management,Easy,1,35.97,3,2025-01-05T19:45:50.708044,S00030_SESSION_001,True,SYNTHETIC / SIMULATED — NOT REAL STUDENT DATA
S00030,Q0402B,Computer Networks,TCP/IP,Medium,0,104.92,4,2025-01-06T01:23:59.949001,S00030_SESSION_001,True,SYNTHETIC / SIMULATED — NOT REAL STUDENT DATA
S00030,Q0108A,DSA,Hashing,Easy,1,59.38,5,2025-01-06T20:25:38.081903,S00030_SESSION_001,True,SYNTHETIC / SIMULATED — NOT REAL STUDENT DATA
S00030,Q0503B,Software Engineering,Waterfall,Medium,1,42.89,6,2025-01-07T07:23:55.004264,S00030_SESSION_001,True,SYNTHETIC / SIMULATED — NOT REAL STUDENT DATA
S00030,Q0410S,Computer Networks,Network Security,Hard,0,263.76,7,2025-01-08T11:13:51.803963,S00030_SESSION_001,True,SYNTHETIC / SIMULATED — NOT REAL STUDENT DATA
S00030,Q0509C,Software Engineering,Project Management,Hard,0,178.86,8,2025-01-08T21:00:33.736020,S00030_SESSION_001,True,SYNTHETIC / SIMULATED — NOT REAL STUDENT DATA
S00030,Q0506A,Software Engineering,UML,Easy,1,29.2,9,2025-01-10T04:13:03.553300,S00030_SESSION_001,True,SYNTHETIC / SIMULATED — NOT REAL STUDENT DATA
S00030,Q0101C,DSA,Arrays,Hard,0,193.83,10,2025-01-10T12:33:54.615462,S00030_SESSION_001,True,SYNTHETIC / SIMULATED — NOT REAL STUDENT DATA
S00030,Q0407B,Computer Networks,DHCP,Medium,1,150.44,11,2025-01-10T16:58:23.435142,S00030_SESSION_002,True,SYNTHETIC / SIMULATED — NOT REAL STUDENT DATA
S00030,Q0403C,Computer Networks,TCP,Hard,1,175.14,12,2025-01-11T10:58:44.175696,S00030_SESSION_002,True,SYNTHETIC / SIMULATED — NOT REAL STUDENT DATA
S00030,Q0102B,DSA,Strings,Medium,1,75.73,13,2025-01-12T08:30:38.952187,S00030_SESSION_002,True,SYNTHETIC / SIMULATED — NOT REAL STUDENT DATA
S00030,Q0501B,Software Engineering,SDLC,Medium,1,87.19,14,2025-01-13T18:05:51.199382,S00030_SESSION_002,True,SYNTHETIC / SIMULATED — NOT REAL STUDENT DATA
S00030,Q0303A,Operating Systems,Deadlocks,Easy,1,59.8,15,2025-01-14T00:21:01.369098,S00030_SESSION_002,True,SYNTHETIC / SIMULATED — NOT REAL STUDENT DATA
S00030,Q0505B,Software Engineering,Testing,Medium,1,60.13,16,2025-01-14T14:24:07.102750,S00030_SESSION_002,True,SYNTHETIC / SIMULATED — NOT REAL STUDENT DATA
S00030,Q0109C,DSA,Heap,Hard,0,284.01,17,2025-01-15T10:23:42.570677,S00030_SESSION_002,True,SYNTHETIC / SIMULATED — NOT REAL STUDENT DATA
S00030,Q0101C,DSA,Arrays,Hard,0,228.05,18,2025-01-16T04:22:03.375355,S00030_SESSION_002,True,SYNTHETIC / SIMULATED — NOT REAL STUDENT DATA
S00030,Q0407B,Computer Networks,DHCP,Medium,0,142.16,19,2025-01-17T14:56:05.084538,S00030_SESSION_002,True,SYNTHETIC / SIMULATED — NOT REAL STUDENT DATA
S00030,Q0406B,Computer Networks,HTTP,Medium,0,194.9,20,2025-01-19T03:49:54.149850,S00030_SESSION_002,True,SYNTHETIC / SIMULATED — NOT REAL STUDENT DATA
S00030,Q0102C,DSA,Strings,Hard,0,171.75,21,2025-01-20T10:39:22.362298,S00030_SESSION_003,True,SYNTHETIC / SIMULATED — NOT REAL STUDENT DATA
S00030,Q0401A,Computer Networks,OSI,Easy,0,43.21,22,2025-01-20T21:11:45.413695,S00030_SESSION_003,True,SYNTHETIC / SIMULATED — NOT REAL STUDENT DATA
S00030,Q0309A,Operating Systems,I/O Management,Easy,0,77.15,23,2025-01-21T13:30:46.429651,S00030_SESSION_003,True,SYNTHETIC / SIMULATED — NOT REAL STUDENT DATA
S00030,Q0304C,Operating Systems,Memory Management,Hard,0,318.69,24,2025-01-21T23:34:21.960289,S00030_SESSION_003,True,SYNTHETIC / SIMULATED — NOT REAL STUDENT DATA
S00030,Q0308S,Operating Systems,Threads,Medium,0,83.21,25,2025-01-22T13:01:02.618963,S00030_SESSION_003,True,SYNTHETIC / SIMULATED — NOT REAL STUDENT DATA
S00030,Q0203S,DBMS,SQL,Easy,1,22.7,26,2025-01-23T01:39:25.852226,S00030_SESSION_003,True,SYNTHETIC / SIMULATED — NOT REAL STUDENT DATA
S00030,Q0303S,Operating Systems,Deadlocks,Hard,0,221.1,27,2025-01-23T23:09:37.551991,S00030_SESSION_003,True,SYNTHETIC / SIMULATED — NOT REAL STUDENT DATA
S00030,Q0408A,Computer Networks,IP Addressing,Easy,0,46.81,28,2025-01-25T07:59:17.882409,S00030_SESSION_003,True,SYNTHETIC / SIMULATED — NOT REAL STUDENT DATA
S00030,Q0107B,DSA,Graphs,Medium,1,41.62,29,2025-01-25T15:30:59.431667,S00030_SESSION_003,True,SYNTHETIC / SIMULATED — NOT REAL STUDENT DATA
S00030,Q0109B,DSA,Heap,Medium,0,167.16,30,2025-01-26T10:05:56.797512,S00030_SESSION_003,True,SYNTHETIC / SIMULATED — NOT REAL STUDENT DATA
S00030,Q0302C,Operating Systems,CPU Scheduling,Hard,0,191.55,31,2025-01-27T15:55:21.589192,S00030_SESSION_004,True,SYNTHETIC / SIMULATED — NOT REAL STUDENT DATA
S00030,Q0309B,Operating Systems,I/O Management,Medium,0,121.89,32,2025-01-28T17:57:25.818806,S00030_SESSION_004,True,SYNTHETIC / SIMULATED — NOT REAL STUDENT DATA
S00030,Q0506C,Software Engineering,UML,Hard,0,207.59,33,2025-01-29T22:24:20.207417,S00030_SESSION_004,True,SYNTHETIC / SIMULATED — NOT REAL STUDENT DATA
S00030,Q0306B,Operating Systems,Synchronization,Medium,0,160.93,34,2025-01-31T06:41:26.997051,S00030_SESSION_004,True,SYNTHETIC / SIMULATED — NOT REAL STUDENT DATA
S00030,Q0109A,DSA,Heap,Easy,0,63.79,35,2025-01-31T21:47:59.067844,S00030_SESSION_004,True,SYNTHETIC / SIMULATED — NOT REAL STUDENT DATA
S00030,Q0208B,DBMS,ER Model,Medium,0,79.44,36,2025-02-01T04:42:02.503803,S00030_SESSION_004,True,SYNTHETIC / SIMULATED — NOT REAL STUDENT DATA
S00030,Q0310B,Operating Systems,Security,Medium,0,125.5,37,2025-02-01T19:11:16.734166,S00030_SESSION_004,True,SYNTHETIC / SIMULATED — NOT REAL STUDENT DATA
S00030,Q0508S,Software Engineering,Software Quality,Medium,1,74.99,38,2025-02-02T01:05:51.860521,S00030_SESSION_004,True,SYNTHETIC / SIMULATED — NOT REAL STUDENT DATA
S00030,Q0205B,DBMS,Joins,Medium,1,130.07,39,2025-02-03T14:40:47.848536,S00030_SESSION_004,True,SYNTHETIC / SIMULATED — NOT REAL STUDENT DATA
S00030,Q0505A,Software Engineering,Testing,Easy,1,30.65,40,2025-02-03T23:40:10.672008,S00030_SESSION_004,True,SYNTHETIC / SIMULATED — NOT REAL STUDENT DATA
S00030,Q0308C,Operating Systems,Threads,Hard,0,190.9,41,2025-02-05T09:09:56.954804,S00030_SESSION_005,True,SYNTHETIC / SIMULATED — NOT REAL STUDENT DATA
S00030,Q0302S,Operating Systems,CPU Scheduling,Medium,0,83.15,42,2025-02-06T15:33:47.500555,S00030_SESSION_005,True,SYNTHETIC / SIMULATED — NOT REAL STUDENT DATA
S00030,Q0410C,Computer Networks,Network Security,Hard,0,176.52,43,2025-02-06T19:36:48.476508,S00030_SESSION_005,True,SYNTHETIC / SIMULATED — NOT REAL STUDENT DATA
S00030,Q0104B,DSA,Stack & Queue,Medium,0,172.64,44,2025-02-08T02:13:59.470742,S00030_SESSION_005,True,SYNTHETIC / SIMULATED — NOT REAL STUDENT DATA
S00030,Q0105C,DSA,Recursion,Hard,1,131.92,45,2025-02-08T21:57:55.068307,S00030_SESSION_005,True,SYNTHETIC / SIMULATED — NOT REAL STUDENT DATA
S00030,Q0306B,Operating Systems,Synchronization,Medium,0,170.96,46,2025-02-09T12:42:53.223472,S00030_SESSION_005,True,SYNTHETIC / SIMULATED — NOT REAL STUDENT DATA
S00030,Q0204C,DBMS,Normalization,Hard,0,108.22,47,2025-02-10T18:04:50.789346,S00030_SESSION_005,True,SYNTHETIC / SIMULATED — NOT REAL STUDENT DATA
S00030,Q0405B,Computer Networks,DNS,Medium,0,109.26,48,2025-02-10T22:58:02.622375,S00030_SESSION_005,True,SYNTHETIC / SIMULATED — NOT REAL STUDENT DATA
S00030,Q0307B,Operating Systems,File Systems,Medium,0,190.1,49,2025-02-12T10:47:28.627921,S00030_SESSION_005,True,SYNTHETIC / SIMULATED — NOT REAL STUDENT DATA
S00030,Q0306A,Operating Systems,Synchronization,Easy,0,78.49,50,2025-02-12T16:17:36.903709,S00030_SESSION_005,True,SYNTHETIC / SIMULATED — NOT REAL STUDENT DATA
S00030,Q0307B,Operating Systems,File Systems,Medium,1,133.92,51,2025-02-12T22:34:48.808059,S00030_SESSION_006,True,SYNTHETIC / SIMULATED — NOT REAL STUDENT DATA
S00030,Q0201B,DBMS,DBMS Basics,Medium,1,92.92,52,2025-02-14T05:45:25.446686,S00030_SESSION_006,True,SYNTHETIC / SIMULATED — NOT REAL STUDENT DATA
S00030,Q0301S,Operating Systems,Processes,Easy,1,50.76,53,2025-02-14T11:13:27.662411,S00030_SESSION_006,True,SYNTHETIC / SIMULATED — NOT REAL STUDENT DATA
S00030,Q0404B,Computer Networks,UDP,Medium,0,126.91,54,2025-02-15T01:05:49.971941,S00030_SESSION_006,True,SYNTHETIC / SIMULATED — NOT REAL STUDENT DATA
S00030,Q0405S,Computer Networks,DNS,Easy,0,81.95,55,2025-02-15T10:43:38.542244,S00030_SESSION_006,True,SYNTHETIC / SIMULATED — NOT REAL STUDENT DATA
S00030,Q0402S,Computer Networks,TCP/IP,Medium,0,108.15,56,2025-02-16T05:17:02.192217,S00030_SESSION_006,True,SYNTHETIC / SIMULATED — NOT REAL STUDENT DATA
S00030,Q0301B,Operating Systems,Processes,Medium,0,119.7,57,2025-02-16T22:57:42.369947,S00030_SESSION_006,True,SYNTHETIC / SIMULATED — NOT REAL STUDENT DATA
S00030,Q0206B,DBMS,Transactions,Medium,1,56.44,58,2025-02-18T09:14:02.880313,S00030_SESSION_006,True,SYNTHETIC / SIMULATED — NOT REAL STUDENT DATA
S00030,Q0407A,Computer Networks,DHCP,Easy,1,46.59,59,2025-02-19T01:07:59.042425,S00030_SESSION_006,True,SYNTHETIC / SIMULATED — NOT REAL STUDENT DATA
S00030,Q0304A,Operating Systems,Memory Management,Easy,0,96.08,60,2025-02-20T12:58:45.546334,S00030_SESSION_006,True,SYNTHETIC / SIMULATED — NOT REAL STUDENT DATA
