student_id,subject,topic,attempt_number,timestamp,synthetic_true_mastery,synthetic_mastered_label
S00001,DSA,Strings,1,2025-01-02T19:32:22.529477,0.492552,0
S00001,Operating Systems,CPU Scheduling,2,2025-01-03T13:18:34.475908,0.589923,0
S00001,DSA,Arrays,3,2025-01-05T01:23:20.437607,0.832877,1
S00001,Operating Systems,I/O Management,4,2025-01-05T08:48:13.758700,0.430583,0
S00001,DBMS,ER Model,5,2025-01-05T15:58:29.244765,0.696815,0
S00001,DBMS,ER Model,6,2025-01-06T15:33:16.791239,0.706332,1
S00001,DSA,Stack & Queue,7,2025-01-06T21:27:02.643182,0.73867,1
S00001,DBMS,Indexing,8,2025-01-07T16:22:43.897244,0.756992,1
S00001,Operating Systems,Threads,9,2025-01-07T19:49:24.548603,0.465263,0
S00001,Operating Systems,Processes,10,2025-01-08T03:07:03.618172,0.489587,0
S00001,Operating Systems,Paging,11,2025-01-09T06:09:50.457917,0.576607,0
S00001,Operating Systems,Security,12,2025-01-10T14:03:19.040406,0.612911,0
S00001,Operating Systems,Synchronization,13,2025-01-11T00:55:07.924466,0.78938,1
S00001,Computer Networks,TCP/IP,14,2025-01-12T05:22:13.741300,0.674689,0
S00001,Computer Networks,DHCP,15,2025-01-12T15:26:13.192384,0.692644,0
S00001,DBMS,DBMS Basics,16,2025-01-13T10:19:11.037939,0.834476,1
S00001,Computer Networks,OSI,17,2025-01-14T22:41:26.118633,0.759701,1
S00001,Operating Systems,I/O Management,18,2025-01-16T09:40:35.475815,0.432769,0
S00001,Operating Systems,Synchronization,19,2025-01-16T17:44:29.266559,0.789717,1
S00001,DSA,Recursion,20,2025-01-17T13:57:43.035280,0.677244,0
S00001,Computer Networks,OSI,21,2025-01-18T00:20:34.202465,0.762961,1
S00001,Computer Networks,Network Security,22,2025-01-19T01:58:10.561489,0.797686,1
S00001,Operating Systems,Memory Management,23,2025-01-20T15:03:02.576755,0.579895,0
S00001,Software Engineering,Design Patterns,24,2025-01-21T01:06:31.233537,0.701919,1
S00001,DSA,Heap,25,2025-01-21T08:09:32.834394,0.813752,1
S00001,DBMS,SQL,26,2025-01-22T14:37:31.729659,0.821339,1
S00001,Operating Systems,CPU Scheduling,27,2025-01-23T04:05:57.008672,0.602031,0
S00001,DBMS,Indexing,28,2025-01-24T01:32:18.938117,0.767017,1
S00001,DSA,Recursion,29,2025-01-24T04:38:55.857365,0.685361,0
S00001,Software Engineering,SRS,30,2025-01-25T01:06:25.260287,0.776398,1
S00001,DSA,Arrays,31,2025-01-25T19:36:29.248820,0.839401,1
S00001,DSA,Hashing,32,2025-01-26T02:46:42.420025,0.819151,1
S00001,DSA,Stack & Queue,33,2025-01-27T13:38:42.281334,0.737926,1
S00001,DSA,Trees,34,2025-01-27T18:19:54.405451,0.720072,1
S00001,DBMS,ER Model,35,2025-01-28T09:30:51.805090,0.710311,1
S00001,DSA,Strings,36,2025-01-29T06:58:03.702913,0.505413,0
S00001,Operating Systems,Synchronization,37,2025-01-30T06:33:42.947789,0.7978,1
S00001,Operating Systems,Security,38,2025-01-30T14:09:23.368346,0.626854,0
S00001,DBMS,DBMS Basics,39,2025-02-01T01:41:49.689989,0.833949,1
S00001,Operating Systems,Processes,40,2025-02-01T14:44:13.176486,0.50829,0
S00001,Computer Networks,Network Security,41,2025-02-02T02:17:02.393646,0.804209,1
S00001,Computer Networks,DNS,42,2025-02-02T22:24:23.370083,0.867741,1
S00001,Computer Networks,Routing,43,2025-02-03T10:14:46.753994,0.786354,1
S00001,Software Engineering,Design Patterns,44,2025-02-04T13:51:36.222375,0.703666,1
S00001,Computer Networks,DNS,45,2025-02-05T15:11:45.988940,0.867728,1
S00001,Operating Systems,Threads,46,2025-02-06T02:39:10.029000,0.482353,0
S00001,Operating Systems,I/O Management,47,2025-02-06T22:37:21.039044,0.438481,0
S00001,Computer Networks,OSI,48,2025-02-07T09:02:46.003457,0.770143,1
S00001,DSA,Strings,49,2025-02-07T12:07:25.786087,0.509677,0
S00001,DSA,Recursion,50,2025-02-08T11:47:23.454952,0.693718,0
S00001,Computer Networks,UDP,51,2025-02-09T16:16:14.495400,0.856521,1
S00001,Software Engineering,UML,52,2025-02-11T03:13:06.875333,0.556494,0
S00001,Computer Networks,DNS,53,2025-02-12T02:55:45.107589,0.873801,1
S00001,Operating Systems,I/O Management,54,2025-02-12T12:19:31.007755,0.456416,0
S00001,DBMS,Transactions,55,2025-02-13T19:25:00.658829,0.77041,1
S00001,Operating Systems,Threads,56,2025-02-15T08:51:29.629749,0.49831,0
S00001,DBMS,Joins,57,2025-02-16T22:02:21.718283,0.881736,1
S00001,Software Engineering,Waterfall,58,2025-02-17T02:08:36.905825,0.742252,1
S00001,Operating Systems,Memory Management,59,2025-02-18T11:49:32.891224,0.592852,0
S00001,Software Engineering,Waterfall,60,2025-02-19T15:24:46.244952,0.751111,1
S00002,DBMS,Indexing,1,2025-01-03T02:51:40.851051,0.130072,0
S00002,Operating Systems,Synchronization,2,2025-01-03T06:06:32.117444,0.10385,0
S00002,Operating Systems,File Systems,3,2025-01-04T00:56:01.317481,0.167898,0
S00002,Software Engineering,Project Management,4,2025-01-04T06:20:17.487203,0.276055,0
S00002,Computer Networks,Network Security,5,2025-01-04T09:38:45.371144,0.104869,0
S00002,Computer Networks,TCP/IP,6,2025-01-04T16:57:40.390132,0.058635,0
S00002,DSA,Stack & Queue,7,2025-01-05T02:58:01.426928,0.451391,0
S00002,Operating Systems,Synchronization,8,2025-01-05T08:15:35.463660,0.108598,0
S00002,DBMS,Indexing,9,2025-01-06T04:11:34.764342,0.156912,0
S00002,DBMS,Transactions,10,2025-01-06T07:56:14.491220,0.059211,0
S00002,Operating Systems,CPU Scheduling,11,2025-01-06T20:44:48.650198,0.061987,0
S00002,Operating Systems,Paging,12,2025-01-07T14:27:47.458202,0.077786,0
S00002,Software Engineering,SDLC,13,2025-01-08T06:08:57.391836,0.214155,0
S00002,Computer Networks,UDP,14,2025-01-08T09:56:01.947004,0.057091,0
S00002,Software Engineering,Testing,15,2025-01-09T05:07:36.779932,0.44415,0
S00002,Computer Networks,IP Addressing,16,2025-01-09T12:37:56.929918,0.116487,0
S00002,DBMS,Joins,17,2025-01-10T20:47:27.541098,0.189319,0
S00002,Operating Systems,Threads,18,2025-01-11T02:38:59.053992,0.185856,0
S00002,DSA,Recursion,19,2025-01-12T00:46:23.165354,0.450179,0
S00002,Software Engineering,Software Quality,20,2025-01-13T02:31:20.764689,0.37069,0
S00002,DSA,Dynamic Programming,21,2025-01-13T16:49:47.378605,0.359431,0
S00002,DBMS,Normalization,22,2025-01-15T02:17:54.712363,0.101689,0
S00002,DSA,Trees,23,2025-01-15T14:54:42.671316,0.458084,0
S00002,Operating Systems,Deadlocks,24,2025-01-16T11:55:03.015292,0.057664,0
S00002,DBMS,Concurrency Control,25,2025-01-17T20:37:02.188246,0.141198,0
S00002,DBMS,DBMS Basics,26,2025-01-18T11:14:21.761371,0.059072,0
S00002,Operating Systems,I/O Management,27,2025-01-19T03:01:25.056097,0.18506,0
S00002,Operating Systems,Memory Management,28,2025-01-19T17:17:47.331586,0.166955,0
S00002,Computer Networks,HTTP,29,2025-01-20T03:15:39.111997,0.192132,0
S00002,Software Engineering,Design Patterns,30,2025-01-20T08:26:40.892453,0.154466,0
S00002,Operating Systems,I/O Management,31,2025-01-21T21:57:37.021057,0.190241,0
S00002,DBMS,Indexing,32,2025-01-22T20:18:13.268398,0.162573,0
S00002,Operating Systems,Deadlocks,33,2025-01-23T01:37:18.779258,0.085811,0
S00002,Software Engineering,Testing,34,2025-01-24T02:29:37.475195,0.448018,0
S00002,Software Engineering,SDLC,35,2025-01-24T19:20:44.492417,0.233497,0
S00002,Software Engineering,Agile,36,2025-01-26T00:01:30.091149,0.328246,0
S00002,Software Engineering,Waterfall,37,2025-01-26T19:46:53.571739,0.217148,0
S00002,Software Engineering,Project Management,38,2025-01-27T18:31:18.050090,0.285922,0
S00002,DBMS,DBMS Basics,39,2025-01-28T20:21:06.396326,0.084975,0
S00002,Computer Networks,TCP/IP,40,2025-01-30T00:44:47.247465,0.066139,0
S00002,DBMS,Joins,41,2025-01-30T13:07:51.765727,0.198595,0
S00002,Operating Systems,Paging,42,2025-02-01T00:29:36.090386,0.081809,0
S00002,Operating Systems,Synchronization,43,2025-02-01T04:35:33.039305,0.135086,0
S00002,DBMS,Relational Algebra,44,2025-02-02T13:22:33.829669,0.054803,0
S00002,Software Engineering,Design Patterns,45,2025-02-03T12:20:18.437984,0.182532,0
S00002,Operating Systems,Security,46,2025-02-04T04:06:29.798849,0.093535,0
S00002,DBMS,ER Model,47,2025-02-05T12:30:07.752964,0.160683,0
S00002,Operating Systems,CPU Scheduling,48,2025-02-06T22:04:45.332162,0.068214,0
S00002,Operating Systems,Deadlocks,49,2025-02-07T04:31:21.437617,0.092867,0
S00002,DSA,Heap,50,2025-02-08T03:44:29.918171,0.467256,0
S00002,DSA,Linked Lists,51,2025-02-08T18:53:00.949040,0.386173,0
S00002,Computer Networks,TCP,52,2025-02-10T07:11:31.998319,0.076222,0
S00002,Operating Systems,File Systems,53,2025-02-10T20:06:47.323972,0.191552,0
S00002,Computer Networks,DNS,54,2025-02-12T00:47:05.054334,0.060596,0
S00002,Software Engineering,Agile,55,2025-02-13T11:51:22.009642,0.335359,0
S00002,Operating Systems,Synchronization,56,2025-02-14T01:03:39.209265,0.141364,0
S00002,Software Engineering,Design Patterns,57,2025-02-15T03:19:43.320984,0.186108,0
S00002,DBMS,Indexing,58,2025-02-15T13:01:49.273478,0.167764,0
S00002,Operating Systems,Threads,59,2025-02-15T16:49:38.244712,0.215425,0
S00002,Software Engineering,Project Management,60,2025-02-16T09:55:35.669903,0.293353,0
S00003,Software Engineering,UML,1,2025-01-03T07:48:19.887217,0.604592,0
S00003,DBMS,SQL,2,2025-01-03T21:18:06.196993,0.417132,0
S00003,DBMS,Indexing,3,2025-01-04T10:49:17.109585,0.283801,0
S00003,Computer Networks,TCP/IP,4,2025-01-05T03:16:25.350405,0.535989,0
S00003,Software Engineering,Testing,5,2025-01-05T07:57:23.343628,0.36943,0
S00003,Software Engineering,UML,6,2025-01-06T08:04:20.689702,0.618944,0
S00003,Computer Networks,IP Addressing,7,2025-01-06T19:26:08.043109,0.775848,1
S00003,Software Engineering,Git/Version Control,8,2025-01-07T03:10:35.006279,0.522066,0
S00003,Computer Networks,TCP,9,2025-01-08T01:07:21.017276,0.455645,0
S00003,Operating Systems,CPU Scheduling,10,2025-01-08T07:10:23.089474,0.980991,1
S00003,Operating Systems,Deadlocks,11,2025-01-09T16:39:58.383079,0.832234,1
S00003,Operating Systems,File Systems,12,2025-01-09T21:26:10.734290,0.902214,1
S00003,Software Engineering,Testing,13,2025-01-10T00:40:12.826908,0.371043,0
S00003,DBMS,DBMS Basics,14,2025-01-11T05:37:04.973721,0.368753,0
S00003,Operating Systems,Threads,15,2025-01-12T17:03:53.220152,0.882229,1
S00003,DBMS,Indexing,16,2025-01-12T20:43:28.711155,0.289772,0
S00003,Computer Networks,HTTP,17,2025-01-13T18:33:37.145981,0.872501,1
S00003,DBMS,ER Model,18,2025-01-14T20:20:41.458863,0.335871,0
S00003,Computer Networks,IP Addressing,19,2025-01-15T20:54:41.722528,0.784425,1
S00003,DSA,Trees,20,2025-01-16T13:35:04.788231,0.705292,1
S00003,DBMS,SQL,21,2025-01-16T20:13:30.297967,0.42161,0
S00003,Software Engineering,Design Patterns,22,2025-01-18T00:48:46.290827,0.412711,0
S00003,Computer Networks,OSI,23,2025-01-19T11:45:22.484105,0.641096,0
S00003,DBMS,Concurrency Control,24,2025-01-20T05:02:55.551558,0.552909,0
S00003,Software Engineering,UML,25,2025-01-21T05:56:11.484910,0.624472,0
S00003,DSA,Arrays,26,2025-01-22T03:52:41.991333,0.671611,0
S00003,Software Engineering,Design Patterns,27,2025-01-23T07:54:25.759478,0.415977,0
S00003,Computer Networks,UDP,28,2025-01-23T11:33:44.738517,0.613479,0
S00003,Computer Networks,HTTP,29,2025-01-24T00:29:29.602821,0.875291,1
S00003,DSA,Heap,30,2025-01-25T13:18:26.716331,0.715995,1
S00003,Computer Networks,DHCP,31,2025-01-26T01:40:51.192939,0.680957,0
S00003,DBMS,Joins,32,2025-01-27T14:31:23.956167,0.525769,0
S00003,DBMS,ER Model,33,2025-01-29T02:59:48.814653,0.341633,0
S00003,Operating Systems,Deadlocks,34,2025-01-30T13:21:43.171858,0.83441,1
S00003,Computer Networks,HTTP,35,2025-01-31T07:14:41.420854,0.87791,1
S00003,Software Engineering,Agile,36,2025-01-31T12:46:05.997645,0.739786,1
S00003,Operating Systems,Synchronization,37,2025-02-01T17:43:22.668254,0.851528,1
S00003,DBMS,Transactions,38,2025-02-03T03:44:07.697121,0.42825,0
S00003,DSA,Stack & Queue,39,2025-02-03T12:16:50.153500,0.555814,0
S00003,Software Engineering,Project Management,40,2025-02-04T02:51:33.321263,0.473409,0
S00003,DSA,Trees,41,2025-02-05T08:38:45.990515,0.715685,1
S00003,DBMS,ER Model,42,2025-02-06T11:40:34.045433,0.344421,0
S00003,Software Engineering,Design Patterns,43,2025-02-08T00:07:03.321887,0.437953,0
S00003,DBMS,Transactions,44,2025-02-08T14:18:43.861302,0.435569,0
S00003,Computer Networks,OSI,45,2025-02-08T20:03:45.759841,0.656387,0
S00003,Computer Networks,DHCP,46,2025-02-09T04:04:47.853183,0.683268,0
S00003,Computer Networks,DNS,47,2025-02-10T00:54:11.595342,0.652571,0
S00003,Software Engineering,Project Management,48,2025-02-11T12:13:41.425877,0.478652,0
S00003,Operating Systems,Threads,49,2025-02-12T19:07:00.557395,0.886958,1
S00003,DSA,Linked Lists,50,2025-02-13T11:03:12.235224,0.646895,0
S00003,DSA,Heap,51,2025-02-14T02:54:39.389272,0.720503,1
S00003,Computer Networks,DNS,52,2025-02-15T04:52:39.375578,0.657254,0
S00003,Software Engineering,Git/Version Control,53,2025-02-16T12:25:00.903696,0.536205,0
S00003,Software Engineering,Git/Version Control,54,2025-02-16T18:01:17.845026,0.54157,0
S00003,DBMS,SQL,55,2025-02-17T22:00:38.769656,0.440845,0
S00003,DSA,Stack & Queue,56,2025-02-18T12:25:02.311223,0.561425,0
S00003,Computer Networks,DHCP,57,2025-02-18T22:24:04.714039,0.695272,0
S00003,Computer Networks,TCP/IP,58,2025-02-20T02:19:03.792407,0.537594,0
S00003,Computer Networks,IP Addressing,59,2025-02-21T10:05:31.860790,0.789287,1
S00003,DBMS,DBMS Basics,60,2025-02-21T19:12:22.640760,0.374563,0
S00004,Computer Networks,Network Security,1,2025-01-04T01:22:43.948297,0.174863,0
S00004,DBMS,Normalization,2,2025-01-05T01:23:44.337817,0.147204,0
S00004,DSA,Trees,3,2025-01-05T04:33:03.804960,0.119598,0
S00004,Software Engineering,Software Quality,4,2025-01-06T02:39:03.415278,0.492772,0
S00004,DSA,Hashing,5,2025-01-06T09:50:45.709380,0.13847,0
S00004,DBMS,Relational Algebra,6,2025-01-07T01:32:26.063529,0.497581,0
S00004,Software Engineering,Project Management,7,2025-01-07T10:27:49.281112,0.753885,1
S00004,DBMS,Indexing,8,2025-01-08T15:24:16.249920,0.311125,0
S00004,Software Engineering,Design Patterns,9,2025-01-09T22:11:28.910697,0.678781,0
S00004,DBMS,Joins,10,2025-01-10T19:41:56.491944,0.513163,0
S00004,DSA,Trees,11,2025-01-11T08:54:38.638660,0.125022,0
S00004,DSA,Recursion,12,2025-01-12T14:51:23.682080,0.07496,0
S00004,Computer Networks,UDP,13,2025-01-13T07:58:23.069089,0.222749,0
S00004,DSA,Linked Lists,14,2025-01-13T18:12:53.432627,0.276713,0
S00004,Operating Systems,Security,15,2025-01-13T23:51:25.685779,0.094513,0
S00004,DSA,Dynamic Programming,16,2025-01-15T13:16:56.403229,0.215488,0
S00004,Software Engineering,SDLC,17,2025-01-16T04:23:13.727201,0.448425,0
S00004,Operating Systems,Security,18,2025-01-16T15:42:33.969235,0.101588,0
S00004,Computer Networks,TCP/IP,19,2025-01-18T01:18:24.905885,0.076026,0
S00004,Computer Networks,UDP,20,2025-01-18T22:12:58.291909,0.228039,0
S00004,Software Engineering,Software Quality,21,2025-01-19T07:31:41.395048,0.49325,0
S00004,DSA,Dynamic Programming,22,2025-01-20T21:10:19.923020,0.218356,0
S00004,DBMS,DBMS Basics,23,2025-01-21T13:19:56.640518,0.493497,0
S00004,DSA,Stack & Queue,24,2025-01-22T17:07:03.309171,0.106637,0
S00004,DBMS,ER Model,25,2025-01-23T00:26:42.506437,0.277718,0
S00004,Operating Systems,Memory Management,26,2025-01-23T09:15:51.273354,0.09961,0
S00004,DBMS,Indexing,27,2025-01-24T10:19:08.069987,0.315293,0
S00004,Computer Networks,Network Security,28,2025-01-25T16:06:12.079512,0.182043,0
S00004,DBMS,ER Model,29,2025-01-26T11:10:46.780318,0.298231,0
S00004,DSA,Strings,30,2025-01-26T17:00:25.863334,0.111072,0
S00004,DBMS,Indexing,31,2025-01-27T21:17:33.619486,0.319736,0
S00004,Operating Systems,Synchronization,32,2025-01-29T01:03:36.579835,0.267781,0
S00004,Software Engineering,Design Patterns,33,2025-01-30T11:27:40.128400,0.690629,0
S00004,Operating Systems,Deadlocks,34,2025-01-31T08:45:37.646683,0.101943,0
S00004,DSA,Hashing,35,2025-02-01T09:21:54.500626,0.147519,0
S00004,Operating Systems,Memory Management,36,2025-02-02T00:32:26.188697,0.10647,0
S00004,DSA,Heap,37,2025-02-03T06:30:14.261349,0.054774,0
S00004,Operating Systems,Deadlocks,38,2025-02-04T07:55:32.666403,0.129683,0
S00004,Computer Networks,OSI,39,2025-02-05T16:35:35.548079,0.057234,0
S00004,DBMS,Transactions,40,2025-02-06T07:01:20.500190,0.519352,0
S00004,Computer Networks,OSI,41,2025-02-06T17:38:07.440353,0.064829,0
S00004,DSA,Trees,42,2025-02-06T21:23:25.370226,0.148626,0
S00004,DSA,Hashing,43,2025-02-07T22:30:31.880018,0.169704,0
S00004,Software Engineering,Project Management,44,2025-02-09T07:44:08.067049,0.762107,1
S00004,DSA,Strings,45,2025-02-09T12:48:14.161390,0.136207,0
S00004,Operating Systems,I/O Management,46,2025-02-10T05:48:22.291125,0.056673,0
S00004,DSA,Arrays,47,2025-02-10T11:43:00.030813,0.058028,0
S00004,Software Engineering,SDLC,48,2025-02-11T13:12:10.233553,0.454477,0
S00004,DSA,Graphs,49,2025-02-12T08:33:15.130042,0.240322,0
S00004,Computer Networks,Network Security,50,2025-02-13T16:18:28.590129,0.186004,0
S00004,DBMS,Indexing,51,2025-02-14T21:22:54.219506,0.326904,0
S00004,Computer Networks,HTTP,52,2025-02-15T20:32:01.360288,0.128362,0
S00004,DBMS,DBMS Basics,53,2025-02-17T05:45:37.442868,0.504873,0
S00004,Operating Systems,Threads,54,2025-02-17T10:24:09.748187,0.198806,0
S00004,DSA,Stack & Queue,55,2025-02-18T08:19:23.510092,0.115799,0
S00004,DBMS,Concurrency Control,56,2025-02-19T21:10:51.752165,0.19559,0
S00004,Operating Systems,Deadlocks,57,2025-02-21T10:40:58.574219,0.136256,0
S00004,Computer Networks,HTTP,58,2025-02-22T07:23:07.734662,0.134238,0
S00004,DSA,Arrays,59,2025-02-23T17:30:20.809262,0.064735,0
S00004,Software Engineering,Testing,60,2025-02-25T04:06:55.852701,0.49128,0
S00005,Software Engineering,Git/Version Control,1,2025-01-04T03:15:41.642558,0.752254,1
S00005,Operating Systems,Synchronization,2,2025-01-04T22:14:26.200156,0.944251,1
S00005,Computer Networks,UDP,3,2025-01-05T21:15:43.323328,0.785529,1
S00005,DSA,Trees,4,2025-01-06T01:49:00.247913,0.336117,0
S00005,Software Engineering,Git/Version Control,5,2025-01-07T03:05:25.688983,0.763529,1
S00005,DBMS,DBMS Basics,6,2025-01-07T20:21:15.170397,0.607661,0
S00005,DBMS,Joins,7,2025-01-08T12:39:45.797992,0.681526,0
S00005,DBMS,Normalization,8,2025-01-09T03:17:27.071881,0.669132,0
S00005,DSA,Recursion,9,2025-01-10T13:13:30.093896,0.517475,0
S00005,Computer Networks,Routing,10,2025-01-11T09:40:36.393908,0.737258,1
S00005,DSA,Heap,11,2025-01-12T11:14:20.269055,0.539966,0
S00005,Computer Networks,TCP,12,2025-01-13T14:37:16.549711,0.762498,1
S00005,Computer Networks,HTTP,13,2025-01-13T23:55:28.823449,0.74488,1
S00005,Operating Systems,CPU Scheduling,14,2025-01-15T07:03:36.959506,0.935059,1
S00005,DSA,Graphs,15,2025-01-16T07:46:39.109266,0.582067,0
S00005,DSA,Strings,16,2025-01-16T23:26:53.584002,0.639675,0
S00005,DSA,Trees,17,2025-01-18T02:35:38.062223,0.359597,0
S00005,Computer Networks,IP Addressing,18,2025-01-18T06:31:20.712611,0.783503,1
S00005,DBMS,Normalization,19,2025-01-19T20:07:29.256867,0.672611,0
S00005,Operating Systems,CPU Scheduling,20,2025-01-21T00:15:52.175339,0.938699,1
S00005,Computer Networks,HTTP,21,2025-01-22T12:00:31.350440,0.748969,1
S00005,DBMS,Keys,22,2025-01-23T18:35:21.577388,0.645837,0
S00005,DSA,Linked Lists,23,2025-01-24T17:23:30.057899,0.736351,1
S00005,Computer Networks,DNS,24,2025-01-25T21:07:51.589591,0.746339,1
S00005,DSA,Arrays,25,2025-01-26T13:12:33.595404,0.523024,0
S00005,Computer Networks,DHCP,26,2025-01-27T15:05:47.507498,0.648971,0
S00005,Computer Networks,DHCP,27,2025-01-28T09:04:07.963816,0.648641,0
S00005,DBMS,Normalization,28,2025-01-29T17:15:53.644479,0.674285,0
S00005,Computer Networks,TCP/IP,29,2025-01-29T20:25:27.484781,0.85561,1
S00005,DSA,Strings,30,2025-01-30T11:23:43.347003,0.652298,0
S00005,DSA,Graphs,31,2025-01-30T22:11:38.337125,0.583336,0
S00005,DSA,Heap,32,2025-02-01T05:41:12.503853,0.552221,0
S00005,Software Engineering,Testing,33,2025-02-01T16:08:27.577837,0.978976,1
S00005,Computer Networks,HTTP,34,2025-02-03T03:22:47.574675,0.752378,1
S00005,Computer Networks,HTTP,35,2025-02-04T05:34:03.297045,0.760753,1
S00005,DSA,Strings,36,2025-02-05T00:47:53.863961,0.668023,0
S00005,Operating Systems,File Systems,37,2025-02-05T15:42:37.895855,0.801006,1
S00005,DSA,Heap,38,2025-02-06T12:58:29.074264,0.557013,0
S00005,DBMS,DBMS Basics,39,2025-02-07T16:44:40.464302,0.61949,0
S00005,Operating Systems,Threads,40,2025-02-08T07:14:18.129674,0.93391,1
S00005,DBMS,SQL,41,2025-02-09T14:38:45.457217,0.977462,1
S00005,DSA,Arrays,42,2025-02-10T16:12:40.604855,0.539377,0
S00005,Software Engineering,Design Patterns,43,2025-02-12T02:30:17.506765,0.831966,1
S00005,Software Engineering,Waterfall,44,2025-02-12T10:10:48.561010,0.827235,1
S00005,Operating Systems,I/O Management,45,2025-02-12T20:36:25.007491,0.929836,1
S00005,DBMS,Normalization,46,2025-02-13T06:02:35.004265,0.68308,0
S00005,DSA,Trees,47,2025-02-14T07:52:15.749933,0.359926,0
S00005,DBMS,Relational Algebra,48,2025-02-14T19:19:58.071507,0.770571,1
S00005,DSA,Dynamic Programming,49,2025-02-15T12:10:24.252114,0.498665,0
S00005,DBMS,ER Model,50,2025-02-16T23:50:20.836350,0.678772,0
S00005,Computer Networks,DNS,51,2025-02-18T07:17:14.677593,0.752212,1
S00005,DBMS,Joins,52,2025-02-18T19:47:32.496435,0.687969,0
S00005,Computer Networks,DNS,53,2025-02-19T19:12:53.093685,0.758401,1
S00005,DSA,Heap,54,2025-02-20T03:15:43.973559,0.555085,0
S00005,Computer Networks,Routing,55,2025-02-21T00:34:27.673463,0.749191,1
S00005,DSA,Arrays,56,2025-02-21T09:47:00.543184,0.55204,0
S00005,DSA,Stack & Queue,57,2025-02-21T19:44:21.689729,0.505854,0
S00005,Operating Systems,File Systems,58,2025-02-21T22:51:24.336506,0.803202,1
S00005,DBMS,Normalization,59,2025-02-22T02:15:54.058352,0.697586,0
S00005,Software Engineering,SRS,60,2025-02-22T17:15:49.552532,0.980448,1
S00006,Software Engineering,UML,1,2025-01-02T13:05:49.460027,0.836748,1
S00006,DBMS,SQL,2,2025-01-02T22:01:30.200891,0.223464,0
S00006,Operating Systems,Deadlocks,3,2025-01-03T23:14:09.037501,0.981116,1
S00006,DBMS,ER Model,4,2025-01-04T18:43:50.682680,0.371484,0
S00006,DSA,Strings,5,2025-01-05T09:00:14.369571,0.695156,0
S00006,DSA,Recursion,6,2025-01-06T22:54:22.424405,0.880611,1
S00006,DBMS,ER Model,7,2025-01-07T20:31:15.636114,0.388918,0
S00006,Computer Networks,Routing,8,2025-01-08T08:42:12.424952,0.761052,1
S00006,Software Engineering,Agile,9,2025-01-09T18:02:24.434967,0.676253,0
S00006,DBMS,Indexing,10,2025-01-09T21:56:15.283157,0.28613,0
S00006,DSA,Graphs,11,2025-01-10T08:42:51.326741,0.680382,0
S00006,Software Engineering,Waterfall,12,2025-01-11T19:35:41.486012,0.802429,1
S00006,DBMS,Concurrency Control,13,2025-01-13T07:49:25.325435,0.498097,0
S00006,DBMS,Transactions,14,2025-01-13T11:43:34.967419,0.418393,0
S00006,Computer Networks,OSI,15,2025-01-14T04:09:56.576820,0.792314,1
S00006,Computer Networks,IP Addressing,16,2025-01-14T09:27:58.145703,0.688345,0
S00006,Operating Systems,I/O Management,17,2025-01-15T21:23:03.326232,0.98369,1
S00006,DBMS,Keys,18,2025-01-16T07:54:33.351090,0.621253,0
S00006,DSA,Heap,19,2025-01-17T16:23:19.179596,0.743814,1
S00006,DSA,Linked Lists,20,2025-01-17T20:51:25.618879,0.67806,0
S00006,Software Engineering,SDLC,21,2025-01-18T02:06:40.906679,0.707955,1
S00006,DSA,Trees,22,2025-01-18T10:16:51.784845,0.393147,0
S00006,Software Engineering,Project Management,23,2025-01-18T13:55:16.535562,0.521137,0
S00006,DSA,Trees,24,2025-01-18T20:50:46.096954,0.399981,0
S00006,DSA,Arrays,25,2025-01-20T05:38:11.951867,0.665195,0
S00006,DSA,Stack & Queue,26,2025-01-21T04:29:52.623075,0.726338,1
S00006,Computer Networks,IP Addressing,27,2025-01-21T19:38:52.561636,0.693588,0
S00006,DBMS,DBMS Basics,28,2025-01-22T10:55:50.253062,0.45425,0
S00006,DBMS,Transactions,29,2025-01-23T18:42:52.852157,0.43846,0
S00006,DBMS,ER Model,30,2025-01-25T02:21:15.524591,0.393892,0
S00006,Software Engineering,Waterfall,31,2025-01-26T11:50:30.322145,0.809913,1
S00006,DBMS,Concurrency Control,32,2025-01-26T19:13:58.791657,0.516787,0
S00006,DSA,Trees,33,2025-01-27T09:05:05.272629,0.415962,0
S00006,Operating Systems,I/O Management,34,2025-01-28T00:26:28.254742,0.984595,1
S00006,Software Engineering,Project Management,35,2025-01-28T18:59:34.419830,0.533818,0
S00006,DBMS,Relational Algebra,36,2025-01-29T05:03:48.537251,0.57562,0
S00006,Software Engineering,Project Management,37,2025-01-30T13:44:59.049619,0.53427,0
S00006,DBMS,Relational Algebra,38,2025-01-31T16:38:35.119558,0.585169,0
S00006,DBMS,Transactions,39,2025-02-01T07:46:38.340676,0.443038,0
S00006,Computer Networks,HTTP,40,2025-02-02T08:48:36.124837,0.627746,0
S00006,DBMS,Joins,41,2025-02-02T12:13:56.219823,0.384446,0
S00006,DSA,Heap,42,2025-02-03T04:05:48.220114,0.751116,1
S00006,Computer Networks,HTTP,43,2025-02-03T09:47:10.147427,0.638513,0
S00006,DSA,Dynamic Programming,44,2025-02-03T18:37:13.361867,0.654961,0
S00006,DSA,Heap,45,2025-02-05T06:08:59.163537,0.749992,1
S00006,DSA,Trees,46,2025-02-05T16:32:40.789697,0.418435,0
S00006,Operating Systems,Deadlocks,47,2025-02-06T23:54:56.575589,0.980298,1
S00006,DBMS,Keys,48,2025-02-07T21:56:01.895423,0.630965,0
S00006,DBMS,Transactions,49,2025-02-09T09:56:14.517786,0.447196,0
S00006,Software Engineering,UML,50,2025-02-10T02:42:54.704486,0.839217,1
S00006,Computer Networks,DHCP,51,2025-02-10T15:39:57.145454,0.808951,1
S00006,DBMS,Normalization,52,2025-02-11T19:28:52.181383,0.513289,0
S00006,DBMS,SQL,53,2025-02-13T06:31:19.011630,0.230674,0
S00006,Operating Systems,I/O Management,54,2025-02-13T13:11:32.208669,0.981476,1
S00006,DBMS,ER Model,55,2025-02-14T09:10:10.088734,0.41191,0
S00006,DSA,Heap,56,2025-02-14T17:07:41.214820,0.76083,1
S00006,DSA,Strings,57,2025-02-15T16:43:09.913090,0.702505,1
S00006,DSA,Stack & Queue,58,2025-02-16T11:18:06.899233,0.73506,1
S00006,DBMS,SQL,59,2025-02-16T14:51:58.609345,0.25061,0
S00006,DSA,Dynamic Programming,60,2025-02-17T15:32:07.497681,0.655324,0
S00007,DSA,Stack & Queue,1,2025-01-03T16:14:02.015105,0.775148,1
S00007,Computer Networks,TCP,2,2025-01-04T05:57:32.798530,0.396457,0
S00007,Computer Networks,IP Addressing,3,2025-01-04T15:18:18.762997,0.289935,0
S00007,DSA,Arrays,4,2025-01-06T03:09:22.973289,0.724028,1
S00007,DSA,Graphs,5,2025-01-06T12:18:41.484334,0.979489,1
S00007,Computer Networks,IP Addressing,6,2025-01-07T20:50:32.322032,0.312586,0
S00007,DBMS,Indexing,7,2025-01-08T20:27:52.233701,0.864302,1
S00007,DBMS,ER Model,8,2025-01-09T16:44:42.765941,0.622274,0
S00007,Computer Networks,IP Addressing,9,2025-01-11T04:33:30.994697,0.317762,0
S00007,Operating Systems,Processes,10,2025-01-12T13:55:45.582880,0.490286,0
S00007,Operating Systems,Paging,11,2025-01-13T06:02:18.257875,0.747394,1
S00007,Operating Systems,Security,12,2025-01-13T14:02:17.136206,0.573219,0
S00007,DSA,Heap,13,2025-01-14T22:05:51.149321,0.982221,1
S00007,Operating Systems,Synchronization,14,2025-01-15T04:12:41.106764,0.68499,0
S00007,Operating Systems,Paging,15,2025-01-16T15:09:43.900653,0.752863,1
S00007,DSA,Stack & Queue,16,2025-01-16T22:24:21.374370,0.781655,1
S00007,Operating Systems,Memory Management,17,2025-01-17T01:55:22.749938,0.597694,0
S00007,Operating Systems,Security,18,2025-01-18T00:42:34.658671,0.586069,0
S00007,Software Engineering,Agile,19,2025-01-18T07:25:16.403578,0.471948,0
S00007,DBMS,Relational Algebra,20,2025-01-18T11:14:18.859022,0.729324,1
S00007,Computer Networks,DNS,21,2025-01-19T20:16:54.139414,0.195965,0
S00007,DSA,Recursion,22,2025-01-20T17:36:33.526167,0.97895,1
S00007,Operating Systems,Deadlocks,23,2025-01-20T22:24:03.144121,0.689254,0
S00007,Computer Networks,UDP,24,2025-01-21T02:33:50.745460,0.542856,0
S00007,Computer Networks,DHCP,25,2025-01-22T07:17:05.878681,0.193844,0
S00007,DSA,Trees,26,2025-01-22T16:49:43.289423,0.979357,1
S00007,Computer Networks,HTTP,27,2025-01-24T03:07:09.843204,0.230649,0
S00007,Computer Networks,HTTP,28,2025-01-24T11:00:18.982868,0.237444,0
S00007,DBMS,Transactions,29,2025-01-25T21:57:09.487985,0.794714,1
S00007,Operating Systems,Paging,30,2025-01-26T13:12:37.882377,0.763279,1
S00007,DBMS,Normalization,31,2025-01-26T20:27:36.019868,0.722532,1
S00007,DBMS,Normalization,32,2025-01-27T23:49:55.468235,0.731797,1
S00007,Computer Networks,HTTP,33,2025-01-28T21:13:30.273926,0.261125,0
S00007,DBMS,ER Model,34,2025-01-29T12:22:03.852705,0.637534,0
S00007,Computer Networks,DNS,35,2025-01-29T16:59:57.692424,0.226358,0
S00007,Operating Systems,CPU Scheduling,36,2025-01-29T20:09:42.784659,0.619485,0
S00007,DBMS,DBMS Basics,37,2025-01-30T07:42:16.123074,0.770115,1
S00007,Computer Networks,DHCP,38,2025-01-30T13:51:32.627163,0.215361,0
S00007,DBMS,Indexing,39,2025-01-30T17:54:04.950329,0.866494,1
S00007,Computer Networks,DNS,40,2025-01-31T03:10:33.375824,0.245475,0
S00007,Software Engineering,Agile,41,2025-01-31T10:21:18.603762,0.476026,0
S00007,Software Engineering,SRS,42,2025-02-02T00:16:29.793526,0.699238,0
S00007,Software Engineering,UML,43,2025-02-02T05:23:23.967673,0.83277,1
S00007,DSA,Stack & Queue,44,2025-02-03T11:26:43.511322,0.782835,1
S00007,Computer Networks,OSI,45,2025-02-04T10:26:41.085200,0.587373,0
S00007,Operating Systems,Memory Management,46,2025-02-05T20:26:55.161512,0.599091,0
S00007,Software Engineering,Git/Version Control,47,2025-02-06T17:37:37.348286,0.767992,1
S00007,Computer Networks,DNS,48,2025-02-07T20:07:27.984834,0.254496,0
S00007,Computer Networks,TCP,49,2025-02-09T05:03:17.775575,0.401529,0
S00007,Operating Systems,CPU Scheduling,50,2025-02-09T13:12:54.502875,0.624902,0
S00007,Operating Systems,Processes,51,2025-02-11T01:13:07.873259,0.494201,0
S00007,Software Engineering,Waterfall,52,2025-02-11T19:14:47.726879,0.753578,1
S00007,Software Engineering,Software Quality,53,2025-02-13T04:33:17.017567,0.839639,1
S00007,Computer Networks,DNS,54,2025-02-13T14:30:44.414546,0.26166,0
S00007,DSA,Heap,55,2025-02-14T21:53:40.379160,0.983773,1
S00007,Computer Networks,Routing,56,2025-02-15T12:19:20.598615,0.453095,0
S00007,Computer Networks,TCP/IP,57,2025-02-16T11:29:48.592982,0.344654,0
S00007,Operating Systems,Synchronization,58,2025-02-17T06:22:03.270735,0.700863,1
S00007,DBMS,Normalization,59,2025-02-18T04:46:16.838621,0.733301,1
S00007,Computer Networks,OSI,60,2025-02-18T08:37:44.743292,0.590425,0
S00008,DSA,Strings,1,2025-01-01T21:09:46.546211,0.439876,0
S00008,DSA,Dynamic Programming,2,2025-01-02T19:19:14.718534,0.215312,0
S00008,Operating Systems,Paging,3,2025-01-03T05:21:11.458790,0.06057,0
S00008,DBMS,ER Model,4,2025-01-03T22:20:24.197465,0.376654,0
S00008,DBMS,Indexing,5,2025-01-05T08:08:22.075904,0.521558,0
S00008,Software Engineering,Testing,6,2025-01-05T11:12:36.711994,0.227623,0
S00008,Operating Systems,Paging,7,2025-01-06T02:10:05.263137,0.066083,0
S00008,Operating Systems,CPU Scheduling,8,2025-01-06T05:23:11.344255,0.185444,0
S00008,Operating Systems,I/O Management,9,2025-01-07T02:40:08.710883,0.205014,0
S00008,DBMS,Relational Algebra,10,2025-01-08T09:49:58.109815,0.265913,0
S00008,Software Engineering,Waterfall,11,2025-01-09T10:58:15.941432,0.372399,0
S00008,Operating Systems,Deadlocks,12,2025-01-10T21:44:22.001561,0.336765,0
S00008,DBMS,Concurrency Control,13,2025-01-11T07:18:02.888906,0.282137,0
S00008,Operating Systems,Security,14,2025-01-11T18:56:50.859403,0.054985,0
S00008,Computer Networks,UDP,15,2025-01-13T04:47:44.608312,0.540269,0
S00008,Software Engineering,Testing,16,2025-01-14T14:17:13.347949,0.23272,0
S00008,Operating Systems,Processes,17,2025-01-15T13:07:57.258731,0.142426,0
S00008,Operating Systems,Paging,18,2025-01-16T12:10:35.031886,0.091798,0
S00008,DSA,Dynamic Programming,19,2025-01-16T21:42:58.255236,0.220435,0
S00008,Computer Networks,TCP/IP,20,2025-01-17T14:22:42.545531,0.545085,0
S00008,Software Engineering,Project Management,21,2025-01-17T21:21:25.504664,0.230978,0
S00008,DSA,Graphs,22,2025-01-19T07:15:08.311820,0.276521,0
S00008,Operating Systems,Synchronization,23,2025-01-20T00:13:22.305793,0.271756,0
S00008,DSA,Graphs,24,2025-01-20T19:52:41.802651,0.282169,0
S00008,Software Engineering,Agile,25,2025-01-21T10:57:24.993220,0.181332,0
S00008,DBMS,Joins,26,2025-01-21T19:41:32.374893,0.519728,0
S00008,Software Engineering,Agile,27,2025-01-22T16:02:59.161340,0.181459,0
S00008,Computer Networks,OSI,28,2025-01-23T06:45:46.278311,0.532363,0
S00008,Software Engineering,SDLC,29,2025-01-23T13:40:56.446093,0.365912,0
S00008,Operating Systems,Synchronization,30,2025-01-24T09:42:49.909982,0.279597,0
S00008,Operating Systems,Processes,31,2025-01-25T13:14:03.064647,0.17097,0
S00008,DSA,Heap,32,2025-01-26T18:29:17.509411,0.317487,0
S00008,Software Engineering,SDLC,33,2025-01-27T02:31:18.586297,0.370594,0
S00008,Operating Systems,Processes,34,2025-01-28T01:24:18.860181,0.178215,0
S00008,Computer Networks,OSI,35,2025-01-29T12:36:49.982744,0.534556,0
S00008,Computer Networks,Routing,36,2025-01-29T18:31:46.949648,0.771786,1
S00008,Computer Networks,HTTP,37,2025-01-30T09:25:47.039626,0.586513,0
S00008,DSA,Strings,38,2025-01-31T16:10:46.317579,0.442858,0
S00008,Computer Networks,DHCP,39,2025-02-01T03:18:42.517765,0.657652,0
S00008,Software Engineering,SRS,40,2025-02-02T00:31:04.526396,0.274265,0
S00008,Operating Systems,Threads,41,2025-02-03T06:58:38.304020,0.277985,0
S00008,Software Engineering,Software Quality,42,2025-02-04T10:53:52.183632,0.485555,0
S00008,Operating Systems,Synchronization,43,2025-02-05T23:05:23.161833,0.283864,0
S00008,DBMS,SQL,44,2025-02-06T14:07:30.704760,0.392535,0
S00008,DSA,Recursion,45,2025-02-07T12:13:54.863397,0.476193,0
S00008,Computer Networks,Network Security,46,2025-02-08T23:19:27.215214,0.576263,0
S00008,Operating Systems,Memory Management,47,2025-02-09T16:32:21.243944,0.445168,0
S00008,DSA,Trees,48,2025-02-10T20:16:52.591849,0.601852,0
S00008,DBMS,DBMS Basics,49,2025-02-11T06:28:46.334552,0.440561,0
S00008,DSA,Stack & Queue,50,2025-02-12T08:54:48.161138,0.456704,0
S00008,Operating Systems,Security,51,2025-02-13T12:09:57.000220,0.060941,0
S00008,DSA,Arrays,52,2025-02-14T20:32:16.636083,0.588122,0
S00008,Software Engineering,Design Patterns,53,2025-02-16T03:21:21.407129,0.244032,0
S00008,Software Engineering,Waterfall,54,2025-02-17T12:50:54.823245,0.393143,0
S00008,Software Engineering,Waterfall,55,2025-02-17T18:53:32.855655,0.398506,0
S00008,DSA,Hashing,56,2025-02-18T13:03:35.096644,0.333396,0
S00008,Software Engineering,Waterfall,57,2025-02-20T02:59:58.485357,0.401718,0
S00008,Computer Networks,IP Addressing,58,2025-02-21T09:49:42.757758,0.650705,0
S00008,DSA,Hashing,59,2025-02-22T18:52:06.214933,0.343406,0
S00008,DBMS,Transactions,60,2025-02-23T00:27:34.855428,0.358056,0
S00009,DBMS,DBMS Basics,1,2025-01-02T09:22:27.390058,0.31628,0
S00009,Computer Networks,Routing,2,2025-01-02T20:16:28.942540,0.638793,0
S00009,DSA,Graphs,3,2025-01-03T02:25:56.675983,0.403052,0
S00009,DBMS,Joins,4,2025-01-04T12:49:32.532355,0.328409,0
S00009,Operating Systems,File Systems,5,2025-01-04T17:31:13.841348,0.501556,0
S00009,DBMS,Indexing,6,2025-01-05T03:42:48.856477,0.389324,0
S00009,Software Engineering,SRS,7,2025-01-06T05:37:52.732258,0.587644,0
S00009,Operating Systems,Threads,8,2025-01-06T20:44:08.466831,0.361421,0
S00009,Software Engineering,SRS,9,2025-01-07T14:53:35.209538,0.590189,0
S00009,Software Engineering,SDLC,10,2025-01-08T02:16:54.227258,0.114051,0
S00009,Computer Networks,TCP/IP,11,2025-01-09T12:43:16.362238,0.523822,0
S00009,DSA,Heap,12,2025-01-11T02:23:56.862107,0.70086,1
S00009,Operating Systems,File Systems,13,2025-01-12T13:47:49.197016,0.503104,0
S00009,Software Engineering,UML,14,2025-01-13T01:33:24.101801,0.224793,0
S00009,Software Engineering,Waterfall,15,2025-01-13T11:36:48.429946,0.226644,0
S00009,DSA,Hashing,16,2025-01-13T14:57:57.799311,0.42448,0
S00009,Operating Systems,Synchronization,17,2025-01-14T18:10:59.468619,0.367176,0
S00009,DSA,Arrays,18,2025-01-15T06:49:37.189810,0.457909,0
S00009,Operating Systems,Threads,19,2025-01-15T22:47:16.499249,0.379952,0
S00009,DSA,Graphs,20,2025-01-17T05:06:08.745536,0.409313,0
S00009,Software Engineering,Software Quality,21,2025-01-17T10:51:21.343324,0.124131,0
S00009,DBMS,Transactions,22,2025-01-17T15:38:02.708003,0.213154,0
S00009,DBMS,ER Model,23,2025-01-18T20:38:06.507906,0.117721,0
S00009,Operating Systems,Synchronization,24,2025-01-20T05:31:18.587303,0.370355,0
S00009,Computer Networks,UDP,25,2025-01-21T19:20:38.461347,0.585725,0
S00009,Software Engineering,Agile,26,2025-01-22T10:24:36.301806,0.057505,0
S00009,Software Engineering,Waterfall,27,2025-01-23T21:18:36.786609,0.254722,0
S00009,DSA,Hashing,28,2025-01-25T06:19:02.022980,0.43725,0
S00009,DSA,Arrays,29,2025-01-26T03:46:21.219093,0.472068,0
S00009,DBMS,Relational Algebra,30,2025-01-27T02:38:51.983427,0.254639,0
S00009,Software Engineering,UML,31,2025-01-28T15:14:05.117226,0.228338,0
S00009,DSA,Stack & Queue,32,2025-01-29T16:34:37.587323,0.286142,0
S00009,Software Engineering,Git/Version Control,33,2025-01-30T15:40:34.007209,0.346235,0
S00009,Operating Systems,Memory Management,34,2025-01-31T12:39:48.745919,0.453185,0
S00009,DBMS,Joins,35,2025-02-01T23:52:27.992849,0.35101,0
S00009,DSA,Stack & Queue,36,2025-02-02T22:15:40.329433,0.307993,0
S00009,DBMS,Normalization,37,2025-02-03T06:12:33.906610,0.277553,0
S00009,DSA,Heap,38,2025-02-03T13:51:49.177977,0.71185,1
S00009,Software Engineering,SRS,39,2025-02-05T00:50:57.213015,0.59273,0
S00009,Software Engineering,Agile,40,2025-02-05T17:44:23.167134,0.084502,0
S00009,Computer Networks,DHCP,41,2025-02-06T06:10:43.865788,0.226357,0
S00009,DBMS,Keys,42,2025-02-06T16:27:03.487965,0.205574,0
S00009,Software Engineering,Design Patterns,43,2025-02-07T23:55:09.006688,0.304494,0
S00009,DSA,Hashing,44,2025-02-09T12:01:49.950619,0.452466,0
S00009,Operating Systems,Paging,45,2025-02-10T17:00:53.499212,0.426303,0
S00009,Software Engineering,SDLC,46,2025-02-11T06:10:37.153971,0.121301,0
S00009,Computer Networks,IP Addressing,47,2025-02-11T14:41:21.362563,0.284722,0
S00009,DBMS,Indexing,48,2025-02-12T11:01:50.380611,0.408942,0
S00009,Operating Systems,CPU Scheduling,49,2025-02-13T10:01:17.675509,0.452998,0
S00009,Operating Systems,Deadlocks,50,2025-02-13T18:25:24.053262,0.521345,0
S00009,Software Engineering,UML,51,2025-02-14T07:12:37.231182,0.248616,0
S00009,DSA,Graphs,52,2025-02-14T12:18:11.854222,0.415128,0
S00009,Software Engineering,Git/Version Control,53,2025-02-15T05:42:18.677292,0.350884,0
S00009,DSA,Heap,54,2025-02-16T02:31:42.395913,0.718886,1
S00009,DSA,Recursion,55,2025-02-17T07:21:35.701970,0.226487,0
S00009,DSA,Hashing,56,2025-02-18T02:18:55.744276,0.458548,0
S00009,Operating Systems,Synchronization,57,2025-02-18T17:27:50.624886,0.37719,0
S00009,DSA,Heap,58,2025-02-19T06:56:03.452594,0.72703,1
S00009,Software Engineering,Design Patterns,59,2025-02-20T05:39:49.530212,0.321483,0
S00009,DBMS,SQL,60,2025-02-21T18:22:28.318978,0.220291,0
S00010,DSA,Recursion,1,2025-01-02T00:46:36.341703,0.270549,0
S00010,DBMS,SQL,2,2025-01-02T10:49:01.839541,0.758237,1
S00010,Computer Networks,Routing,3,2025-01-02T16:08:30.096431,0.342944,0
S00010,Computer Networks,DNS,4,2025-01-03T20:26:16.609233,0.699389,0
S00010,Software Engineering,Software Quality,5,2025-01-04T20:13:15.000205,0.118626,0
S00010,Operating Systems,I/O Management,6,2025-01-05T06:22:44.389732,0.538572,0
S00010,Operating Systems,I/O Management,7,2025-01-06T17:00:55.328194,0.558437,0
S00010,Computer Networks,UDP,8,2025-01-07T16:14:55.405903,0.490082,0
S00010,Computer Networks,UDP,9,2025-01-08T09:31:02.506875,0.504734,0
S00010,Computer Networks,TCP,10,2025-01-09T06:02:03.792673,0.527758,0
S00010,Computer Networks,HTTP,11,2025-01-09T21:15:41.095791,0.455317,0
S00010,DBMS,DBMS Basics,12,2025-01-11T10:57:39.840345,0.591564,0
S00010,Software Engineering,Design Patterns,13,2025-01-12T14:27:00.173790,0.212949,0
S00010,DSA,Graphs,14,2025-01-13T01:22:45.821380,0.556756,0
S00010,DSA,Strings,15,2025-01-14T14:35:37.947512,0.306779,0
S00010,DSA,Trees,16,2025-01-15T14:01:45.543448,0.281927,0
S00010,Software Engineering,Design Patterns,17,2025-01-16T09:19:52.840059,0.218605,0
S00010,Operating Systems,Deadlocks,18,2025-01-17T22:03:00.481852,0.315761,0
S00010,DSA,Hashing,19,2025-01-19T10:54:41.739846,0.363776,0
S00010,DSA,Stack & Queue,20,2025-01-20T18:55:33.817186,0.5922,0
S00010,Software Engineering,Design Patterns,21,2025-01-21T13:04:09.606181,0.223498,0
S00010,Software Engineering,SRS,22,2025-01-22T20:05:01.655056,0.104212,0
S00010,Operating Systems,Processes,23,2025-01-24T09:39:42.573227,0.234403,0
S00010,Software Engineering,Git/Version Control,24,2025-01-24T19:10:46.530440,0.172242,0
S00010,DBMS,Relational Algebra,25,2025-01-25T13:05:21.926629,0.647676,0
S00010,DSA,Heap,26,2025-01-25T17:31:40.830190,0.557811,0
S00010,Software Engineering,Project Management,27,2025-01-26T14:25:05.886530,0.256786,0
S00010,Computer Networks,Routing,28,2025-01-27T10:41:30.397428,0.346981,0
S00010,Computer Networks,DHCP,29,2025-01-28T09:29:23.253814,0.409604,0
S00010,Computer Networks,Routing,30,2025-01-29T05:52:29.085224,0.352828,0
S00010,Operating Systems,Synchronization,31,2025-01-30T11:54:30.059885,0.507633,0
S00010,DSA,Trees,32,2025-01-31T20:05:16.109719,0.288773,0
S00010,Computer Networks,Routing,33,2025-02-02T09:39:10.280710,0.357153,0
S00010,DBMS,DBMS Basics,34,2025-02-03T18:13:13.239474,0.607731,0
S00010,Operating Systems,Security,35,2025-02-05T03:31:21.041756,0.396944,0
S00010,Computer Networks,IP Addressing,36,2025-02-05T12:38:45.959031,0.371451,0
S00010,Computer Networks,OSI,37,2025-02-06T14:43:33.483289,0.524033,0
S00010,Computer Networks,OSI,38,2025-02-07T04:32:37.164784,0.543042,0
S00010,Computer Networks,IP Addressing,39,2025-02-07T15:35:15.163550,0.376085,0
S00010,DSA,Strings,40,2025-02-08T21:37:38.948743,0.311764,0
S00010,DSA,Hashing,41,2025-02-09T08:05:01.705648,0.381137,0
S00010,DBMS,ER Model,42,2025-02-10T20:07:33.140805,0.387772,0
S00010,DSA,Heap,43,2025-02-12T00:34:26.356478,0.575063,0
S00010,Computer Networks,Network Security,44,2025-02-12T09:00:58.514079,0.298631,0
S00010,Operating Systems,Threads,45,2025-02-13T20:06:00.738104,0.510274,0
S00010,Computer Networks,HTTP,46,2025-02-14T12:06:00.948852,0.461176,0
S00010,Operating Systems,Memory Management,47,2025-02-15T03:37:44.008420,0.416877,0
S00010,DSA,Strings,48,2025-02-16T17:14:20.954025,0.331748,0
S00010,Software Engineering,Agile,49,2025-02-17T21:48:09.442831,0.231588,0
S00010,DSA,Trees,50,2025-02-18T18:58:30.588141,0.293547,0
S00010,Operating Systems,Paging,51,2025-02-19T19:38:23.942561,0.556096,0
S00010,DSA,Hashing,52,2025-02-19T22:39:04.178812,0.385734,0
S00010,DSA,Recursion,53,2025-02-21T02:01:25.324064,0.298329,0
S00010,Software Engineering,Testing,54,2025-02-21T07:36:35.754407,0.319856,0
S00010,DSA,Recursion,55,2025-02-21T15:05:15.654745,0.3226,0
S00010,DBMS,Transactions,56,2025-02-21T22:02:17.918503,0.521126,0
S00010,Software Engineering,SRS,57,2025-02-22T07:43:15.045955,0.110841,0
S00010,Computer Networks,UDP,58,2025-02-23T10:36:25.553127,0.523289,0
S00010,Software Engineering,Git/Version Control,59,2025-02-24T05:38:40.067033,0.178825,0
S00010,DBMS,SQL,60,2025-02-25T02:40:41.711106,0.765818,1
S00011,Computer Networks,IP Addressing,1,2025-01-02T09:25:05.003397,0.80626,1
S00011,Computer Networks,DNS,2,2025-01-03T18:09:18.738245,0.628994,0
S00011,DBMS,SQL,3,2025-01-05T07:40:31.258142,0.360813,0
S00011,DBMS,SQL,4,2025-01-06T13:35:59.691936,0.379549,0
S00011,Computer Networks,Network Security,5,2025-01-08T03:01:31.232672,0.610583,0
S00011,Computer Networks,IP Addressing,6,2025-01-09T03:38:43.557435,0.812471,1
S00011,Operating Systems,I/O Management,7,2025-01-09T20:07:32.488259,0.404774,0
S00011,Operating Systems,Deadlocks,8,2025-01-10T04:06:00.342510,0.566459,0
S00011,DSA,Linked Lists,9,2025-01-10T12:58:30.085376,0.547797,0
S00011,DSA,Hashing,10,2025-01-11T22:00:10.641082,0.431361,0
S00011,Software Engineering,Design Patterns,11,2025-01-12T06:45:56.336282,0.736571,1
S00011,DBMS,Joins,12,2025-01-13T01:44:28.715752,0.542036,0
S00011,Operating Systems,CPU Scheduling,13,2025-01-14T01:30:24.173071,0.402339,0
S00011,Software Engineering,SRS,14,2025-01-15T11:43:14.209640,0.735971,1
S00011,Operating Systems,File Systems,15,2025-01-16T10:25:30.783986,0.394735,0
S00011,Software Engineering,SRS,16,2025-01-17T09:06:03.343702,0.744826,1
S00011,Software Engineering,Testing,17,2025-01-17T23:20:05.951149,0.788512,1
S00011,Software Engineering,UML,18,2025-01-19T00:26:32.272834,0.820761,1
S00011,Operating Systems,Security,19,2025-01-20T04:32:11.803203,0.391241,0
S00011,DSA,Trees,20,2025-01-21T03:27:53.379234,0.676932,0
S00011,DSA,Heap,21,2025-01-21T23:55:53.813423,0.580058,0
S00011,DBMS,Normalization,22,2025-01-22T16:50:45.199064,0.415663,0
S00011,DSA,Hashing,23,2025-01-23T16:07:54.308175,0.452838,0
S00011,DBMS,Normalization,24,2025-01-24T02:20:19.490924,0.435847,0
S00011,DBMS,SQL,25,2025-01-24T09:23:17.041196,0.396817,0
S00011,Software Engineering,Testing,26,2025-01-25T08:22:26.237254,0.801622,1
S00011,Operating Systems,Synchronization,27,2025-01-26T16:29:54.152678,0.535992,0
S00011,Operating Systems,CPU Scheduling,28,2025-01-27T04:38:36.715534,0.408118,0
S00011,Computer Networks,TCP/IP,29,2025-01-28T10:04:17.113867,0.81271,1
S00011,Computer Networks,DHCP,30,2025-01-29T06:40:33.016585,0.591583,0
S00011,Operating Systems,Processes,31,2025-01-30T09:08:37.406466,0.412983,0
S00011,Operating Systems,Memory Management,32,2025-01-30T21:26:20.076962,0.502097,0
S00011,DSA,Arrays,33,2025-02-01T00:05:08.400449,0.613731,0
S00011,Computer Networks,TCP,34,2025-02-01T08:30:09.882988,0.554738,0
S00011,Operating Systems,File Systems,35,2025-02-01T23:46:40.554470,0.401666,0
S00011,Operating Systems,Security,36,2025-02-02T18:03:14.848743,0.392525,0
S00011,Operating Systems,Synchronization,37,2025-02-03T01:07:24.267235,0.539405,0
S00011,Operating Systems,File Systems,38,2025-02-04T11:55:07.199960,0.415451,0
S00011,Operating Systems,Synchronization,39,2025-02-05T05:51:27.032890,0.541595,0
S00011,Computer Networks,DNS,40,2025-02-06T18:21:42.921015,0.641603,0
S00011,DSA,Dynamic Programming,41,2025-02-07T04:58:25.105112,0.683231,0
S00011,DBMS,SQL,42,2025-02-08T03:54:18.844617,0.417272,0
S00011,Computer Networks,Network Security,43,2025-02-08T21:34:06.175811,0.618643,0
S00011,Operating Systems,I/O Management,44,2025-02-09T02:21:27.584341,0.409439,0
S00011,Operating Systems,Threads,45,2025-02-10T03:36:35.722696,0.623269,0
S00011,Computer Networks,Routing,46,2025-02-10T23:56:24.656885,0.667431,0
S00011,Computer Networks,DNS,47,2025-02-12T11:28:56.710406,0.654201,0
S00011,DBMS,Indexing,48,2025-02-13T04:54:49.481612,0.350899,0
S00011,Operating Systems,File Systems,49,2025-02-14T03:25:27.589615,0.418381,0
S00011,DBMS,Normalization,50,2025-02-15T05:58:57.289624,0.439086,0
S00011,Computer Networks,DHCP,51,2025-02-15T20:17:24.152804,0.603099,0
S00011,Operating Systems,Synchronization,52,2025-02-16T07:48:06.585307,0.557334,0
S00011,Operating Systems,Paging,53,2025-02-17T03:07:58.155993,0.253327,0
S00011,Software Engineering,Git/Version Control,54,2025-02-17T18:15:10.358984,0.706875,1
S00011,Software Engineering,Agile,55,2025-02-19T05:00:24.763603,0.712731,1
S00011,Computer Networks,OSI,56,2025-02-20T05:38:17.457166,0.852545,1
S00011,Software Engineering,SRS,57,2025-02-20T09:02:51.185381,0.753407,1
S00011,DSA,Linked Lists,58,2025-02-21T00:49:36.913786,0.561349,0
S00011,Software Engineering,Project Management,59,2025-02-22T14:48:36.975657,0.719335,1
S00011,Operating Systems,I/O Management,60,2025-02-23T19:53:07.757203,0.425685,0
S00012,Computer Networks,HTTP,1,2025-01-02T15:26:06.739501,0.410308,0
S00012,Operating Systems,Deadlocks,2,2025-01-04T03:06:01.008064,0.647437,0
S00012,Computer Networks,HTTP,3,2025-01-04T15:01:36.318270,0.424863,0
S00012,Computer Networks,Routing,4,2025-01-05T23:41:00.956727,0.484346,0
S00012,Software Engineering,Testing,5,2025-01-07T07:17:07.769764,0.430028,0
S00012,DSA,Graphs,6,2025-01-08T19:54:59.401898,0.189977,0
S00012,DBMS,Joins,7,2025-01-09T00:02:52.963749,0.355124,0
S00012,Operating Systems,Security,8,2025-01-09T05:12:32.892663,0.564251,0
S00012,Operating Systems,Paging,9,2025-01-09T18:31:41.326074,0.482678,0
S00012,DBMS,SQL,10,2025-01-10T14:10:50.026023,0.397546,0
S00012,Software Engineering,Agile,11,2025-01-10T21:09:30.238192,0.427535,0
S00012,Computer Networks,Network Security,12,2025-01-11T01:01:51.984077,0.3679,0
S00012,DSA,Linked Lists,13,2025-01-11T15:52:55.479484,0.19043,0
S00012,Software Engineering,SRS,14,2025-01-12T10:15:10.582821,0.43531,0
S00012,DBMS,Joins,15,2025-01-13T16:25:38.676110,0.361407,0
S00012,Computer Networks,HTTP,16,2025-01-14T05:18:43.213974,0.425861,0
S00012,DBMS,Relational Algebra,17,2025-01-15T07:27:30.246267,0.326656,0
S00012,DBMS,Relational Algebra,18,2025-01-15T17:04:31.634644,0.34277,0
S00012,DSA,Graphs,19,2025-01-16T16:22:24.787861,0.213294,0
S00012,DSA,Linked Lists,20,2025-01-17T00:22:39.688949,0.197472,0
S00012,DSA,Trees,21,2025-01-18T12:56:28.787081,0.177085,0
S00012,DSA,Hashing,22,2025-01-19T15:53:33.576157,0.077459,0
S00012,Computer Networks,DHCP,23,2025-01-20T11:07:53.921664,0.168491,0
S00012,Computer Networks,TCP/IP,24,2025-01-20T19:32:11.236016,0.455616,0
S00012,DSA,Strings,25,2025-01-21T04:19:11.842620,0.524433,0
S00012,DSA,Hashing,26,2025-01-22T12:11:40.600383,0.084679,0
S00012,DSA,Trees,27,2025-01-22T20:39:57.719408,0.207117,0
S00012,Computer Networks,TCP,28,2025-01-23T06:12:49.467987,0.250952,0
S00012,DBMS,Normalization,29,2025-01-23T18:34:54.541756,0.320189,0
S00012,DSA,Dynamic Programming,30,2025-01-24T06:51:06.286055,0.27281,0
S00012,Computer Networks,DNS,31,2025-01-25T15:39:58.095779,0.507324,0
S00012,Software Engineering,SRS,32,2025-01-25T19:57:38.373670,0.455743,0
S00012,Computer Networks,HTTP,33,2025-01-27T04:03:24.634768,0.429872,0
S00012,Software Engineering,Agile,34,2025-01-28T15:08:09.147237,0.442203,0
S00012,Software Engineering,Design Patterns,35,2025-01-29T12:54:35.144558,0.326972,0
S00012,DSA,Dynamic Programming,36,2025-01-30T16:29:51.411567,0.275329,0
S00012,DSA,Stack & Queue,37,2025-01-31T05:37:18.637245,0.055654,0
S00012,DSA,Linked Lists,38,2025-01-31T13:06:16.906859,0.20628,0
S00012,Computer Networks,DNS,39,2025-01-31T20:20:42.794631,0.520243,0
S00012,DSA,Trees,40,2025-01-31T23:39:35.826322,0.21576,0
S00012,Computer Networks,HTTP,41,2025-02-02T09:31:04.447939,0.432695,0
S00012,DSA,Strings,42,2025-02-03T11:49:14.818025,0.525097,0
S00012,Software Engineering,Testing,43,2025-02-03T23:51:15.196903,0.447121,0
S00012,DBMS,ER Model,44,2025-02-04T15:56:52.088602,0.375815,0
S00012,DSA,Trees,45,2025-02-05T03:48:52.937254,0.218507,0
S00012,Software Engineering,Project Management,46,2025-02-06T10:37:00.275739,0.551889,0
S00012,Computer Networks,UDP,47,2025-02-07T20:04:01.745892,0.25838,0
S00012,DBMS,DBMS Basics,48,2025-02-07T23:21:01.243635,0.444981,0
S00012,Computer Networks,TCP,49,2025-02-08T15:57:58.023027,0.255739,0
S00012,Computer Networks,Routing,50,2025-02-09T11:01:03.202319,0.504259,0
S00012,Computer Networks,OSI,51,2025-02-10T12:02:41.356115,0.412701,0
S00012,Operating Systems,Paging,52,2025-02-11T13:56:06.209643,0.485639,0
S00012,DSA,Heap,53,2025-02-12T00:44:19.481869,0.279504,0
S00012,DSA,Trees,54,2025-02-12T06:57:38.069470,0.226283,0
S00012,Operating Systems,Memory Management,55,2025-02-13T14:54:53.483970,0.615239,0
S00012,DSA,Recursion,56,2025-02-14T16:37:43.191203,0.200387,0
S00012,Operating Systems,Threads,57,2025-02-15T04:37:06.992926,0.526292,0
S00012,DSA,Graphs,58,2025-02-15T21:45:07.843620,0.219889,0
S00012,Operating Systems,CPU Scheduling,59,2025-02-16T17:20:43.421488,0.437402,0
S00012,DSA,Dynamic Programming,60,2025-02-17T00:31:04.509877,0.276983,0
S00013,Computer Networks,TCP,1,2025-01-03T12:07:48.413249,0.732388,1
S00013,DBMS,SQL,2,2025-01-04T17:01:55.775370,0.40489,0
S00013,DSA,Heap,3,2025-01-05T13:20:55.853626,0.298661,0
S00013,Computer Networks,DNS,4,2025-01-06T17:02:30.174611,0.472963,0
S00013,Computer Networks,DNS,5,2025-01-07T12:05:42.872676,0.483683,0
S00013,Operating Systems,Security,6,2025-01-08T18:12:22.628827,0.303062,0
S00013,Computer Networks,DNS,7,2025-01-10T07:16:01.210521,0.488454,0
S00013,DBMS,Normalization,8,2025-01-11T08:07:41.603899,0.490405,0
S00013,DBMS,SQL,9,2025-01-12T09:07:11.943768,0.409264,0
S00013,Operating Systems,I/O Management,10,2025-01-13T12:02:57.017225,0.343445,0
S00013,Operating Systems,Deadlocks,11,2025-01-13T21:59:17.672160,0.577441,0
S00013,Computer Networks,TCP/IP,12,2025-01-15T11:54:18.853889,0.619592,0
S00013,DSA,Arrays,13,2025-01-16T12:10:03.271636,0.521632,0
S00013,Computer Networks,TCP/IP,14,2025-01-16T17:00:18.353733,0.636399,0
S00013,Software Engineering,UML,15,2025-01-17T07:47:35.261592,0.485864,0
S00013,DSA,Arrays,16,2025-01-18T17:33:48.943024,0.538265,0
S00013,Software Engineering,Agile,17,2025-01-19T19:57:27.139607,0.519614,0
S00013,Operating Systems,Security,18,2025-01-21T08:35:35.044671,0.309293,0
S00013,DSA,Recursion,19,2025-01-22T22:31:14.816249,0.516265,0
S00013,Software Engineering,UML,20,2025-01-23T23:16:48.767196,0.490981,0
S00013,DBMS,Relational Algebra,21,2025-01-24T21:47:05.524141,0.637516,0
S00013,Software Engineering,Design Patterns,22,2025-01-25T04:13:39.163417,0.260348,0
S00013,DBMS,Concurrency Control,23,2025-01-26T14:01:55.961610,0.405595,0
S00013,Operating Systems,Processes,24,2025-01-27T08:02:35.749915,0.558212,0
S00013,Operating Systems,Synchronization,25,2025-01-28T12:59:48.015668,0.368988,0
S00013,Software Engineering,UML,26,2025-01-29T13:04:02.113731,0.507924,0
S00013,DBMS,DBMS Basics,27,2025-01-29T23:04:01.888755,0.251715,0
S00013,DSA,Arrays,28,2025-01-31T03:35:19.953333,0.542939,0
S00013,Operating Systems,Threads,29,2025-02-01T04:33:18.312063,0.482804,0
S00013,DSA,Stack & Queue,30,2025-02-02T13:06:35.424969,0.511249,0
S00013,Software Engineering,Waterfall,31,2025-02-03T00:37:11.723023,0.473393,0
S00013,Computer Networks,HTTP,32,2025-02-03T10:51:33.734674,0.570249,0
S00013,DSA,Arrays,33,2025-02-04T13:57:58.785401,0.549605,0
S00013,Computer Networks,TCP/IP,34,2025-02-05T08:24:16.329822,0.637666,0
S00013,DBMS,Keys,35,2025-02-06T04:39:46.528102,0.395976,0
S00013,Computer Networks,Network Security,36,2025-02-06T20:11:05.252608,0.83832,1
S00013,DBMS,Relational Algebra,37,2025-02-07T00:54:29.710729,0.652004,0
S00013,DBMS,Relational Algebra,38,2025-02-08T14:15:21.302808,0.661744,0
S00013,Computer Networks,IP Addressing,39,2025-02-09T05:15:22.344771,0.921449,1
S00013,DSA,Stack & Queue,40,2025-02-10T18:40:43.544395,0.515144,0
S00013,DBMS,ER Model,41,2025-02-11T23:25:03.981110,0.51332,0
S00013,Computer Networks,Network Security,42,2025-02-13T01:22:38.913964,0.844495,1
S00013,DSA,Dynamic Programming,43,2025-02-14T09:50:43.605376,0.482143,0
S00013,DBMS,DBMS Basics,44,2025-02-15T09:04:44.925101,0.271684,0
S00013,DSA,Arrays,45,2025-02-16T21:54:14.415664,0.563005,0
S00013,DBMS,Concurrency Control,46,2025-02-17T13:15:55.033077,0.426744,0
S00013,DSA,Recursion,47,2025-02-18T13:47:25.969600,0.521855,0
S00013,DBMS,Joins,48,2025-02-18T21:13:08.742357,0.654984,0
S00013,Computer Networks,UDP,49,2025-02-19T02:24:55.180904,0.878151,1
S00013,Operating Systems,CPU Scheduling,50,2025-02-19T07:57:02.563664,0.477483,0
S00013,Software Engineering,Agile,51,2025-02-20T20:58:36.754561,0.533907,0
S00013,Computer Networks,UDP,52,2025-02-21T04:05:31.229578,0.882616,1
S00013,Operating Systems,Threads,53,2025-02-21T15:41:34.102239,0.507175,0
S00013,Operating Systems,I/O Management,54,2025-02-22T03:38:33.424326,0.366005,0
S00013,Computer Networks,DHCP,55,2025-02-22T16:59:16.464885,0.644354,0
S00013,DBMS,Transactions,56,2025-02-22T20:53:27.249639,0.491725,0
S00013,DBMS,ER Model,57,2025-02-23T08:40:48.735288,0.517316,0
S00013,DSA,Stack & Queue,58,2025-02-23T17:04:09.757303,0.520315,0
S00013,Operating Systems,Synchronization,59,2025-02-25T00:02:30.723550,0.394285,0
S00013,Software Engineering,Testing,60,2025-02-26T09:27:49.809589,0.429458,0
S00014,DBMS,Normalization,1,2025-01-03T01:37:00.677620,0.475482,0
S00014,DSA,Dynamic Programming,2,2025-01-03T16:55:28.228910,0.901682,1
S00014,Computer Networks,DHCP,3,2025-01-03T21:57:26.411592,0.742859,1
S00014,Computer Networks,OSI,4,2025-01-04T13:41:03.193507,0.77508,1
S00014,DBMS,Normalization,5,2025-01-05T14:57:57.476109,0.47559,0
S00014,DBMS,SQL,6,2025-01-06T20:57:59.143225,0.722184,1
S00014,Operating Systems,File Systems,7,2025-01-08T05:38:23.120316,0.981418,1
S00014,Operating Systems,File Systems,8,2025-01-09T01:53:07.745939,0.981477,1
S00014,Operating Systems,I/O Management,9,2025-01-10T12:06:54.291135,0.877059,1
S00014,Operating Systems,Memory Management,10,2025-01-11T21:51:39.579941,0.786135,1
S00014,Operating Systems,I/O Management,11,2025-01-12T04:07:52.947799,0.877559,1
S00014,DSA,Hashing,12,2025-01-13T11:30:37.627643,0.828475,1
S00014,DSA,Graphs,13,2025-01-13T20:12:48.647893,0.895819,1
S00014,Software Engineering,SDLC,14,2025-01-15T06:34:39.614013,0.797051,1
S00014,Software Engineering,Project Management,15,2025-01-15T10:47:47.388550,0.589998,0
S00014,DSA,Strings,16,2025-01-16T06:20:32.267661,0.723581,1
S00014,Operating Systems,Synchronization,17,2025-01-16T22:20:46.276731,0.979995,1
S00014,Software Engineering,Design Patterns,18,2025-01-18T10:12:19.490384,0.771225,1
S00014,Operating Systems,I/O Management,19,2025-01-19T22:12:09.761725,0.878224,1
S00014,DSA,Heap,20,2025-01-20T08:14:54.190287,0.937675,1
S00014,Computer Networks,DNS,21,2025-01-20T15:16:08.699770,0.596097,0
S00014,Computer Networks,DNS,22,2025-01-21T12:51:36.139840,0.598118,0
S00014,DBMS,Indexing,23,2025-01-22T00:07:40.881748,0.647852,0
S00014,DBMS,Joins,24,2025-01-22T10:51:42.246126,0.686247,0
S00014,DBMS,ER Model,25,2025-01-22T20:22:03.021560,0.733412,1
S00014,Software Engineering,SDLC,26,2025-01-24T02:49:24.399806,0.802907,1
S00014,DBMS,Normalization,27,2025-01-24T20:50:48.634728,0.476845,0
S00014,Computer Networks,TCP/IP,28,2025-01-25T17:02:01.751126,0.615116,0
S00014,Software Engineering,SRS,29,2025-01-27T00:56:30.900669,0.77083,1
S00014,DBMS,Transactions,30,2025-01-27T17:14:53.747097,0.667512,0
S00014,Computer Networks,TCP,31,2025-01-28T08:09:50.188651,0.797741,1
S00014,Operating Systems,Deadlocks,32,2025-01-29T19:31:57.641180,0.859293,1
S00014,DBMS,ER Model,33,2025-01-30T08:02:52.128292,0.733711,1
S00014,Software Engineering,UML,34,2025-01-30T17:34:25.729650,0.638726,0
S00014,Software Engineering,SRS,35,2025-02-01T03:41:00.811239,0.77552,1
S00014,DSA,Stack & Queue,36,2025-02-01T14:08:10.056904,0.978789,1
S00014,Computer Networks,UDP,37,2025-02-02T10:34:15.615083,0.768015,1
S00014,Software Engineering,SDLC,38,2025-02-03T21:28:23.156108,0.808813,1
S00014,DSA,Dynamic Programming,39,2025-02-04T06:12:02.082832,0.905056,1
S00014,Computer Networks,HTTP,40,2025-02-05T09:00:25.665585,0.746475,1
S00014,Operating Systems,Processes,41,2025-02-06T18:53:32.190903,0.895074,1
S00014,Computer Networks,HTTP,42,2025-02-07T23:52:04.359708,0.753555,1
S00014,Software Engineering,Project Management,43,2025-02-08T07:24:57.680822,0.595094,0
S00014,Software Engineering,Waterfall,44,2025-02-08T14:04:06.215553,0.666046,0
S00014,Software Engineering,Software Quality,45,2025-02-10T00:35:40.254849,0.832346,1
S00014,DBMS,Transactions,46,2025-02-11T04:41:53.364257,0.677895,0
S00014,DBMS,Transactions,47,2025-02-12T04:44:28.463331,0.680139,0
S00014,DSA,Heap,48,2025-02-13T07:06:28.405327,0.939835,1
S00014,Computer Networks,DNS,49,2025-02-14T20:57:32.471231,0.60396,0
S00014,Software Engineering,Software Quality,50,2025-02-15T01:18:09.599548,0.832948,1
S00014,Software Engineering,Project Management,51,2025-02-16T06:13:12.550407,0.607895,0
S00014,DBMS,SQL,52,2025-02-16T22:25:05.284963,0.733367,1
S00014,DSA,Hashing,53,2025-02-17T18:36:40.896462,0.83066,1
S00014,DBMS,Indexing,54,2025-02-18T04:14:33.936318,0.648564,0
S00014,Operating Systems,CPU Scheduling,55,2025-02-19T07:04:10.418613,0.643974,0
S00014,Software Engineering,UML,56,2025-02-19T17:47:06.460590,0.648118,0
S00014,Computer Networks,TCP/IP,57,2025-02-20T09:07:42.681139,0.63034,0
S00014,Computer Networks,DHCP,58,2025-02-20T22:55:33.389975,0.745511,1
S00014,DBMS,Relational Algebra,59,2025-02-22T06:45:45.800204,0.662754,0
S00014,DSA,Graphs,60,2025-02-23T11:19:11.481541,0.904159,1
S00015,DBMS,Relational Algebra,1,2025-01-02T13:12:10.319365,0.822774,1
S00015,Operating Systems,CPU Scheduling,2,2025-01-03T00:20:19.027058,0.550858,0
S00015,Operating Systems,Paging,3,2025-01-03T14:30:21.930895,0.686216,0
S00015,Software Engineering,Agile,4,2025-01-04T11:53:52.880487,0.976489,1
S00015,DSA,Heap,5,2025-01-05T15:07:17.275539,0.76749,1
S00015,DBMS,Joins,6,2025-01-07T00:58:29.151541,0.718335,1
S00015,DBMS,DBMS Basics,7,2025-01-07T07:05:30.479281,0.761629,1
S00015,Computer Networks,Routing,8,2025-01-07T23:11:47.198081,0.978447,1
S00015,DBMS,Concurrency Control,9,2025-01-08T15:25:38.347951,0.654687,0
S00015,Operating Systems,Synchronization,10,2025-01-09T23:22:44.895284,0.687033,0
S00015,DBMS,Indexing,11,2025-01-10T08:50:09.604643,0.742451,1
S00015,Operating Systems,Synchronization,12,2025-01-11T04:47:37.523074,0.690407,0
S00015,Operating Systems,Threads,13,2025-01-11T10:22:37.161487,0.820667,1
S00015,DBMS,Concurrency Control,14,2025-01-12T03:32:06.555334,0.667063,0
S00015,DSA,Heap,15,2025-01-12T22:44:38.763053,0.775906,1
S00015,Operating Systems,Security,16,2025-01-13T04:03:04.052939,0.730645,1
S00015,DBMS,Indexing,17,2025-01-14T11:28:25.702113,0.750744,1
S00015,Computer Networks,Network Security,18,2025-01-15T22:29:24.289011,0.967181,1
S00015,DBMS,Concurrency Control,19,2025-01-17T00:55:02.348568,0.669308,0
S00015,Computer Networks,DNS,20,2025-01-18T12:11:06.773913,0.925891,1
S00015,DSA,Strings,21,2025-01-19T15:11:50.732902,0.820883,1
S00015,DBMS,ER Model,22,2025-01-19T21:16:57.373982,0.819616,1
S00015,Operating Systems,Synchronization,23,2025-01-20T01:10:19.930337,0.700207,1
S00015,DSA,Arrays,24,2025-01-20T15:49:59.546853,0.917961,1
S00015,Computer Networks,TCP/IP,25,2025-01-21T01:05:22.477665,0.914944,1
S00015,Computer Networks,TCP,26,2025-01-22T12:14:29.033914,0.876661,1
S00015,Software Engineering,Waterfall,27,2025-01-23T19:38:06.031777,0.98161,1
S00015,DBMS,ER Model,28,2025-01-25T03:03:04.871057,0.818119,1
S00015,DBMS,ER Model,29,2025-01-25T12:43:15.568469,0.825798,1
S00015,Operating Systems,Paging,30,2025-01-25T23:04:21.404899,0.694996,0
S00015,DBMS,Concurrency Control,31,2025-01-26T02:13:57.876544,0.674795,0
S00015,DSA,Trees,32,2025-01-26T19:49:42.253625,0.981098,1
S00015,Software Engineering,Project Management,33,2025-01-27T15:58:05.715562,0.906891,1
S00015,Computer Networks,Network Security,34,2025-01-28T17:17:55.978821,0.968045,1
S00015,Software Engineering,Agile,35,2025-01-29T00:17:37.002581,0.978266,1
S00015,Software Engineering,SDLC,36,2025-01-29T19:27:14.540925,0.946115,1
S00015,DSA,Dynamic Programming,37,2025-01-30T03:04:32.009217,0.874141,1
S00015,DBMS,Transactions,38,2025-01-30T20:39:19.348768,0.828394,1
S00015,Computer Networks,TCP,39,2025-02-01T02:32:11.189021,0.88178,1
S00015,Operating Systems,Synchronization,40,2025-02-01T06:06:15.290122,0.70188,1
S00015,DBMS,DBMS Basics,41,2025-02-02T16:55:44.538248,0.769692,1
S00015,DBMS,Joins,42,2025-02-04T05:08:37.096240,0.728369,1
S00015,DBMS,DBMS Basics,43,2025-02-05T05:42:17.056749,0.776801,1
S00015,Software Engineering,Design Patterns,44,2025-02-06T02:28:06.607381,0.979065,1
S00015,DBMS,DBMS Basics,45,2025-02-07T08:30:12.232004,0.78044,1
S00015,Operating Systems,Threads,46,2025-02-08T02:33:52.364863,0.822185,1
S00015,Operating Systems,Paging,47,2025-02-09T08:04:47.538470,0.699623,0
S00015,DSA,Linked Lists,48,2025-02-09T20:47:09.432194,0.792184,1
S00015,DBMS,SQL,49,2025-02-11T05:19:23.120278,0.822776,1
S00015,Operating Systems,I/O Management,50,2025-02-12T04:27:57.373748,0.355527,0
S00015,DBMS,Transactions,51,2025-02-12T09:17:01.753466,0.831696,1
S00015,Software Engineering,SDLC,52,2025-02-13T04:38:30.146743,0.942146,1
S00015,Operating Systems,Security,53,2025-02-14T15:45:05.204730,0.741216,1
S00015,Operating Systems,Threads,54,2025-02-14T20:03:12.000424,0.829435,1
S00015,DBMS,DBMS Basics,55,2025-02-16T04:37:06.073480,0.781663,1
S00015,DBMS,Keys,56,2025-02-17T10:40:37.567922,0.723344,1
S00015,DBMS,Keys,57,2025-02-17T19:36:13.246418,0.727648,1
S00015,Operating Systems,Synchronization,58,2025-02-18T05:43:29.810928,0.706868,1
S00015,Operating Systems,Paging,59,2025-02-18T08:49:39.008730,0.712837,1
S00015,Operating Systems,Deadlocks,60,2025-02-19T01:48:51.399643,0.432971,0
S00016,Computer Networks,IP Addressing,1,2025-01-03T01:37:26.821801,0.061215,0
S00016,DBMS,Concurrency Control,2,2025-01-04T00:19:32.085793,0.304149,0
S00016,Operating Systems,Processes,3,2025-01-04T14:40:41.391821,0.461305,0
S00016,DBMS,Keys,4,2025-01-06T03:32:39.406796,0.213994,0
S00016,Computer Networks,Network Security,5,2025-01-07T10:14:26.518561,0.156446,0
S00016,DSA,Trees,6,2025-01-08T16:08:23.572283,0.324893,0
S00016,Operating Systems,I/O Management,7,2025-01-09T22:36:59.765716,0.615561,0
S00016,Computer Networks,UDP,8,2025-01-11T01:06:55.619045,0.058196,0
S00016,Computer Networks,TCP,9,2025-01-11T14:24:25.605956,0.057647,0
S00016,DSA,Heap,10,2025-01-13T02:55:32.901499,0.428851,0
S00016,Operating Systems,I/O Management,11,2025-01-13T20:11:45.075651,0.627524,0
S00016,Operating Systems,Memory Management,12,2025-01-14T12:22:45.152526,0.58354,0
S00016,Operating Systems,Processes,13,2025-01-15T03:23:46.686337,0.477464,0
S00016,Software Engineering,Testing,14,2025-01-15T08:29:36.009082,0.178723,0
S00016,DBMS,SQL,15,2025-01-15T12:39:03.368435,0.275905,0
S00016,DSA,Trees,16,2025-01-16T22:54:03.014796,0.3308,0
S00016,Software Engineering,Software Quality,17,2025-01-18T11:10:09.615857,0.101297,0
S00016,Software Engineering,Testing,18,2025-01-18T17:25:50.521962,0.204367,0
S00016,Computer Networks,IP Addressing,19,2025-01-18T20:49:25.999812,0.064511,0
S00016,DBMS,Transactions,20,2025-01-20T10:00:25.570320,0.368292,0
S00016,DSA,Stack & Queue,21,2025-01-21T13:59:27.516961,0.585627,0
S00016,Computer Networks,Network Security,22,2025-01-22T00:07:06.828177,0.184309,0
S00016,Operating Systems,File Systems,23,2025-01-22T21:16:38.681959,0.351612,0
S00016,DSA,Trees,24,2025-01-24T08:55:42.507648,0.333682,0
S00016,Software Engineering,Software Quality,25,2025-01-24T22:40:40.961069,0.107913,0
S00016,DSA,Strings,26,2025-01-25T10:57:51.553032,0.544755,0
S00016,DSA,Dynamic Programming,27,2025-01-26T14:13:51.042114,0.609661,0
S00016,Software Engineering,Git/Version Control,28,2025-01-26T18:20:42.113164,0.24432,0
S00016,Operating Systems,Synchronization,29,2025-01-27T11:07:25.250377,0.335013,0
S00016,DBMS,SQL,30,2025-01-28T07:58:11.212683,0.277867,0
S00016,DSA,Recursion,31,2025-01-29T13:53:43.989272,0.379366,0
S00016,DSA,Arrays,32,2025-01-30T13:18:22.904288,0.546506,0
S00016,Operating Systems,Synchronization,33,2025-01-30T23:40:20.974755,0.355496,0
S00016,Computer Networks,IP Addressing,34,2025-01-31T16:49:21.209917,0.065982,0
S00016,DSA,Trees,35,2025-02-01T21:32:20.595023,0.341046,0
S00016,DBMS,Concurrency Control,36,2025-02-02T01:46:10.379575,0.309946,0
S00016,DBMS,Concurrency Control,37,2025-02-02T07:52:27.521041,0.329845,0
S00016,Software Engineering,Testing,38,2025-02-02T14:09:48.732015,0.210844,0
S00016,Computer Networks,Network Security,39,2025-02-02T21:08:15.911260,0.206186,0
S00016,Computer Networks,Routing,40,2025-02-03T20:55:48.582238,0.057608,0
S00016,Software Engineering,Software Quality,41,2025-02-05T09:53:14.470445,0.112444,0
S00016,Software Engineering,Agile,42,2025-02-06T13:12:22.953462,0.265126,0
S00016,Computer Networks,Routing,43,2025-02-07T05:23:41.536488,0.062695,0
S00016,DBMS,Transactions,44,2025-02-08T15:02:06.718585,0.386175,0
S00016,Computer Networks,DHCP,45,2025-02-09T13:17:44.027113,0.2256,0
S00016,DSA,Stack & Queue,46,2025-02-09T22:39:40.362611,0.598688,0
S00016,Operating Systems,Synchronization,47,2025-02-10T11:30:56.852781,0.379241,0
S00016,DSA,Trees,48,2025-02-11T18:15:36.284029,0.346242,0
S00016,DBMS,DBMS Basics,49,2025-02-13T02:08:44.423191,0.249267,0
S00016,Operating Systems,Memory Management,50,2025-02-13T06:03:15.384397,0.595312,0
S00016,DSA,Heap,51,2025-02-14T06:44:43.333098,0.446028,0
S00016,DSA,Graphs,52,2025-02-15T12:20:08.966838,0.48946,0
S00016,DBMS,SQL,53,2025-02-16T15:13:51.686063,0.296866,0
S00016,Computer Networks,Routing,54,2025-02-17T03:53:17.695099,0.066571,0
S00016,Software Engineering,Git/Version Control,55,2025-02-18T13:33:29.958035,0.249814,0
S00016,Computer Networks,UDP,56,2025-02-19T10:30:08.725738,0.064692,0
S00016,DBMS,Relational Algebra,57,2025-02-20T07:41:24.281070,0.055145,0
S00016,Computer Networks,TCP/IP,58,2025-02-21T01:56:08.654598,0.055745,0
S00016,DSA,Graphs,59,2025-02-22T14:50:54.895258,0.506021,0
S00016,Computer Networks,DHCP,60,2025-02-23T20:06:32.261087,0.231446,0
S00017,Software Engineering,SDLC,1,2025-01-03T00:36:23.590119,0.504285,0
S00017,Computer Networks,DNS,2,2025-01-03T12:35:38.401811,0.056524,0
S00017,Computer Networks,TCP,3,2025-01-04T00:28:46.255052,0.308977,0
S00017,Computer Networks,TCP,4,2025-01-05T03:17:35.005420,0.327895,0
S00017,Computer Networks,OSI,5,2025-01-05T11:15:35.520560,0.285321,0
S00017,Computer Networks,HTTP,6,2025-01-06T20:54:22.237470,0.30356,0
S00017,Software Engineering,Waterfall,7,2025-01-07T14:25:51.096340,0.278789,0
S00017,Operating Systems,Security,8,2025-01-08T11:04:09.679327,0.399022,0
S00017,Software Engineering,UML,9,2025-01-09T11:18:01.032831,0.127134,0
S00017,Software Engineering,Design Patterns,10,2025-01-10T01:48:32.064573,0.219709,0
S00017,Computer Networks,UDP,11,2025-01-11T04:39:55.040931,0.058448,0
S00017,Software Engineering,Software Quality,12,2025-01-12T03:57:20.199839,0.238795,0
S00017,Operating Systems,File Systems,13,2025-01-13T05:24:38.570612,0.460145,0
S00017,Computer Networks,TCP/IP,14,2025-01-13T18:02:59.451695,0.057491,0
S00017,Computer Networks,OSI,15,2025-01-14T02:53:50.094177,0.291133,0
S00017,Computer Networks,TCP/IP,16,2025-01-15T04:10:08.921033,0.081547,0
S00017,Computer Networks,OSI,17,2025-01-16T01:43:41.934447,0.313186,0
S00017,Operating Systems,Threads,18,2025-01-17T11:31:12.877032,0.413074,0
S00017,Software Engineering,Project Management,19,2025-01-18T14:09:12.099704,0.067232,0
S00017,Computer Networks,Routing,20,2025-01-19T21:31:22.917894,0.163114,0
S00017,Software Engineering,UML,21,2025-01-20T09:15:00.544386,0.135956,0
S00017,DBMS,DBMS Basics,22,2025-01-20T22:22:08.715061,0.191116,0
S00017,DSA,Dynamic Programming,23,2025-01-21T17:12:23.379993,0.42378,0
S00017,Computer Networks,Network Security,24,2025-01-22T21:04:44.383759,0.411641,0
S00017,Computer Networks,UDP,25,2025-01-23T07:28:24.354129,0.065252,0
S00017,DSA,Hashing,26,2025-01-24T11:07:44.324444,0.354476,0
S00017,Software Engineering,UML,27,2025-01-25T22:03:08.960466,0.141483,0
S00017,Computer Networks,IP Addressing,28,2025-01-26T04:41:22.375847,0.111881,0
S00017,Software Engineering,Project Management,29,2025-01-27T01:12:36.305383,0.071381,0
S00017,DSA,Heap,30,2025-01-27T17:47:31.938685,0.29055,0
S00017,Computer Networks,TCP/IP,31,2025-01-28T11:12:20.256891,0.085754,0
S00017,Software Engineering,Design Patterns,32,2025-01-29T07:30:52.668073,0.252013,0
S00017,DBMS,SQL,33,2025-01-29T14:48:09.010851,0.208911,0
S00017,Operating Systems,Synchronization,34,2025-01-30T03:39:23.246002,0.376599,0
S00017,Computer Networks,IP Addressing,35,2025-01-30T09:23:28.996132,0.118775,0
S00017,Operating Systems,Processes,36,2025-01-30T15:38:08.632765,0.425811,0
S00017,Operating Systems,CPU Scheduling,37,2025-01-31T03:53:56.999127,0.234903,0
S00017,Operating Systems,Processes,38,2025-01-31T21:39:56.643030,0.431558,0
S00017,Operating Systems,Security,39,2025-02-02T08:49:07.403173,0.421417,0
S00017,DSA,Trees,40,2025-02-03T05:14:53.036277,0.554515,0
S00017,Operating Systems,CPU Scheduling,41,2025-02-04T07:17:08.448544,0.257066,0
S00017,Operating Systems,CPU Scheduling,42,2025-02-05T19:44:12.037607,0.260414,0
S00017,Software Engineering,SRS,43,2025-02-06T07:47:36.783299,0.421171,0
S00017,DBMS,Joins,44,2025-02-07T02:49:10.828442,0.186378,0
S00017,DSA,Dynamic Programming,45,2025-02-07T12:59:44.041973,0.426442,0
S00017,DSA,Arrays,46,2025-02-07T22:24:08.527309,0.339,0
S00017,Operating Systems,Memory Management,47,2025-02-08T03:11:07.784602,0.47589,0
S00017,Operating Systems,CPU Scheduling,48,2025-02-08T12:30:16.153292,0.26285,0
S00017,Operating Systems,Processes,49,2025-02-09T14:21:06.222747,0.447436,0
S00017,Operating Systems,Paging,50,2025-02-10T00:57:34.493862,0.455387,0
S00017,Computer Networks,UDP,51,2025-02-10T18:15:18.699082,0.092219,0
S00017,Operating Systems,Memory Management,52,2025-02-11T11:20:43.743672,0.49511,0
S00017,DSA,Linked Lists,53,2025-02-12T16:41:00.996339,0.529727,0
S00017,Computer Networks,TCP/IP,54,2025-02-14T01:18:10.192647,0.089541,0
S00017,DSA,Graphs,55,2025-02-14T05:57:33.237948,0.166156,0
S00017,DBMS,DBMS Basics,56,2025-02-15T16:44:51.138959,0.199473,0
S00017,DBMS,DBMS Basics,57,2025-02-16T08:40:30.156893,0.220943,0
S00017,DBMS,DBMS Basics,58,2025-02-17T11:50:55.520979,0.224637,0
S00017,DBMS,SQL,59,2025-02-18T03:35:58.183339,0.218544,0
S00017,DSA,Stack & Queue,60,2025-02-19T16:25:47.256805,0.576461,0
S00018,Software Engineering,Testing,1,2025-01-02T12:18:30.207646,0.060374,0
S00018,Operating Systems,Security,2,2025-01-03T08:29:06.086265,0.49194,0
S00018,DBMS,ER Model,3,2025-01-04T00:30:37.127987,0.381857,0
S00018,Software Engineering,Software Quality,4,2025-01-05T02:15:25.232240,0.121962,0
S00018,Software Engineering,SRS,5,2025-01-06T01:24:04.337868,0.081515,0
S00018,Software Engineering,Git/Version Control,6,2025-01-06T09:38:25.040227,0.123487,0
S00018,DBMS,Concurrency Control,7,2025-01-06T22:29:32.929419,0.520789,0
S00018,DBMS,Relational Algebra,8,2025-01-08T01:36:47.906515,0.377799,0
S00018,DSA,Recursion,9,2025-01-09T15:23:04.061543,0.233472,0
S00018,DBMS,Concurrency Control,10,2025-01-11T05:12:22.311180,0.525698,0
S00018,Computer Networks,HTTP,11,2025-01-12T17:49:25.347589,0.370184,0
S00018,Computer Networks,Network Security,12,2025-01-13T22:04:51.583378,0.218897,0
S00018,Operating Systems,Deadlocks,13,2025-01-14T15:02:01.033077,0.564022,0
S00018,Computer Networks,TCP/IP,14,2025-01-15T19:12:49.374341,0.280906,0
S00018,DSA,Graphs,15,2025-01-16T03:27:02.652864,0.497471,0
S00018,DBMS,Indexing,16,2025-01-17T01:27:58.008735,0.461295,0
S00018,Computer Networks,HTTP,17,2025-01-18T09:45:42.421362,0.376307,0
S00018,Computer Networks,DHCP,18,2025-01-19T21:31:09.671378,0.32371,0
S00018,DBMS,SQL,19,2025-01-21T09:49:09.626518,0.503746,0
S00018,DSA,Hashing,20,2025-01-22T01:52:37.134840,0.323703,0
S00018,Operating Systems,I/O Management,21,2025-01-22T19:33:41.792039,0.573462,0
S00018,Computer Networks,Routing,22,2025-01-23T01:23:07.356789,0.471628,0
S00018,Computer Networks,DNS,23,2025-01-24T13:28:20.234637,0.255373,0
S00018,Operating Systems,Memory Management,24,2025-01-25T15:09:38.513626,0.633304,0
S00018,Operating Systems,File Systems,25,2025-01-26T08:59:44.997974,0.596661,0
S00018,Software Engineering,Agile,26,2025-01-27T14:41:22.225435,0.057708,0
S00018,Software Engineering,Waterfall,27,2025-01-28T19:09:56.697792,0.113893,0
S00018,DBMS,SQL,28,2025-01-30T06:16:23.086669,0.517811,0
S00018,Operating Systems,CPU Scheduling,29,2025-01-30T19:11:58.647085,0.731866,1
S00018,Computer Networks,IP Addressing,30,2025-01-31T08:53:51.603416,0.130734,0
S00018,DBMS,DBMS Basics,31,2025-02-01T14:07:37.706094,0.237924,0
S00018,Software Engineering,Git/Version Control,32,2025-02-02T22:09:34.896447,0.12974,0
S00018,Software Engineering,Project Management,33,2025-02-04T03:58:20.550450,0.164211,0
S00018,Operating Systems,File Systems,34,2025-02-05T10:58:47.261076,0.608653,0
S00018,DBMS,Transactions,35,2025-02-06T20:50:37.814762,0.254504,0
S00018,Computer Networks,Routing,36,2025-02-07T22:48:19.244922,0.487217,0
S00018,DBMS,Normalization,37,2025-02-08T22:45:15.425220,0.462457,0
S00018,Computer Networks,DNS,38,2025-02-09T05:14:49.017948,0.276204,0
S00018,DBMS,ER Model,39,2025-02-10T12:40:25.233362,0.386916,0
S00018,Operating Systems,Memory Management,40,2025-02-12T00:50:05.534493,0.635487,0
S00018,DBMS,Relational Algebra,41,2025-02-12T18:19:30.258479,0.382091,0
S00018,DBMS,Keys,42,2025-02-14T02:43:11.606823,0.461484,0
S00018,DSA,Heap,43,2025-02-15T04:56:51.253403,0.182075,0
S00018,Software Engineering,Git/Version Control,44,2025-02-16T16:34:48.673657,0.15496,0
S00018,DSA,Dynamic Programming,45,2025-02-17T15:00:50.281384,0.400601,0
S00018,DBMS,SQL,46,2025-02-18T14:39:40.102260,0.531878,0
S00018,Software Engineering,SDLC,47,2025-02-19T23:12:18.548437,0.05851,0
S00018,DSA,Strings,48,2025-02-20T18:29:53.115504,0.349617,0
S00018,DBMS,Concurrency Control,49,2025-02-21T12:24:11.955306,0.539659,0
S00018,Computer Networks,DNS,50,2025-02-22T12:50:57.516418,0.28309,0
S00018,DSA,Stack & Queue,51,2025-02-23T09:59:30.509750,0.440208,0
S00018,DBMS,Transactions,52,2025-02-24T23:56:29.545002,0.262877,0
S00018,DBMS,Indexing,53,2025-02-26T00:29:03.432040,0.462826,0
S00018,DBMS,Transactions,54,2025-02-27T02:18:39.780545,0.281843,0
S00018,Computer Networks,DHCP,55,2025-02-28T00:14:40.053375,0.343147,0
S00018,DSA,Heap,56,2025-03-01T05:34:32.358737,0.188839,0
S00018,DSA,Trees,57,2025-03-01T09:00:12.132822,0.223779,0
S00018,DSA,Dynamic Programming,58,2025-03-02T20:38:20.915077,0.417897,0
S00018,DSA,Linked Lists,59,2025-03-03T01:41:00.488795,0.379772,0
S00018,DSA,Strings,60,2025-03-03T10:59:06.486716,0.36676,0
S00019,DSA,Hashing,1,2025-01-02T12:39:05.237999,0.248501,0
S00019,DBMS,Relational Algebra,2,2025-01-02T23:27:32.429183,0.495845,0
S00019,DBMS,DBMS Basics,3,2025-01-04T07:05:52.492423,0.662065,0
S00019,DBMS,Transactions,4,2025-01-05T06:03:06.011924,0.570544,0
S00019,DSA,Arrays,5,2025-01-05T14:19:33.947016,0.315205,0
S00019,Computer Networks,HTTP,6,2025-01-06T06:42:23.298862,0.71035,1
S00019,DSA,Trees,7,2025-01-07T03:10:44.716733,0.236302,0
S00019,DBMS,Keys,8,2025-01-07T06:48:37.612548,0.635671,0
S00019,Software Engineering,SDLC,9,2025-01-07T15:38:35.784834,0.49411,0
S00019,DSA,Hashing,10,2025-01-07T20:34:56.166870,0.278681,0
S00019,Software Engineering,Testing,11,2025-01-08T02:13:34.859168,0.639275,0
S00019,Operating Systems,Memory Management,12,2025-01-08T22:39:28.674152,0.509187,0
S00019,Operating Systems,Paging,13,2025-01-09T05:55:19.097730,0.792818,1
S00019,Software Engineering,Design Patterns,14,2025-01-09T21:02:19.566918,0.652323,0
S00019,Operating Systems,Memory Management,15,2025-01-10T11:59:56.272231,0.511265,0
S00019,Software Engineering,Waterfall,16,2025-01-11T07:08:34.524839,0.439291,0
S00019,Computer Networks,DNS,17,2025-01-11T23:41:38.364560,0.640881,0
S00019,DSA,Trees,18,2025-01-12T10:02:54.195712,0.239064,0
S00019,DSA,Dynamic Programming,19,2025-01-13T23:29:31.623990,0.427625,0
S00019,Operating Systems,Memory Management,20,2025-01-14T22:20:27.858913,0.525378,0
S00019,Computer Networks,HTTP,21,2025-01-16T04:50:18.156477,0.714472,1
S00019,Operating Systems,Threads,22,2025-01-17T08:28:03.892394,0.511935,0
S00019,DBMS,ER Model,23,2025-01-18T20:39:02.406959,0.453435,0
S00019,DSA,Trees,24,2025-01-20T06:05:04.090082,0.241286,0
S00019,Computer Networks,UDP,25,2025-01-21T13:58:34.870052,0.856119,1
S00019,DSA,Heap,26,2025-01-22T09:12:26.596043,0.2975,0
S00019,Software Engineering,Waterfall,27,2025-01-23T07:38:23.394663,0.446143,0
S00019,DSA,Stack & Queue,28,2025-01-24T07:44:48.745693,0.452981,0
S00019,DBMS,Relational Algebra,29,2025-01-25T02:16:44.185825,0.51276,0
S00019,Computer Networks,Routing,30,2025-01-25T14:25:34.778599,0.893181,1
S00019,Software Engineering,Project Management,31,2025-01-25T21:37:30.494525,0.785892,1
S00019,Operating Systems,Paging,32,2025-01-26T14:56:21.171832,0.800363,1
S00019,Computer Networks,HTTP,33,2025-01-27T06:38:11.207726,0.719511,1
S00019,DSA,Heap,34,2025-01-28T18:46:54.675506,0.30307,0
S00019,Operating Systems,Synchronization,35,2025-01-29T07:08:58.694766,0.346005,0
S00019,Software Engineering,Waterfall,36,2025-01-30T15:24:25.077437,0.458062,0
S00019,DBMS,Concurrency Control,37,2025-02-01T02:28:07.445631,0.631885,0
S00019,DSA,Recursion,38,2025-02-01T09:57:59.384211,0.32405,0
S00019,Operating Systems,Threads,39,2025-02-02T05:06:01.844567,0.530852,0
S00019,DBMS,Transactions,40,2025-02-02T10:32:39.675548,0.571591,0
S00019,DBMS,Concurrency Control,41,2025-02-03T14:35:39.462613,0.632932,0
S00019,Operating Systems,CPU Scheduling,42,2025-02-05T02:59:41.442351,0.351539,0
S00019,DBMS,Concurrency Control,43,2025-02-06T14:28:43.110136,0.64114,0
S00019,DSA,Graphs,44,2025-02-07T06:18:14.055563,0.352663,0
S00019,DBMS,Joins,45,2025-02-08T04:45:13.888243,0.648087,0
S00019,Operating Systems,I/O Management,46,2025-02-08T23:40:38.113937,0.558398,0
S00019,DSA,Arrays,47,2025-02-09T08:54:34.996626,0.318629,0
S00019,Operating Systems,Security,48,2025-02-10T07:39:20.476853,0.516535,0
S00019,Operating Systems,Synchronization,49,2025-02-11T15:39:49.612877,0.353355,0
S00019,DSA,Hashing,50,2025-02-12T23:59:26.175099,0.302906,0
S00019,Software Engineering,Software Quality,51,2025-02-13T17:23:52.588996,0.559033,0
S00019,Computer Networks,TCP/IP,52,2025-02-14T02:32:52.402009,0.88964,1
S00019,Computer Networks,OSI,53,2025-02-15T12:04:20.743753,0.696529,0
S00019,DSA,Hashing,54,2025-02-16T16:24:26.348953,0.308241,0
S00019,DSA,Trees,55,2025-02-17T12:54:16.854321,0.244404,0
S00019,DBMS,Keys,56,2025-02-17T17:21:37.715527,0.651715,0
S00019,Computer Networks,Network Security,57,2025-02-18T16:59:40.182243,0.708207,1
S00019,Computer Networks,Network Security,58,2025-02-20T05:43:15.631189,0.716526,1
S00019,Software Engineering,Software Quality,59,2025-02-20T21:42:33.827985,0.566216,0
S00019,DSA,Linked Lists,60,2025-02-21T18:01:36.321306,0.43296,0
S00020,DSA,Dynamic Programming,1,2025-01-03T06:20:36.953317,0.334816,0
S00020,Software Engineering,SRS,2,2025-01-04T19:08:12.691550,0.262666,0
S00020,DBMS,Relational Algebra,3,2025-01-05T02:50:32.832967,0.265287,0
S00020,Software Engineering,SDLC,4,2025-01-05T22:03:23.989537,0.264081,0
S00020,DSA,Heap,5,2025-01-06T14:36:57.567452,0.424966,0
S00020,Software Engineering,Software Quality,6,2025-01-07T10:40:49.707961,0.446918,0
S00020,DSA,Arrays,7,2025-01-08T07:23:38.436504,0.330605,0
S00020,DBMS,Joins,8,2025-01-09T05:31:17.078555,0.351149,0
S00020,DSA,Linked Lists,9,2025-01-09T15:42:41.549289,0.181145,0
S00020,Software Engineering,SRS,10,2025-01-10T02:46:51.160442,0.282545,0
S00020,Software Engineering,Waterfall,11,2025-01-10T12:55:37.418636,0.185369,0
S00020,Operating Systems,Synchronization,12,2025-01-11T01:56:18.346796,0.386758,0
S00020,Software Engineering,Testing,13,2025-01-12T06:33:21.650627,0.210213,0
S00020,DBMS,Indexing,14,2025-01-13T02:56:06.587602,0.276793,0
S00020,DSA,Heap,15,2025-01-13T22:43:55.250855,0.430378,0
S00020,Computer Networks,TCP/IP,16,2025-01-14T20:48:34.784975,0.539699,0
S00020,Operating Systems,File Systems,17,2025-01-15T03:30:53.945705,0.281654,0
S00020,Software Engineering,Testing,18,2025-01-15T09:15:25.746825,0.240435,0
S00020,Software Engineering,Agile,19,2025-01-16T16:08:47.110489,0.060451,0
S00020,DSA,Strings,20,2025-01-17T09:35:24.448812,0.266089,0
S00020,DSA,Arrays,21,2025-01-17T17:57:15.520813,0.332746,0
S00020,Software Engineering,Software Quality,22,2025-01-18T06:00:41.618691,0.446448,0
S00020,Operating Systems,Paging,23,2025-01-18T22:39:31.539339,0.596003,0
S00020,Operating Systems,Memory Management,24,2025-01-20T06:45:58.787466,0.520834,0
S00020,Computer Networks,DNS,25,2025-01-20T19:25:05.663066,0.489111,0
S00020,Software Engineering,Testing,26,2025-01-21T19:54:07.591692,0.267859,0
S00020,DBMS,Relational Algebra,27,2025-01-23T07:49:50.401545,0.270601,0
S00020,DSA,Stack & Queue,28,2025-01-24T09:30:52.400405,0.134322,0
S00020,Operating Systems,Processes,29,2025-01-25T07:29:05.572456,0.272687,0
S00020,DSA,Hashing,30,2025-01-26T06:18:09.055482,0.31845,0
S00020,DBMS,Transactions,31,2025-01-27T13:57:49.002587,0.339845,0
S00020,DBMS,SQL,32,2025-01-29T02:22:36.335632,0.262588,0
S00020,Operating Systems,Memory Management,33,2025-01-30T13:04:01.313539,0.530662,0
S00020,Software Engineering,Git/Version Control,34,2025-01-31T12:06:29.110998,0.290411,0
S00020,DBMS,Joins,35,2025-01-31T19:33:56.037630,0.370117,0
S00020,Computer Networks,UDP,36,2025-02-01T22:43:13.866263,0.539388,0
S00020,Software Engineering,Project Management,37,2025-02-02T07:00:51.930924,0.300184,0
S00020,Software Engineering,Agile,38,2025-02-02T16:53:48.493788,0.06628,0
S00020,Software Engineering,SDLC,39,2025-02-04T04:52:11.264734,0.270819,0
S00020,DSA,Recursion,40,2025-02-05T16:08:00.244172,0.397459,0
S00020,Operating Systems,CPU Scheduling,41,2025-02-06T04:26:26.301451,0.320985,0
S00020,DBMS,Keys,42,2025-02-06T09:56:01.708986,0.392362,0
S00020,Software Engineering,Agile,43,2025-02-07T07:47:04.317631,0.070591,0
S00020,Computer Networks,DNS,44,2025-02-08T11:15:28.006090,0.506034,0
S00020,Computer Networks,OSI,45,2025-02-09T05:47:54.609834,0.456055,0
S00020,Operating Systems,Threads,46,2025-02-09T12:52:16.949791,0.387116,0
S00020,DBMS,Keys,47,2025-02-10T22:54:31.656001,0.397703,0
S00020,DSA,Strings,48,2025-02-11T14:13:15.563537,0.269051,0
S00020,Computer Networks,IP Addressing,49,2025-02-12T08:56:07.045339,0.478709,0
S00020,Computer Networks,Routing,50,2025-02-13T03:21:25.333555,0.450856,0
S00020,DBMS,Normalization,51,2025-02-14T04:04:40.941094,0.321265,0
S00020,Operating Systems,Processes,52,2025-02-14T17:33:45.698407,0.279586,0
S00020,Operating Systems,Security,53,2025-02-16T05:32:00.076037,0.425791,0
S00020,DBMS,DBMS Basics,54,2025-02-16T16:16:44.673002,0.351936,0
S00020,DBMS,Indexing,55,2025-02-17T15:30:10.220583,0.280822,0
S00020,DBMS,SQL,56,2025-02-18T02:53:10.072046,0.267645,0
S00020,DSA,Stack & Queue,57,2025-02-19T16:52:42.528334,0.140551,0
S00020,DSA,Hashing,58,2025-02-20T00:44:00.336246,0.336784,0
S00020,Computer Networks,DHCP,59,2025-02-20T15:48:47.297291,0.464434,0
S00020,Computer Networks,TCP/IP,60,2025-02-21T17:36:48.052056,0.542344,0
S00021,Computer Networks,Routing,1,2025-01-03T09:31:19.442199,0.243822,0
S00021,DSA,Strings,2,2025-01-04T22:51:11.387350,0.508977,0
S00021,Computer Networks,Routing,3,2025-01-05T17:06:37.962260,0.261624,0
S00021,Operating Systems,Processes,4,2025-01-05T21:32:33.151396,0.253702,0
S00021,Operating Systems,Security,5,2025-01-07T04:09:37.883617,0.432968,0
S00021,Operating Systems,File Systems,6,2025-01-08T02:58:33.697696,0.403901,0
S00021,Computer Networks,OSI,7,2025-01-09T01:28:15.348411,0.305025,0
S00021,Computer Networks,TCP/IP,8,2025-01-10T11:40:08.474922,0.124449,0
S00021,DBMS,Joins,9,2025-01-11T06:00:57.589740,0.629719,0
S00021,DBMS,Keys,10,2025-01-12T02:36:44.064606,0.569965,0
S00021,Computer Networks,TCP,11,2025-01-13T09:52:37.609760,0.242702,0
S00021,Software Engineering,SDLC,12,2025-01-13T17:32:14.977853,0.306104,0
S00021,Software Engineering,Software Quality,13,2025-01-15T05:05:02.248064,0.443106,0
S00021,Operating Systems,Security,14,2025-01-15T15:48:03.799371,0.436762,0
S00021,Operating Systems,I/O Management,15,2025-01-16T16:51:29.934558,0.207524,0
S00021,Computer Networks,DHCP,16,2025-01-17T19:30:40.346589,0.159444,0
S00021,Operating Systems,Threads,17,2025-01-18T08:29:08.459777,0.292626,0
S00021,Operating Systems,Deadlocks,18,2025-01-19T04:32:03.540983,0.335398,0
S00021,DBMS,Keys,19,2025-01-19T13:06:03.163567,0.58401,0
S00021,Computer Networks,TCP,20,2025-01-19T18:42:59.074130,0.249991,0
S00021,Operating Systems,Synchronization,21,2025-01-20T07:33:32.258098,0.39748,0
S00021,Operating Systems,Synchronization,22,2025-01-20T15:55:05.335902,0.399789,0
S00021,Computer Networks,OSI,23,2025-01-21T01:31:49.444947,0.312275,0
S00021,Computer Networks,OSI,24,2025-01-21T14:52:07.648991,0.327974,0
S00021,DSA,Strings,25,2025-01-22T13:15:28.446899,0.510745,0
S00021,Operating Systems,CPU Scheduling,26,2025-01-23T13:50:22.407788,0.318171,0
S00021,DBMS,SQL,27,2025-01-24T11:55:41.126587,0.713252,1
S00021,DSA,Strings,28,2025-01-25T02:09:25.547972,0.524021,0
S00021,Computer Networks,IP Addressing,29,2025-01-25T21:28:24.029552,0.416917,0
S00021,Operating Systems,Threads,30,2025-01-26T10:19:01.969068,0.298573,0
S00021,Software Engineering,Waterfall,31,2025-01-27T00:50:15.032474,0.517533,0
S00021,Operating Systems,I/O Management,32,2025-01-27T21:00:47.461270,0.215637,0
S00021,Operating Systems,I/O Management,33,2025-01-29T05:01:27.823683,0.23664,0
S00021,DBMS,Relational Algebra,34,2025-01-30T15:28:00.161338,0.486176,0
S00021,Computer Networks,UDP,35,2025-01-30T21:47:05.940474,0.333134,0
S00021,DSA,Strings,36,2025-01-31T00:47:36.010234,0.533774,0
S00021,Computer Networks,Network Security,37,2025-02-01T11:31:15.651826,0.405749,0
S00021,DBMS,Concurrency Control,38,2025-02-02T05:37:46.030514,0.58988,0
S00021,DSA,Trees,39,2025-02-03T14:24:21.754073,0.806547,1
S00021,Computer Networks,DNS,40,2025-02-04T00:12:34.905144,0.359664,0
S00021,Software Engineering,Testing,41,2025-02-04T03:24:06.928949,0.453005,0
S00021,Computer Networks,DHCP,42,2025-02-04T07:29:43.818911,0.165693,0
S00021,Computer Networks,IP Addressing,43,2025-02-04T14:31:32.634360,0.419748,0
S00021,Operating Systems,Memory Management,44,2025-02-05T17:49:10.168554,0.733218,1
S00021,DBMS,Indexing,45,2025-02-07T02:56:00.702335,0.339102,0
S00021,DSA,Graphs,46,2025-02-08T10:02:46.781070,0.707395,1
S00021,DBMS,Normalization,47,2025-02-09T13:09:28.220016,0.639148,0
S00021,Computer Networks,TCP/IP,48,2025-02-11T02:41:59.921180,0.135144,0
S00021,DSA,Graphs,49,2025-02-12T02:48:10.392449,0.711239,1
S00021,Software Engineering,UML,50,2025-02-12T13:35:30.068131,0.665545,0
S00021,Computer Networks,HTTP,51,2025-02-13T21:00:33.477245,0.377211,0
S00021,Computer Networks,TCP/IP,52,2025-02-15T05:55:19.051597,0.158601,0
S00021,Software Engineering,Agile,53,2025-02-16T13:10:45.477158,0.434739,0
S00021,Computer Networks,DHCP,54,2025-02-17T11:13:08.814796,0.188624,0
S00021,DBMS,ER Model,55,2025-02-18T08:48:06.776280,0.459986,0
S00021,Software Engineering,Design Patterns,56,2025-02-18T17:39:48.609383,0.70226,1
S00021,Computer Networks,TCP,57,2025-02-19T20:23:10.302583,0.277637,0
S00021,Computer Networks,UDP,58,2025-02-21T07:11:01.552091,0.339148,0
S00021,Computer Networks,Routing,59,2025-02-22T14:38:10.820257,0.268213,0
S00021,DBMS,Relational Algebra,60,2025-02-23T16:01:25.387202,0.48645,0
S00022,Operating Systems,Processes,1,2025-01-02T16:59:35.297476,0.78432,1
S00022,Computer Networks,TCP,2,2025-01-03T05:18:19.631291,0.507399,0
S00022,Operating Systems,Memory Management,3,2025-01-04T08:10:37.746409,0.88858,1
S00022,Operating Systems,Memory Management,4,2025-01-05T07:31:26.045047,0.892457,1
S00022,DBMS,ER Model,5,2025-01-05T19:32:49.152364,0.730497,1
S00022,DBMS,Normalization,6,2025-01-06T20:54:20.257271,0.922086,1
S00022,Software Engineering,Software Quality,7,2025-01-07T14:10:02.530481,0.237214,0
S00022,Computer Networks,UDP,8,2025-01-08T14:24:17.943255,0.544735,0
S00022,Computer Networks,DHCP,9,2025-01-10T03:43:08.678056,0.55943,0
S00022,DSA,Graphs,10,2025-01-11T11:10:25.175407,0.355498,0
S00022,DSA,Strings,11,2025-01-12T15:29:10.949374,0.305248,0
S00022,Software Engineering,Testing,12,2025-01-13T17:48:19.463973,0.381877,0
S00022,Computer Networks,HTTP,13,2025-01-15T06:50:10.798722,0.497266,0
S00022,Software Engineering,Agile,14,2025-01-15T20:32:45.077081,0.357824,0
S00022,Software Engineering,Git/Version Control,15,2025-01-16T15:35:50.174252,0.409716,0
S00022,Software Engineering,Git/Version Control,16,2025-01-18T02:00:37.069009,0.41449,0
S00022,Software Engineering,SDLC,17,2025-01-18T14:46:07.503156,0.622806,0
S00022,Software Engineering,Project Management,18,2025-01-19T22:50:59.679154,0.553148,0
S00022,DBMS,Transactions,19,2025-01-21T10:16:23.577421,0.626675,0
S00022,DSA,Graphs,20,2025-01-22T20:54:31.574702,0.374878,0
S00022,Computer Networks,IP Addressing,21,2025-01-23T12:33:49.544482,0.580586,0
S00022,Software Engineering,SRS,22,2025-01-24T06:37:38.133614,0.441347,0
S00022,Software Engineering,Design Patterns,23,2025-01-25T14:50:33.899467,0.613132,0
S00022,Software Engineering,UML,24,2025-01-26T08:48:02.400548,0.221143,0
S00022,Computer Networks,UDP,25,2025-01-27T08:35:27.433347,0.559142,0
S00022,DSA,Strings,26,2025-01-28T11:56:18.928356,0.310985,0
S00022,DBMS,DBMS Basics,27,2025-01-29T14:33:28.174132,0.978459,1
S00022,DBMS,ER Model,28,2025-01-29T23:34:05.628460,0.735801,1
S00022,DSA,Graphs,29,2025-01-30T08:01:19.220137,0.380306,0
S00022,Software Engineering,Design Patterns,30,2025-01-30T22:46:54.479538,0.620407,0
S00022,Computer Networks,DHCP,31,2025-02-01T07:22:44.723949,0.560946,0
S00022,Computer Networks,OSI,32,2025-02-01T21:32:10.403723,0.362082,0
S00022,Software Engineering,Git/Version Control,33,2025-02-02T21:46:00.556737,0.417816,0
S00022,Operating Systems,CPU Scheduling,34,2025-02-04T11:21:23.146926,0.945459,1
S00022,DSA,Trees,35,2025-02-04T18:25:55.132607,0.437272,0
S00022,Operating Systems,Paging,36,2025-02-05T15:03:10.143013,0.691735,0
S00022,Software Engineering,Software Quality,37,2025-02-06T04:49:15.445629,0.262066,0
S00022,DBMS,Relational Algebra,38,2025-02-07T11:41:53.237139,0.684682,0
S00022,DBMS,Joins,39,2025-02-08T08:45:25.635358,0.865506,1
S00022,Operating Systems,I/O Management,40,2025-02-09T18:21:23.832793,0.86266,1
S00022,Operating Systems,Security,41,2025-02-10T13:07:55.865827,0.863157,1
S00022,Computer Networks,IP Addressing,42,2025-02-11T15:38:58.156983,0.582706,0
S00022,DBMS,Indexing,43,2025-02-13T03:27:10.058274,0.783238,1
S00022,DBMS,Transactions,44,2025-02-13T09:21:16.245182,0.638194,0
S00022,DSA,Dynamic Programming,45,2025-02-14T19:44:05.856877,0.331718,0
S00022,DSA,Arrays,46,2025-02-16T04:49:09.206019,0.621145,0
S00022,Software Engineering,Testing,47,2025-02-17T17:42:21.149730,0.388981,0
S00022,DSA,Heap,48,2025-02-18T16:19:16.237691,0.346741,0
S00022,Software Engineering,UML,49,2025-02-19T22:13:49.914605,0.242209,0
S00022,Software Engineering,Git/Version Control,50,2025-02-21T05:15:21.316533,0.43686,0
S00022,DSA,Strings,51,2025-02-22T13:01:42.700168,0.313328,0
S00022,DSA,Hashing,52,2025-02-23T03:51:28.753340,0.365002,0
S00022,DSA,Heap,53,2025-02-24T08:00:42.885744,0.35007,0
S00022,DSA,Stack & Queue,54,2025-02-25T20:56:02.100611,0.396411,0
S00022,DSA,Linked Lists,55,2025-02-26T08:13:55.124873,0.294533,0
S00022,DBMS,Normalization,56,2025-02-26T16:20:42.456962,0.92398,1
S00022,Operating Systems,Security,57,2025-02-28T06:03:21.206718,0.864795,1
S00022,Operating Systems,File Systems,58,2025-03-01T05:53:14.423379,0.883677,1
S00022,DBMS,Joins,59,2025-03-01T21:41:57.254176,0.871105,1
S00022,Computer Networks,HTTP,60,2025-03-03T05:53:35.249703,0.499807,0
S00023,DSA,Hashing,1,2025-01-03T22:07:48.307448,0.477386,0
S00023,Operating Systems,CPU Scheduling,2,2025-01-04T20:38:27.891842,0.466114,0
S00023,DBMS,Normalization,3,2025-01-05T21:17:49.560812,0.550129,0
S00023,Operating Systems,Threads,4,2025-01-07T09:42:41.902256,0.429821,0
S00023,Operating Systems,File Systems,5,2025-01-08T00:45:28.657658,0.497714,0
S00023,Software Engineering,SDLC,6,2025-01-09T10:57:15.046321,0.197442,0
S00023,DBMS,Indexing,7,2025-01-10T08:36:44.494084,0.435526,0
S00023,Software Engineering,Agile,8,2025-01-11T15:52:12.400113,0.340035,0
S00023,Computer Networks,IP Addressing,9,2025-01-13T00:12:10.730652,0.604364,0
S00023,Software Engineering,Project Management,10,2025-01-14T10:41:39.506647,0.465151,0
S00023,Operating Systems,I/O Management,11,2025-01-14T18:39:54.917679,0.431703,0
S00023,Computer Networks,HTTP,12,2025-01-16T00:51:40.308190,0.240261,0
S00023,DSA,Stack & Queue,13,2025-01-16T08:35:28.276025,0.594891,0
S00023,DBMS,ER Model,14,2025-01-17T18:46:18.686615,0.539796,0
S00023,DSA,Recursion,15,2025-01-19T05:21:44.288072,0.324676,0
S00023,Software Engineering,SDLC,16,2025-01-20T07:07:00.160369,0.204679,0
S00023,Operating Systems,Synchronization,17,2025-01-21T17:17:49.604146,0.164033,0
S00023,Operating Systems,Memory Management,18,2025-01-22T14:28:45.736161,0.547125,0
S00023,Software Engineering,Software Quality,19,2025-01-23T14:01:56.152738,0.193416,0
S00023,Computer Networks,HTTP,20,2025-01-24T13:38:02.540042,0.270199,0
S00023,Software Engineering,Software Quality,21,2025-01-26T03:12:54.116698,0.215328,0
S00023,Operating Systems,File Systems,22,2025-01-27T16:46:03.548971,0.504888,0
S00023,Software Engineering,UML,23,2025-01-28T17:19:33.950565,0.295659,0
S00023,Operating Systems,Threads,24,2025-01-29T14:04:19.994648,0.451907,0
S00023,Software Engineering,Project Management,25,2025-01-30T06:08:58.224734,0.468649,0
S00023,Software Engineering,Design Patterns,26,2025-01-31T05:47:07.613624,0.056849,0
S00023,Operating Systems,Synchronization,27,2025-01-31T19:34:12.701169,0.198681,0
S00023,DBMS,Transactions,28,2025-02-01T05:25:14.458283,0.661706,0
S00023,Software Engineering,SDLC,29,2025-02-02T00:24:24.020028,0.229128,0
S00023,DBMS,DBMS Basics,30,2025-02-03T00:25:02.441183,0.385179,0
S00023,DBMS,Relational Algebra,31,2025-02-03T12:57:49.598778,0.415448,0
S00023,Computer Networks,Network Security,32,2025-02-03T21:18:19.004326,0.431765,0
S00023,DSA,Heap,33,2025-02-05T01:37:25.880043,0.327885,0
S00023,Software Engineering,SRS,34,2025-02-05T19:33:16.000433,0.385947,0
S00023,Software Engineering,Git/Version Control,35,2025-02-06T06:47:17.412824,0.086303,0
S00023,Computer Networks,TCP,36,2025-02-06T21:57:35.703174,0.514656,0
S00023,Operating Systems,File Systems,37,2025-02-07T09:42:19.782413,0.520177,0
S00023,Operating Systems,Security,38,2025-02-07T19:04:19.311444,0.242581,0
S00023,Operating Systems,I/O Management,39,2025-02-08T01:39:20.810665,0.435377,0
S00023,Computer Networks,DNS,40,2025-02-08T17:04:12.581886,0.445572,0
S00023,Computer Networks,Routing,41,2025-02-09T18:34:22.651413,0.304862,0
S00023,Software Engineering,Design Patterns,42,2025-02-09T22:54:38.542251,0.065553,0
S00023,DSA,Arrays,43,2025-02-10T23:45:48.738311,0.321818,0
S00023,Computer Networks,HTTP,44,2025-02-12T05:04:33.039119,0.277125,0
S00023,Operating Systems,Deadlocks,45,2025-02-12T17:17:31.361471,0.393494,0
S00023,Computer Networks,Routing,46,2025-02-14T02:47:24.040089,0.308904,0
S00023,Operating Systems,Synchronization,47,2025-02-14T18:11:28.189287,0.200974,0
S00023,DBMS,Transactions,48,2025-02-15T20:21:40.363778,0.663281,0
S00023,DSA,Strings,49,2025-02-16T01:02:04.170019,0.490151,0
S00023,Software Engineering,Waterfall,50,2025-02-16T09:33:24.476050,0.066843,0
S00023,Software Engineering,Git/Version Control,51,2025-02-16T14:45:07.707472,0.092602,0
S00023,Software Engineering,Waterfall,52,2025-02-17T17:27:09.534713,0.07369,0
S00023,DSA,Dynamic Programming,53,2025-02-18T15:14:48.173840,0.372807,0
S00023,DSA,Stack & Queue,54,2025-02-19T20:01:52.555787,0.611385,0
S00023,DBMS,Relational Algebra,55,2025-02-20T01:52:51.743148,0.434969,0
S00023,DBMS,DBMS Basics,56,2025-02-21T08:33:54.171692,0.392455,0
S00023,DSA,Arrays,57,2025-02-22T04:36:21.263028,0.328753,0
S00023,Software Engineering,Git/Version Control,58,2025-02-23T09:01:57.934546,0.11668,0
S00023,Computer Networks,Routing,59,2025-02-23T19:27:31.509982,0.328179,0
S00023,Operating Systems,File Systems,60,2025-02-24T06:04:33.256183,0.536671,0
S00024,DSA,Stack & Queue,1,2025-01-02T17:35:13.405986,0.733641,1
S00024,DBMS,DBMS Basics,2,2025-01-04T01:45:01.481772,0.188976,0
S00024,Computer Networks,Network Security,3,2025-01-04T07:21:51.843211,0.458486,0
S00024,DBMS,Concurrency Control,4,2025-01-05T01:27:08.341406,0.483978,0
S00024,Computer Networks,TCP/IP,5,2025-01-05T19:02:48.935194,0.257626,0
S00024,DSA,Graphs,6,2025-01-07T02:48:16.054823,0.346376,0
S00024,Operating Systems,Security,7,2025-01-07T10:00:12.211991,0.36627,0
S00024,Software Engineering,Project Management,8,2025-01-08T12:40:46.648727,0.412649,0
S00024,Computer Networks,DHCP,9,2025-01-09T04:50:56.193735,0.30371,0
S00024,Computer Networks,TCP,10,2025-01-10T11:50:33.754636,0.128565,0
S00024,Computer Networks,HTTP,11,2025-01-11T20:09:27.919456,0.186571,0
S00024,Software Engineering,Waterfall,12,2025-01-12T20:27:24.899993,0.40721,0
S00024,Operating Systems,Deadlocks,13,2025-01-13T11:34:49.591781,0.496463,0
S00024,Computer Networks,OSI,14,2025-01-13T21:31:53.655327,0.500342,0
S00024,Software Engineering,SDLC,15,2025-01-14T04:31:31.182994,0.427556,0
S00024,Computer Networks,TCP/IP,16,2025-01-15T16:45:56.413145,0.264574,0
S00024,Software Engineering,Software Quality,17,2025-01-16T07:37:07.794096,0.570348,0
S00024,DBMS,Relational Algebra,18,2025-01-16T22:53:58.497018,0.24755,0
S00024,Software Engineering,SRS,19,2025-01-17T08:54:38.583954,0.424687,0
S00024,DSA,Recursion,20,2025-01-18T08:03:59.122621,0.495511,0
S00024,Operating Systems,Processes,21,2025-01-19T07:10:03.133965,0.469164,0
S00024,Computer Networks,UDP,22,2025-01-20T02:03:03.030182,0.323964,0
S00024,DBMS,Normalization,23,2025-01-21T05:43:40.154133,0.412271,0
S00024,Software Engineering,Testing,24,2025-01-22T17:30:58.865148,0.427862,0
S00024,DBMS,Keys,25,2025-01-23T07:52:16.473491,0.402947,0
S00024,Computer Networks,DHCP,26,2025-01-23T10:59:31.637977,0.328958,0
S00024,Software Engineering,Design Patterns,27,2025-01-23T20:36:06.224139,0.500337,0
S00024,Computer Networks,TCP,28,2025-01-24T14:19:55.099703,0.138423,0
S00024,Computer Networks,TCP/IP,29,2025-01-24T21:31:31.109571,0.266747,0
S00024,Software Engineering,Waterfall,30,2025-01-26T07:28:00.785961,0.411421,0
S00024,DSA,Arrays,31,2025-01-26T19:31:50.721486,0.438246,0
S00024,DBMS,Joins,32,2025-01-27T17:26:35.500662,0.188698,0
S00024,Operating Systems,Threads,33,2025-01-28T06:23:16.407493,0.472629,0
S00024,Computer Networks,UDP,34,2025-01-29T02:51:41.948991,0.353246,0
S00024,Software Engineering,Project Management,35,2025-01-29T13:12:21.028780,0.432751,0
S00024,Computer Networks,Network Security,36,2025-01-29T23:06:39.945324,0.474048,0
S00024,DBMS,ER Model,37,2025-01-30T13:02:23.194009,0.178876,0
S00024,Computer Networks,IP Addressing,38,2025-01-31T19:41:34.617392,0.061666,0
S00024,DSA,Heap,39,2025-02-01T00:35:27.109879,0.41612,0
S00024,DSA,Graphs,40,2025-02-02T08:42:32.571727,0.354824,0
S00024,DBMS,Indexing,41,2025-02-03T00:48:25.154625,0.475307,0
S00024,Software Engineering,Git/Version Control,42,2025-02-04T07:34:48.782949,0.266419,0
S00024,DSA,Stack & Queue,43,2025-02-05T15:28:36.979858,0.737653,1
S00024,DBMS,DBMS Basics,44,2025-02-06T12:25:25.624890,0.194232,0
S00024,DSA,Stack & Queue,45,2025-02-06T18:50:38.947596,0.736681,1
S00024,DSA,Linked Lists,46,2025-02-07T09:38:25.198082,0.588924,0
S00024,Operating Systems,CPU Scheduling,47,2025-02-08T19:55:27.107206,0.643401,0
S00024,Operating Systems,Security,48,2025-02-10T02:06:36.007937,0.384172,0
S00024,DBMS,Indexing,49,2025-02-10T23:05:48.205130,0.48896,0
S00024,DBMS,Concurrency Control,50,2025-02-11T03:47:22.837118,0.494373,0
S00024,Operating Systems,Security,51,2025-02-12T13:17:01.277577,0.388918,0
S00024,Operating Systems,Paging,52,2025-02-13T05:50:55.171829,0.753855,1
S00024,Computer Networks,IP Addressing,53,2025-02-13T16:31:08.229624,0.068893,0
S00024,DBMS,Normalization,54,2025-02-14T22:36:19.536015,0.415636,0
S00024,Computer Networks,OSI,55,2025-02-15T02:08:07.530930,0.511393,0
S00024,DBMS,Transactions,56,2025-02-15T07:09:50.830568,0.384712,0
S00024,Computer Networks,Routing,57,2025-02-16T07:18:44.492603,0.273322,0
S00024,DSA,Graphs,58,2025-02-17T05:19:31.034358,0.360849,0
S00024,Operating Systems,Paging,59,2025-02-18T10:02:46.919391,0.755066,1
S00024,DSA,Dynamic Programming,60,2025-02-19T11:14:01.115251,0.456871,0
S00025,Software Engineering,Design Patterns,1,2025-01-03T03:35:13.067758,0.719664,1
S00025,Operating Systems,Deadlocks,2,2025-01-03T12:10:46.481688,0.868303,1
S00025,Software Engineering,Design Patterns,3,2025-01-04T21:54:01.717115,0.727327,1
S00025,Software Engineering,UML,4,2025-01-06T02:04:46.376301,0.782155,1
S00025,Software Engineering,Testing,5,2025-01-06T12:38:21.426892,0.786683,1
S00025,DBMS,Indexing,6,2025-01-06T16:33:48.420270,0.977803,1
S00025,DSA,Recursion,7,2025-01-08T02:20:35.984855,0.769309,1
S00025,Operating Systems,CPU Scheduling,8,2025-01-09T07:03:26.336750,0.751624,1
S00025,Computer Networks,DNS,9,2025-01-09T23:41:30.515227,0.89412,1
S00025,DBMS,Relational Algebra,10,2025-01-10T09:54:50.596669,0.981441,1
S00025,Operating Systems,Security,11,2025-01-11T06:36:31.813192,0.95019,1
S00025,Computer Networks,Routing,12,2025-01-11T20:33:24.131798,0.817207,1
S00025,Operating Systems,Paging,13,2025-01-12T01:04:44.319911,0.981421,1
S00025,Software Engineering,Agile,14,2025-01-12T20:13:05.230347,0.828681,1
S00025,DSA,Arrays,15,2025-01-13T08:26:13.860911,0.981376,1
S00025,Operating Systems,I/O Management,16,2025-01-14T09:16:09.855725,0.636607,0
S00025,Operating Systems,Security,17,2025-01-14T15:55:18.199157,0.951703,1
S00025,Computer Networks,TCP,18,2025-01-15T11:14:45.963354,0.799088,1
S00025,Computer Networks,TCP,19,2025-01-16T20:24:41.961064,0.805546,1
S00025,DSA,Strings,20,2025-01-17T16:38:44.675227,0.78584,1
S00025,DSA,Stack & Queue,21,2025-01-19T01:01:59.212564,0.979909,1
S00025,DSA,Strings,22,2025-01-19T14:01:21.514741,0.793936,1
S00025,DSA,Recursion,23,2025-01-20T23:45:00.420381,0.775154,1
S00025,DSA,Recursion,24,2025-01-21T09:45:24.118602,0.783556,1
S00025,Operating Systems,Memory Management,25,2025-01-22T14:09:10.030168,0.592348,0
S00025,DSA,Recursion,26,2025-01-23T22:00:56.525042,0.786676,1
S00025,DBMS,Joins,27,2025-01-25T06:25:23.721862,0.756758,1
S00025,DBMS,ER Model,28,2025-01-25T18:11:46.649948,0.831428,1
S00025,Software Engineering,Git/Version Control,29,2025-01-26T10:21:31.169957,0.676681,0
S00025,Operating Systems,CPU Scheduling,30,2025-01-26T19:06:55.634963,0.762834,1
S00025,DBMS,Indexing,31,2025-01-27T14:11:23.302077,0.979294,1
S00025,Software Engineering,Testing,32,2025-01-27T19:48:16.700777,0.79281,1
S00025,DSA,Dynamic Programming,33,2025-01-28T22:26:06.786532,0.980883,1
S00025,DBMS,Joins,34,2025-01-29T13:33:32.597582,0.767417,1
S00025,Software Engineering,Project Management,35,2025-01-30T08:27:06.638762,0.641925,0
S00025,DBMS,Relational Algebra,36,2025-01-31T14:36:06.811874,0.982862,1
S00025,Operating Systems,Deadlocks,37,2025-02-01T20:51:03.242088,0.873991,1
S00025,DBMS,Keys,38,2025-02-03T08:16:17.069166,0.622766,0
S00025,Computer Networks,Routing,39,2025-02-04T01:42:43.055718,0.824544,1
S00025,Operating Systems,Security,40,2025-02-05T03:32:06.095105,0.955607,1
S00025,DBMS,DBMS Basics,41,2025-02-06T06:37:45.741628,0.976084,1
S00025,Computer Networks,TCP/IP,42,2025-02-06T13:09:12.027717,0.807059,1
S00025,DBMS,Concurrency Control,43,2025-02-07T18:20:45.782207,0.850797,1
S00025,DBMS,Joins,44,2025-02-08T04:45:11.124401,0.771812,1
S00025,Operating Systems,File Systems,45,2025-02-09T03:43:18.902425,0.784243,1
S00025,DSA,Stack & Queue,46,2025-02-09T23:22:13.771494,0.98291,1
S00025,Operating Systems,File Systems,47,2025-02-11T10:30:35.329350,0.791416,1
S00025,Computer Networks,Routing,48,2025-02-12T04:36:50.230859,0.824759,1
S00025,DBMS,Joins,49,2025-02-12T16:51:01.243773,0.776471,1
S00025,Software Engineering,Software Quality,50,2025-02-13T14:21:55.459397,0.643323,0
S00025,Operating Systems,Deadlocks,51,2025-02-14T03:31:23.412756,0.879697,1
S00025,Software Engineering,Waterfall,52,2025-02-14T18:28:54.078542,0.563124,0
S00025,DBMS,SQL,53,2025-02-15T08:19:43.912890,0.921328,1
S00025,DBMS,Joins,54,2025-02-15T16:13:05.673981,0.784617,1
S00025,Software Engineering,Waterfall,55,2025-02-16T23:55:13.009781,0.568828,0
S00025,Computer Networks,TCP/IP,56,2025-02-18T02:13:53.367852,0.809369,1
S00025,Operating Systems,Memory Management,57,2025-02-18T12:14:44.572682,0.59306,0
S00025,Software Engineering,Software Quality,58,2025-02-19T15:34:42.865383,0.655501,0
S00025,Software Engineering,Project Management,59,2025-02-20T06:01:56.942055,0.643966,0
S00025,Operating Systems,Synchronization,60,2025-02-20T20:32:57.467995,0.883911,1
S00026,DSA,Linked Lists,1,2025-01-02T17:31:55.083752,0.437505,0
S00026,DSA,Linked Lists,2,2025-01-03T21:19:26.437140,0.45381,0
S00026,DBMS,SQL,3,2025-01-04T17:15:56.094205,0.566911,0
S00026,DBMS,Keys,4,2025-01-05T21:57:03.231968,0.286769,0
S00026,DBMS,ER Model,5,2025-01-06T04:42:54.641364,0.40379,0
S00026,DBMS,DBMS Basics,6,2025-01-07T03:22:26.925404,0.067402,0
S00026,Computer Networks,TCP,7,2025-01-07T15:03:52.005138,0.682295,0
S00026,Software Engineering,Testing,8,2025-01-08T18:37:16.399079,0.180899,0
S00026,DSA,Arrays,9,2025-01-09T06:53:14.897859,0.452831,0
S00026,Software Engineering,Testing,10,2025-01-10T00:17:16.302128,0.186004,0
S00026,Software Engineering,Git/Version Control,11,2025-01-10T15:22:04.341817,0.455754,0
S00026,Operating Systems,Security,12,2025-01-11T13:47:07.657252,0.745753,1
S00026,Operating Systems,File Systems,13,2025-01-12T17:46:08.789262,0.906005,1
S00026,DSA,Hashing,14,2025-01-13T11:48:00.459814,0.149133,0
S00026,DSA,Strings,15,2025-01-14T10:59:07.717969,0.4663,0
S00026,DSA,Heap,16,2025-01-15T14:31:31.214339,0.373218,0
S00026,Computer Networks,IP Addressing,17,2025-01-16T07:10:33.865921,0.618845,0
S00026,Computer Networks,OSI,18,2025-01-17T10:30:25.932078,0.809762,1
S00026,DSA,Hashing,19,2025-01-17T15:47:49.145716,0.154349,0
S00026,Software Engineering,UML,20,2025-01-18T20:37:05.227929,0.204938,0
S00026,DSA,Graphs,21,2025-01-19T12:44:00.958931,0.257297,0
S00026,DBMS,ER Model,22,2025-01-20T19:59:22.719132,0.408114,0
S00026,Software Engineering,Software Quality,23,2025-01-22T08:31:02.174362,0.07078,0
S00026,DSA,Stack & Queue,24,2025-01-23T19:50:35.900656,0.443443,0
S00026,DBMS,Joins,25,2025-01-24T22:07:53.758190,0.462504,0
S00026,Software Engineering,Testing,26,2025-01-26T07:10:43.508508,0.205077,0
S00026,DBMS,Indexing,27,2025-01-26T16:49:19.955878,0.591564,0
S00026,DBMS,DBMS Basics,28,2025-01-28T01:06:37.120321,0.07664,0
S00026,DBMS,Transactions,29,2025-01-28T15:40:41.376973,0.252816,0
S00026,DBMS,Relational Algebra,30,2025-01-29T00:27:13.897910,0.450219,0
S00026,DSA,Dynamic Programming,31,2025-01-29T18:28:01.648616,0.330949,0
S00026,DSA,Heap,32,2025-01-30T10:31:22.814032,0.395343,0
S00026,DBMS,Joins,33,2025-01-31T14:33:51.020727,0.479775,0
S00026,DSA,Arrays,34,2025-02-02T00:06:09.963734,0.470045,0
S00026,DSA,Heap,35,2025-02-03T12:48:15.130384,0.418821,0
S00026,DSA,Recursion,36,2025-02-04T13:10:36.815281,0.315458,0
S00026,Operating Systems,Threads,37,2025-02-04T23:59:03.679733,0.722731,1
S00026,Computer Networks,DNS,38,2025-02-06T07:07:28.785161,0.832302,1
S00026,Operating Systems,Security,39,2025-02-06T17:50:03.559424,0.754451,1
S00026,Computer Networks,UDP,40,2025-02-07T00:29:13.799156,0.678615,0
S00026,Software Engineering,SRS,41,2025-02-07T22:41:52.133462,0.055785,0
S00026,DBMS,Transactions,42,2025-02-08T12:14:44.285322,0.255807,0
S00026,DBMS,Transactions,43,2025-02-08T18:54:49.475191,0.259606,0
S00026,DBMS,Normalization,44,2025-02-09T09:03:18.203755,0.359821,0
S00026,DSA,Stack & Queue,45,2025-02-09T19:19:38.850013,0.460466,0
S00026,DSA,Heap,46,2025-02-11T05:18:10.258852,0.422716,0
S00026,DBMS,DBMS Basics,47,2025-02-11T19:30:14.230988,0.079844,0
S00026,DBMS,Joins,48,2025-02-12T19:30:27.629392,0.48145,0
S00026,Computer Networks,Network Security,49,2025-02-13T07:12:40.398556,0.613167,0
S00026,Software Engineering,Waterfall,50,2025-02-14T09:32:26.985264,0.205581,0
S00026,DBMS,Normalization,51,2025-02-15T11:53:19.824471,0.370326,0
S00026,Operating Systems,Memory Management,52,2025-02-15T22:27:52.177227,0.795537,1
S00026,DBMS,DBMS Basics,53,2025-02-16T11:02:53.014142,0.088293,0
S00026,DSA,Hashing,54,2025-02-16T19:39:54.379576,0.158916,0
S00026,DSA,Graphs,55,2025-02-17T06:02:50.523367,0.261855,0
S00026,DSA,Heap,56,2025-02-17T11:06:01.495301,0.432233,0
S00026,DBMS,Transactions,57,2025-02-18T07:31:50.658008,0.28141,0
S00026,DBMS,Joins,58,2025-02-19T17:42:40.597764,0.500842,0
S00026,Computer Networks,DNS,59,2025-02-20T16:03:14.705953,0.841009,1
S00026,DBMS,Joins,60,2025-02-21T14:38:50.532018,0.507183,0
S00027,Computer Networks,DNS,1,2025-01-02T03:48:43.760947,0.417033,0
S00027,DSA,Dynamic Programming,2,2025-01-03T09:16:48.497897,0.462152,0
S00027,Computer Networks,UDP,3,2025-01-04T16:31:48.053592,0.339876,0
S00027,DSA,Strings,4,2025-01-06T01:50:28.248384,0.629351,0
S00027,Computer Networks,TCP,5,2025-01-06T19:37:00.415745,0.516827,0
S00027,Computer Networks,DNS,6,2025-01-07T00:33:58.003376,0.422513,0
S00027,Computer Networks,DNS,7,2025-01-08T00:05:12.291002,0.442733,0
S00027,DBMS,Normalization,8,2025-01-08T07:52:26.980043,0.207921,0
S00027,DBMS,Concurrency Control,9,2025-01-08T18:53:41.886466,0.385658,0
S00027,DSA,Heap,10,2025-01-09T06:28:19.109123,0.534861,0
S00027,DBMS,DBMS Basics,11,2025-01-09T14:09:05.162442,0.328025,0
S00027,DBMS,Indexing,12,2025-01-10T23:15:33.248297,0.280283,0
S00027,Computer Networks,TCP,13,2025-01-11T11:10:50.252043,0.520421,0
S00027,Operating Systems,Memory Management,14,2025-01-12T11:57:18.579966,0.723798,1
S00027,DSA,Arrays,15,2025-01-13T12:55:19.038334,0.589578,0
S00027,DBMS,Relational Algebra,16,2025-01-13T18:52:25.054332,0.504286,0
S00027,Software Engineering,Software Quality,17,2025-01-14T17:17:23.859468,0.952715,1
S00027,Software Engineering,SRS,18,2025-01-14T23:55:31.799128,0.784355,1
S00027,DSA,Graphs,19,2025-01-15T21:02:04.419694,0.559827,0
S00027,Computer Networks,DHCP,20,2025-01-16T14:10:49.100435,0.534914,0
S00027,Software Engineering,UML,21,2025-01-17T11:51:22.298485,0.829614,1
S00027,Operating Systems,Synchronization,22,2025-01-19T00:43:50.649458,0.496972,0
S00027,Software Engineering,Agile,23,2025-01-19T14:46:33.896393,0.469504,0
S00027,Operating Systems,File Systems,24,2025-01-19T22:20:02.158887,0.549135,0
S00027,DSA,Recursion,25,2025-01-21T00:54:54.722419,0.371489,0
S00027,Operating Systems,I/O Management,26,2025-01-22T04:43:04.632780,0.261613,0
S00027,Computer Networks,IP Addressing,27,2025-01-22T22:48:25.114047,0.540657,0
S00027,Operating Systems,Memory Management,28,2025-01-23T18:38:36.055766,0.730023,1
S00027,DBMS,Normalization,29,2025-01-25T03:14:53.418297,0.211767,0
S00027,Computer Networks,TCP,30,2025-01-25T10:22:44.247867,0.5303,0
S00027,Software Engineering,Waterfall,31,2025-01-25T17:11:27.296772,0.787705,1
S00027,Operating Systems,Threads,32,2025-01-26T21:39:59.163704,0.59027,0
S00027,DSA,Arrays,33,2025-01-28T03:44:41.808407,0.60416,0
S00027,Software Engineering,Project Management,34,2025-01-28T17:05:12.086123,0.594746,0
S00027,Computer Networks,HTTP,35,2025-01-29T01:51:35.555723,0.224643,0
S00027,DBMS,Indexing,36,2025-01-30T12:13:19.957251,0.284854,0
S00027,DBMS,ER Model,37,2025-01-30T18:39:34.617895,0.271185,0
S00027,Computer Networks,OSI,38,2025-01-31T20:06:41.410994,0.464485,0
S00027,Computer Networks,IP Addressing,39,2025-02-01T10:03:55.010889,0.546173,0
S00027,DSA,Arrays,40,2025-02-02T22:37:50.731056,0.606278,0
S00027,Operating Systems,Memory Management,41,2025-02-03T04:43:17.822584,0.741691,1
S00027,Operating Systems,I/O Management,42,2025-02-03T23:29:28.624480,0.268666,0
S00027,DSA,Trees,43,2025-02-05T02:08:57.398604,0.576567,0
S00027,Software Engineering,Software Quality,44,2025-02-06T00:47:14.831593,0.951076,1
S00027,Operating Systems,I/O Management,45,2025-02-07T10:11:26.931254,0.274329,0
S00027,Computer Networks,Routing,46,2025-02-08T06:42:11.472782,0.507713,0
S00027,DBMS,Keys,47,2025-02-08T16:08:09.129253,0.215377,0
S00027,Operating Systems,Processes,48,2025-02-09T02:29:47.184861,0.548485,0
S00027,DSA,Arrays,49,2025-02-10T13:53:37.227204,0.607949,0
S00027,DBMS,Relational Algebra,50,2025-02-11T21:48:01.144592,0.515738,0
S00027,Software Engineering,UML,51,2025-02-13T11:42:34.781221,0.836075,1
S00027,DSA,Strings,52,2025-02-13T15:56:13.672582,0.642538,0
S00027,Software Engineering,SDLC,53,2025-02-13T20:50:34.845415,0.692931,0
S00027,Operating Systems,Memory Management,54,2025-02-15T04:20:06.333335,0.74677,1
S00027,DBMS,Concurrency Control,55,2025-02-16T10:18:23.428155,0.405287,0
S00027,DBMS,DBMS Basics,56,2025-02-17T16:55:36.994675,0.331882,0
S00027,DSA,Recursion,57,2025-02-17T21:42:02.958880,0.388809,0
S00027,Computer Networks,OSI,58,2025-02-19T07:48:10.314524,0.481769,0
S00027,DSA,Recursion,59,2025-02-20T03:59:35.463748,0.394851,0
S00027,Operating Systems,Deadlocks,60,2025-02-21T02:00:10.753236,0.492066,0
S00028,Computer Networks,TCP,1,2025-01-03T10:08:25.016639,0.505559,0
S00028,DBMS,Joins,2,2025-01-04T02:47:20.611884,0.299831,0
S00028,Software Engineering,UML,3,2025-01-05T13:59:22.601757,0.436252,0
S00028,DBMS,Joins,4,2025-01-06T14:10:45.230646,0.305757,0
S00028,Computer Networks,TCP,5,2025-01-07T21:05:54.377911,0.51893,0
S00028,DBMS,Keys,6,2025-01-09T08:33:06.872024,0.308737,0
S00028,Operating Systems,Synchronization,7,2025-01-10T01:07:04.638522,0.641315,0
S00028,DBMS,Relational Algebra,8,2025-01-10T15:02:37.516919,0.334861,0
S00028,Software Engineering,Testing,9,2025-01-11T07:30:20.013459,0.392947,0
S00028,DBMS,Concurrency Control,10,2025-01-11T12:21:35.706008,0.3219,0
S00028,Software Engineering,Waterfall,11,2025-01-11T18:22:27.268249,0.217104,0
S00028,Computer Networks,Network Security,12,2025-01-12T11:35:39.628302,0.726104,1
S00028,Operating Systems,Deadlocks,13,2025-01-13T19:39:27.245394,0.525939,0
S00028,Software Engineering,Testing,14,2025-01-15T05:14:44.011795,0.409213,0
S00028,Software Engineering,Project Management,15,2025-01-16T05:50:38.591888,0.475275,0
S00028,DBMS,DBMS Basics,16,2025-01-16T20:30:50.863041,0.271111,0
S00028,Software Engineering,SRS,17,2025-01-17T17:38:35.823406,0.611903,0
S00028,Software Engineering,Git/Version Control,18,2025-01-17T21:37:52.135857,0.345204,0
S00028,Computer Networks,OSI,19,2025-01-19T03:24:06.391903,0.662896,0
S00028,Computer Networks,HTTP,20,2025-01-20T12:46:13.398817,0.394406,0
S00028,Software Engineering,Agile,21,2025-01-21T16:55:51.416728,0.293327,0
S00028,DBMS,Indexing,22,2025-01-21T23:31:21.938766,0.446833,0
S00028,Operating Systems,CPU Scheduling,23,2025-01-22T09:29:13.823522,0.486163,0
S00028,Software Engineering,Testing,24,2025-01-23T07:52:17.018934,0.408267,0
S00028,Operating Systems,Memory Management,25,2025-01-23T11:27:19.319809,0.559772,0
S00028,Operating Systems,I/O Management,26,2025-01-24T23:17:34.623600,0.626225,0
S00028,Computer Networks,TCP,27,2025-01-25T08:40:20.405396,0.531843,0
S00028,DSA,Hashing,28,2025-01-25T13:02:01.319509,0.754511,1
S00028,DBMS,Normalization,29,2025-01-26T12:40:26.453092,0.218237,0
S00028,DBMS,Relational Algebra,30,2025-01-27T01:29:58.707313,0.359313,0
S00028,Computer Networks,Network Security,31,2025-01-28T08:30:42.901268,0.732001,1
S00028,Operating Systems,Processes,32,2025-01-28T18:53:44.945622,0.539728,0
S00028,DSA,Dynamic Programming,33,2025-01-29T10:38:17.451798,0.891767,1
S00028,DBMS,Joins,34,2025-01-30T19:41:37.691730,0.309723,0
S00028,DSA,Linked Lists,35,2025-02-01T09:33:08.070342,0.875268,1
S00028,DSA,Graphs,36,2025-02-02T15:39:02.894511,0.635516,0
S00028,Computer Networks,TCP/IP,37,2025-02-03T23:02:58.864209,0.483646,0
S00028,DSA,Arrays,38,2025-02-04T03:24:30.499889,0.817779,1
S00028,Computer Networks,DHCP,39,2025-02-05T12:49:59.367321,0.707878,1
S00028,Computer Networks,DNS,40,2025-02-06T21:01:13.708701,0.782029,1
S00028,DBMS,Normalization,41,2025-02-08T08:42:39.715422,0.222586,0
S00028,DBMS,ER Model,42,2025-02-09T05:53:31.424849,0.446972,0
S00028,DBMS,Transactions,43,2025-02-09T14:11:08.058276,0.266481,0
S00028,Software Engineering,UML,44,2025-02-10T20:25:54.049887,0.436123,0
S00028,Computer Networks,OSI,45,2025-02-11T10:28:51.315715,0.665036,0
S00028,Computer Networks,DNS,46,2025-02-11T21:39:39.625566,0.78655,1
S00028,DSA,Recursion,47,2025-02-13T06:25:26.570941,0.979453,1
S00028,Computer Networks,HTTP,48,2025-02-13T14:49:35.987571,0.412221,0
S00028,Operating Systems,Security,49,2025-02-14T02:01:57.279645,0.610803,0
S00028,Software Engineering,SRS,50,2025-02-15T03:21:45.309630,0.62668,0
S00028,DBMS,DBMS Basics,51,2025-02-16T13:17:53.785116,0.294855,0
S00028,DBMS,DBMS Basics,52,2025-02-16T17:30:56.113741,0.299498,0
S00028,Computer Networks,Routing,53,2025-02-16T21:33:50.343150,0.649243,0
S00028,DSA,Hashing,54,2025-02-17T06:26:19.960286,0.765911,1
S00028,Operating Systems,Processes,55,2025-02-18T17:40:24.557797,0.554471,0
S00028,DBMS,DBMS Basics,56,2025-02-20T04:07:03.544595,0.304205,0
S00028,Software Engineering,Git/Version Control,57,2025-02-21T01:43:12.684528,0.365036,0
S00028,Software Engineering,UML,58,2025-02-21T08:58:18.342304,0.45328,0
S00028,Operating Systems,Processes,59,2025-02-21T17:11:25.656508,0.55911,0
S00028,Software Engineering,Testing,60,2025-02-21T21:17:14.115427,0.431974,0
S00029,Software Engineering,SDLC,1,2025-01-02T18:52:53.065737,0.689843,0
S00029,Software Engineering,Software Quality,2,2025-01-03T13:43:16.804861,0.621797,0
S00029,Software Engineering,Software Quality,3,2025-01-04T14:36:45.431938,0.623826,0
S00029,Software Engineering,SDLC,4,2025-01-05T05:10:50.387721,0.690591,0
S00029,Software Engineering,Agile,5,2025-01-05T22:18:58.794785,0.35838,0
S00029,Operating Systems,Security,6,2025-01-07T11:36:25.826820,0.962051,1
S00029,Software Engineering,SRS,7,2025-01-08T07:12:15.285215,0.466075,0
S00029,Operating Systems,Paging,8,2025-01-09T14:11:03.230444,0.980198,1
S00029,DBMS,ER Model,9,2025-01-10T16:18:22.780764,0.962441,1
S00029,Software Engineering,Project Management,10,2025-01-11T02:46:58.421946,0.562324,0
S00029,DBMS,Concurrency Control,11,2025-01-11T07:49:03.250118,0.693614,0
S00029,DSA,Heap,12,2025-01-12T04:44:16.620387,0.980479,1
S00029,Software Engineering,Waterfall,13,2025-01-12T16:58:36.339033,0.718442,1
S00029,Software Engineering,UML,14,2025-01-13T01:52:44.867127,0.616385,0
S00029,DBMS,DBMS Basics,15,2025-01-14T10:38:20.678948,0.866505,1
S00029,Software Engineering,SRS,16,2025-01-15T00:27:39.629175,0.472268,0
S00029,Computer Networks,TCP,17,2025-01-16T12:07:00.383460,0.976336,1
S00029,Software Engineering,Agile,18,2025-01-17T19:12:21.220493,0.375854,0
S00029,Operating Systems,File Systems,19,2025-01-19T08:06:12.749943,0.980508,1
S00029,Software Engineering,Software Quality,20,2025-01-20T01:47:53.247334,0.633764,0
S00029,Operating Systems,Memory Management,21,2025-01-20T06:16:22.262202,0.982134,1
S00029,DBMS,Indexing,22,2025-01-20T20:27:37.967231,0.822512,1
S00029,DBMS,DBMS Basics,23,2025-01-21T22:28:24.077576,0.872474,1
S00029,Software Engineering,Project Management,24,2025-01-22T14:17:19.255059,0.584613,0
S00029,Software Engineering,Agile,25,2025-01-23T09:11:56.463396,0.399859,0
S00029,DBMS,Keys,26,2025-01-24T10:53:02.877983,0.851408,1
S00029,Operating Systems,Threads,27,2025-01-25T15:10:13.057917,0.632795,0
S00029,DBMS,Concurrency Control,28,2025-01-26T07:18:52.008252,0.697193,0
S00029,Operating Systems,Threads,29,2025-01-27T10:03:43.449004,0.647707,0
S00029,DBMS,Relational Algebra,30,2025-01-28T01:17:02.147839,0.983714,1
S00029,Software Engineering,Git/Version Control,31,2025-01-28T13:49:53.831990,0.770235,1
S00029,DBMS,SQL,32,2025-01-28T18:34:41.950555,0.932703,1
S00029,Computer Networks,IP Addressing,33,2025-01-29T05:56:29.665793,0.980628,1
S00029,DBMS,Indexing,34,2025-01-30T05:32:26.720275,0.823894,1
S00029,Software Engineering,UML,35,2025-01-30T14:43:22.239035,0.627569,0
S00029,Computer Networks,DHCP,36,2025-02-01T01:48:28.104781,0.755349,1
S00029,Computer Networks,TCP,37,2025-02-01T13:56:56.153050,0.971872,1
S00029,Software Engineering,Software Quality,38,2025-02-02T22:39:00.597436,0.647371,0
S00029,Computer Networks,TCP/IP,39,2025-02-04T03:41:58.996186,0.860332,1
S00029,Operating Systems,Threads,40,2025-02-05T08:34:33.295688,0.657994,0
S00029,DBMS,Normalization,41,2025-02-06T18:01:35.227830,0.870727,1
S00029,Software Engineering,Project Management,42,2025-02-08T02:32:51.651707,0.586693,0
S00029,Software Engineering,Design Patterns,43,2025-02-09T03:48:28.264153,0.571079,0
S00029,Operating Systems,Threads,44,2025-02-09T20:57:34.859295,0.671999,0
S00029,DSA,Dynamic Programming,45,2025-02-11T10:43:05.443586,0.975658,1
S00029,Software Engineering,Design Patterns,46,2025-02-12T16:01:13.615002,0.576393,0
S00029,DBMS,Indexing,47,2025-02-13T01:43:23.403347,0.82438,1
S00029,Software Engineering,Agile,48,2025-02-13T21:07:12.569784,0.423201,0
S00029,DSA,Linked Lists,49,2025-02-14T19:31:47.822612,0.793567,1
S00029,Software Engineering,Agile,50,2025-02-15T07:41:08.682058,0.426732,0
S00029,Software Engineering,Project Management,51,2025-02-16T03:26:14.650438,0.594546,0
S00029,Operating Systems,Deadlocks,52,2025-02-16T10:55:08.566375,0.919988,1
S00029,DBMS,Joins,53,2025-02-17T07:48:28.926238,0.887202,1
S00029,DBMS,Concurrency Control,54,2025-02-17T17:52:50.289115,0.705222,1
S00029,Software Engineering,Project Management,55,2025-02-18T18:39:58.151971,0.609329,0
S00029,Software Engineering,Waterfall,56,2025-02-19T06:25:52.115052,0.729963,1
S00029,DSA,Strings,57,2025-02-19T16:27:48.618153,0.9797,1
S00029,Operating Systems,Synchronization,58,2025-02-20T10:41:26.602191,0.941927,1
S00029,DSA,Graphs,59,2025-02-21T20:46:28.982625,0.757935,1
S00029,Operating Systems,File Systems,60,2025-02-22T09:13:46.384841,0.978978,1
S00030,DSA,Trees,1,2025-01-03T23:27:22.023438,0.472795,0
S00030,DSA,Trees,2,2025-01-05T05:34:27.984064,0.486899,0
S00030,Operating Systems,Memory Management,3,2025-01-05T19:45:50.708044,0.24437,0
S00030,Computer Networks,TCP/IP,4,2025-01-06T01:23:59.949001,0.413641,0
S00030,DSA,Hashing,5,2025-01-06T20:25:38.081903,0.338899,0
S00030,Software Engineering,Waterfall,6,2025-01-07T07:23:55.004264,0.768834,1
S00030,Computer Networks,Network Security,7,2025-01-08T11:13:51.803963,0.377861,0
S00030,Software Engineering,Project Management,8,2025-01-08T21:00:33.736020,0.838489,1
S00030,Software Engineering,UML,9,2025-01-10T04:13:03.553300,0.622055,0
S00030,DSA,Arrays,10,2025-01-10T12:33:54.615462,0.429714,0
S00030,Computer Networks,DHCP,11,2025-01-10T16:58:23.435142,0.388796,0
S00030,Computer Networks,TCP,12,2025-01-11T10:58:44.175696,0.550684,0
S00030,DSA,Strings,13,2025-01-12T08:30:38.952187,0.288348,0
S00030,Software Engineering,SDLC,14,2025-01-13T18:05:51.199382,0.696631,0
S00030,Operating Systems,Deadlocks,15,2025-01-14T00:21:01.369098,0.190504,0
S00030,Software Engineering,Testing,16,2025-01-14T14:24:07.102750,0.912456,1
S00030,DSA,Heap,17,2025-01-15T10:23:42.570677,0.44757,0
S00030,DSA,Arrays,18,2025-01-16T04:22:03.375355,0.433316,0
S00030,Computer Networks,DHCP,19,2025-01-17T14:56:05.084538,0.392811,0
S00030,Computer Networks,HTTP,20,2025-01-19T03:49:54.149850,0.264599,0
S00030,DSA,Strings,21,2025-01-20T10:39:22.362298,0.293907,0
S00030,Computer Networks,OSI,22,2025-01-20T21:11:45.413695,0.455828,0
S00030,Operating Systems,I/O Management,23,2025-01-21T13:30:46.429651,0.182466,0
S00030,Operating Systems,Memory Management,24,2025-01-21T23:34:21.960289,0.249569,0
S00030,Operating Systems,Threads,25,2025-01-22T13:01:02.618963,0.407672,0
S00030,DBMS,SQL,26,2025-01-23T01:39:25.852226,0.715913,1
S00030,Operating Systems,Deadlocks,27,2025-01-23T23:09:37.551991,0.197233,0
S00030,Computer Networks,IP Addressing,28,2025-01-25T07:59:17.882409,0.280413,0
S00030,DSA,Graphs,29,2025-01-25T15:30:59.431667,0.748548,1
S00030,DSA,Heap,30,2025-01-26T10:05:56.797512,0.455428,0
S00030,Operating Systems,CPU Scheduling,31,2025-01-27T15:55:21.589192,0.301227,0
S00030,Operating Systems,I/O Management,32,2025-01-28T17:57:25.818806,0.187332,0
S00030,Software Engineering,UML,33,2025-01-29T22:24:20.207417,0.622832,0
S00030,Operating Systems,Synchronization,34,2025-01-31T06:41:26.997051,0.140598,0
S00030,DSA,Heap,35,2025-01-31T21:47:59.067844,0.460879,0
S00030,DBMS,ER Model,36,2025-02-01T04:42:02.503803,0.722032,1
S00030,Operating Systems,Security,37,2025-02-01T19:11:16.734166,0.336659,0
S00030,Software Engineering,Software Quality,38,2025-02-02T01:05:51.860521,0.981002,1
S00030,DBMS,Joins,39,2025-02-03T14:40:47.848536,0.636212,0
S00030,Software Engineering,Testing,40,2025-02-03T23:40:10.672008,0.912548,1
S00030,Operating Systems,Threads,41,2025-02-05T09:09:56.954804,0.412463,0
S00030,Operating Systems,CPU Scheduling,42,2025-02-06T15:33:47.500555,0.304743,0
S00030,Computer Networks,Network Security,43,2025-02-06T19:36:48.476508,0.382791,0
S00030,DSA,Stack & Queue,44,2025-02-08T02:13:59.470742,0.245933,0
S00030,DSA,Recursion,45,2025-02-08T21:57:55.068307,0.556799,0
S00030,Operating Systems,Synchronization,46,2025-02-09T12:42:53.223472,0.147017,0
S00030,DBMS,Normalization,47,2025-02-10T18:04:50.789346,0.742779,1
S00030,Computer Networks,DNS,48,2025-02-10T22:58:02.622375,0.243337,0
S00030,Operating Systems,File Systems,49,2025-02-12T10:47:28.627921,0.198922,0
S00030,Operating Systems,Synchronization,50,2025-02-12T16:17:36.903709,0.151808,0
S00030,Operating Systems,File Systems,51,2025-02-12T22:34:48.808059,0.229688,0
S00030,DBMS,DBMS Basics,52,2025-02-14T05:45:25.446686,0.633906,0
S00030,Operating Systems,Processes,53,2025-02-14T11:13:27.662411,0.384364,0
S00030,Computer Networks,UDP,54,2025-02-15T01:05:49.971941,0.365415,0
S00030,Computer Networks,DNS,55,2025-02-15T10:43:38.542244,0.246728,0
S00030,Computer Networks,TCP/IP,56,2025-02-16T05:17:02.192217,0.419568,0
S00030,Operating Systems,Processes,57,2025-02-16T22:57:42.369947,0.392086,0
S00030,DBMS,Transactions,58,2025-02-18T09:14:02.880313,0.704427,1
S00030,Computer Networks,DHCP,59,2025-02-19T01:07:59.042425,0.412443,0
S00030,Operating Systems,Memory Management,60,2025-02-20T12:58:45.546334,0.254187,0
